1	المجلد الأول
1	المؤلف والكتاب
1	كلمة الناشر
3	مقدمة المؤلف
11	المقدمة في فضل علم التاريخ وتحقيق مذاهبه والالماع لما يعرض للمؤرخين من المغالط وذكر شيء من أسبابها
16	فصل
44	الكتاب الأول في طبيعة العمران في الخليقة وما يعرض فيها من البدو والحضر والتغلب والكسب والمعاش والصنائع والعلوم ونحوها وما لذلك من العلل والأسباب
52	الباب الأول من الكتاب الأول في العمران البشري على الجملة وفيه مقدمات
52	الأولى في أن الاجتماع الإنساني ضروري
55	المقدمة الثانية في قسط العمران من الأرض والإشارة إلى بعض ما فيه من الأشجار [١] والأنهار والأقاليم
61	تكملة لهذه المقدمة الثانية في أن الربع الشمالي من الأرض أكثر عمرانا من الربع الجنوبي وذكر السبب في ذلك
65	تفصيل الكلام على هذه الجغرافيا
66	الإقليم الأول،
71	الإقليم الثاني:
73	الإقليم الثالث:
80	الإقليم الرابع:
88	الإقليم الخامس:
95	الإقليم السادس.
98	الإقليم السابع:
101	المقدمة الثالثة في المعتدل من الأقاليم والمنحرف وتأثير الهواء في ألوان البشر والكثير في أحوالهم
106	المقدمة الرابعة في أثر الهواء في أخلاق البشر
107	المقدمة الخامسة في اختلاف أحوال العمران في الخصب والجوع وما ينشأ عن ذلك من الآثار في أبدان البشر وأخلاقهم
113	المقدمة السادسة في أصناف المدركين من البشر بالفطرة أو الرياضة ويتقدمه الكلام في الوحي والرؤيا
118	ولنذكر الآن تفسير حقيقة النبوة على ما شرحه كثير من المحققين ثم نذكر حقيقة الكهانة ثم الرؤيا ثم شان العرافين وغير ذلك من مدارك الغيب
120	أصناف النفوس البشرية
121	الوحي
123	الكهانة
126	الرؤيا
129	فصل:
130	فصل:
140	فصل
147	الباب الثاني في العمران البدوي والأمم الوحشية والقبائل وما يعرض في ذلك من الأحوال وفيه فصول وتمهيدات
147	الفصل الأول في أن أجيال البدو والحضر طبيعية
149	الفصل الثاني في أن جيل العرب في الخلقة طبيعي
150	الفصل الثالث في أن البدو أقدم من الحضر وسابق عليه وان البادية أصل العمران والأمصار مدد لها
151	الفصل الرابع في أن أهل البدو أقرب إلى الخير من أهل الحضر
153	الفصل الخامس في أن أهل البدو أقرب إلى الشجاعة من أهل الحضر
155	الفصل السادس في أن معاناة أهل الحضر للأحكام مفسدة للبأس فيهم ذاهبة بالمنعة منهم
157	الفصل السابع في أن سكنى البدو لا تكون إلا للقبائل أهل العصبية
158	الفصل الثامن في أن العصبية إنما تكون من الالتحام بالنسب أو ما في معناه
159	الفصل التاسع في أن الصريح من النسب إنما يوجد للمتوحشين في القفر من العرب ومن في معناهم
161	الفصل العاشر في اختلاط الأنساب كيف يقع
162	الفصل الحادي عشر [١] في أن الرئاسة لا تزال في نصابها المخصوص من أهل العصبية
163	الفصل الثاني عشر في ان الرئاسة على أهل العصبية لا تكون في غير نسبهم
165	الفصل الثالث عشر في أن البيت والشرف بالاصالة والحقيقة لأهل العصبية ويكون لغيرهم بالمجاز والشبه
167	الفصل الرابع عشر في أن البيت والشرف للموالي وأهل الاصطناع إنما هو بمواليهم لا بأنسابهم
168	الفصل الخامس عشر في أن نهاية الحسب في العقب الواحد أربعة اباء
170	الفصل السادس عشر في أن الأمم الوحشية أقدر على التغلب ممن سواها
172	الفصل السابع عشر في ان الغاية التي تجري إليها العصبية هي الملك
173	الفصل الثامن عشر في أن من عوائق الملك حصول الترف وانغماس القبيل في النعيم
174	الفصل التاسع عشر في أن من عوائق الملك المذلة للقبيل والانقياد إلى سواهم
176	الفصل العشرون في أن من علامات الملك التنافس في الخلال الحميدة وبالعكس
179	الفصل الحادي والعشرون في أنه إذا كانت الأمة وحشية كان ملكها أوسع
180	الفصل الثاني والعشرون في أن الملك إذا ذهب عن بعض الشعوب من أمة فلا بد من عوده إلى شعب آخر منها ما دامت لهم العصبية
182	الفصل الثالث والعشرون في أن المغلوب مولع أبدا بالاقتداء بالغالب في شعاره وزيه ونحلته وسائر أحواله وعوائده
183	الفصل الرابع والعشرون في أن الأمة إذا غلبت وصارت في ملك غيرها أسرع إليها الفناء
184	الفصل الخامس والعشرون في أن العرب لا يتغلبون إلا على البسائط
185	الفصل السادس والعشرون في أن العرب إذا تغلبوا على أوطان أسرع إليها الخراب
187	الفصل السابع والعشرون في أن العرب لا يحصل لهم الملك إلا بصبغة دينية من نبوة أو ولاية أو أثر عظيم من الدين على الجملة
187	الفصل الثامن والعشرون في أن العرب أبعد الأمم عن سياسة الملك
189	الفصل التاسع والعشرون في أن البوادي من القبائل والعصائب مغلوبون لأهل الأمصار
191	الباب الثالث من الكتاب الأول في الدول العامة والملك والخلافة والمراتب السلطانية وما يعرض في ذلك كله من الأحوال وفيه قواعد ومتممات
191	الفصل الأول في أن الملك والدولة العامة إنما يحصلان بالقبيل والعصبية
192	الفصل الثاني في أنه إذا استقرت الدولة وتمهدت فقد تستغني عن العصبية
194	الفصل الثالث في أنه قد يحدث لبعض أهل النصاب الملكي دولة تستغني عن العصبية
195	الفصل الرابع في أن الدول العامة الاستيلاء العظيمة الملك أصلها الدين اما من نبوة أو دعوة حق
196	الفصل الخامس في أن الدعوة الدينية تزيد الدولة في أصلها قوة على قوة العصبية التي كانت لها من عددها
197	الفصل السادس في أن الدعوة الدينية من غير عصبية لا تتم
200	الفصل السابع في أن كل دولة لها حصة من الممالك والأوطان لا تزيد عليها
202	الفصل الثامن في أن عظم الدولة واتساع نطاقها وطول أمدها على نسبة القائمين بها في القلة والكثرة
204	الفصل التاسع في ان الأوطان الكثيرة القبائل والعصائب قل ان تستحكم فيها دولة
206	الفصل العاشر في ان من طبيعة الملك الانفراد بالمجد
207	الفصل الحادي عشر في ان من طبيعة الملك الترف
208	الفصل الثاني عشر في ان من طبيعة الملك الدعة والسكون
208	الفصل الثالث عشر في أنه إذا تحكمت طبيعة الملك من الانفراد بالمجد وحصول الترف والدعة أقبلت الدولة على الهرم
211	الفصل الرابع عشر في أن الدولة لها أعمار طبيعية كما للأشخاص
213	الفصل الخامس عشر في انتقال الدولة من البداوة إلى الحضارة
216	الفصل السادس عشر في أن الترف يزيد الدولة في أولها قوة إلى قوتها
217	الفصل السابع عشر في أطوار الدولة واختلاف أحوالها وخلق أهلها باختلاف الأطوار
219	الفصل الثامن عشر في أن آثار الدولة كلها على نسبة قوتها في أصلها
227	الفصل التاسع عشر في استظهار صاحب الدولة على قومه وأهل عصبيته بالموالي والمصطنعين
228	الفصل العشرون في أحوال الموالي والمصطنعين في الدول
230	الفصل الحادي والعشرون فيما يعرض في الدول من حجر السلطان والاستبداد عليه
231	الفصل الثاني والعشرون في ان المتغلبين على السلطان لا يشاركونه في اللقب الخاص بالملك
232	الفصل الثالث والعشرون في حقيقة الملك وأصنافه
234	الفصل الرابع والعشرون في أن إرهاف الحد مضر بالملك ومفسد له في الأكثر
235	الفصل الخامس والعشرون في معنى الخلافة والإمامة
237	الفصل السادس والعشرون في اختلاف الأمة في حكم هذا المنصب وشروطه
244	الفصل السابع والعشرون في مذاهب الشيعة في حكم الإمامة
251	الفصل الثامن والعشرون في انقلاب الخلافة إلى الملك
259	الفصل التاسع والعشرون في معنى البيعة
260	الفصل الثلاثون في ولاية العهد
262	وعرض هنا أمور تدعو الضرورة إلى بيان الحق فيها.
262	فالأول منها ما حدث في يزيد من الفسق أيام خلافته
263	والأمر الثاني هو شأن العهد مع النبي صلى الله عليه وسلم وما تدعيه الشيعة من وصيته لعلي رضي الله عنه
264	والأمر الثالث شأن الحروب الواقعة في الإسلام بين الصحابة والتابعين
270	الفصل الحادي والثلاثون في الخطط الدينية الخلافية
271	فأما إمامة الصلاة
272	وأما الفتيا
273	وأما القضاء
278	العدالة:
278	الحسبة والسكة
280	الفصل الثاني والثلاثون في اللقب بأمير المؤمنين وانه من سمات الخلافة وهو محدث منذ عهد الخلفاء
285	الفصل الثالث والثلاثون في شرح اسم البابا والبطرك في الملة النصرانية واسم الكوهن عند اليهود
290	الفصل الرابع والثلاثون في مراتب الملك والسلطان والقابها
292	الوزارة:
297	الحجابة:
300	ديوان الأعمال والجبايات
303	ديوان الرسائل والكتابة
309	الشرطة:
310	قيادة الأساطيل:
316	الفصل الخامس والثلاثون في التفاوت بين مراتب السيف والقلم في الدول
317	الفصل السادس والثلاثون في شارات الملك والسلطان الخاصة به
317	الآلة:
320	السرير:
320	السكة:
322	مقدار الدرهم والدينار الشرعيين
324	الخاتم
327	الطراز:
328	الفساطيط والسياج
330	المقصورة للصلاة والدعاء في الخطبة
332	الفصل السابع والثلاثون في الحروب ومذاهب الأمم وترتيبها
342	الفصل الثامن والثلاثون في الجباية وسبب قلتها وكثرتها
343	الفصل التاسع والثلاثون في ضرب المكوس أواخر الدولة
344	الفصل الأربعون في أن التجارة من السلطان مضرة بالرعايا ومفسدة للجباية
347	الفصل الحادي والأربعون في أن ثروة السلطان وحاشيته إنما تكون في وسط الدولة
349	فصل:
351	الفصل الثاني والأربعون في أن نقص العطاء من السلطان نقص في الجباية
351	الفصل الثالث والأربعون في أن الظلم مؤذن بخراب العمران
355	فصل:
355	الاحتكار:
356	الفصل الرابع والأربعون في أن الحجاب كيف يقع في الدول وفي أنه يعظم عند الهرم
358	الفصل الخامس والأربعون في انقسام الدولة الواحدة بدولتين
360	الفصل السادس والأربعون في أن الهرم إذا نزل بالدولة لا يرتفع
361	الفصل السابع والأربعون في كيفية طروق الخلل للدولة
365	الفصل الثامن والأربعين فصل في اتساع الدولة أولا إلى نهايته ثم تضايقه طورا بعد طور إلى فناء الدولة واضمحلالها [١]
369	الفصل التاسع والأربعون في حدوث الدولة وتجددها كيف يقع
370	الفصل الخمسون في ان الدولة المستجدة إنما تستولي على الدولة المستقرة بالمطاولة لا بالمناجزة
373	الفصل الحادي والخمسون في وفور العمران اخر الدولة وما يقع فيها من كثرة الموتان والمجاعات
375	الفصل الثاني والخمسون في أن العمران البشري لا بد له من سياسة ينتظم بها أمره
386	الفصل الثالث والخمسون في أمر الفاطمي وما يذهب إليه الناس في شأنه وكشف الغطاء عن ذلك
409	الفصل الرابع والخمسون في ابتداء الدول والأمم وفي الكلام على الملاحم والكشف عن مسمى الجفر
424	الباب الرابع من الكتاب الأول في البلدان والأمصار وسائر العمران وما يعرض في ذلك من الأحوال وفيه سوابق ولواحق
424	الفصل الأول في أن الدول من المدن والأمصار وأنها إنما توجد ثانية عن الملك
426	الفصل الثاني في أن الملك يدعو إلى نزول الأمصار
427	الفصل الثالث في أن المدن العظيمة والهياكل المرتفعة إنما يشيدها الملك الكثير
429	الفصل الرابع في أن الهياكل العظيمة جدا لا تستقل ببنائها الدولة الواحدة
430	الفصل الخامس فيما تجب مراعاته في أوضاع المدن وما يحدث إذا غفل عن المراعاة
433	الفصل السادس في المساجد والبيوت العظيمة في العالم
444	الفصل السابع في أن المدن والأمصار بإفريقية والمغرب قليلة
445	الفصل الثامن في أن المباني والمصانع في الملة الإسلامية قليلة بالنسبة إلى قدرتها وإلى من كان قبلها من الدول
446	الفصل التاسع في أن المباني التي كانت تختطها العرب يسرع إليها الخراب إلا في الأقل
447	الفصل العاشر في مبادي الخراب في الأمصار
448	الفصل الحادي عشر في ان تفاضل الأمصار والمدن في كثرة الرزق لأهلها ونفاق الأسواق إنما هو في تفاضل عمرانها في الكثرة والقلة
451	الفصل الثاني عشر في أسعار المدن
454	الفصل الثالث عشر في قصور أهل البادية عن سكنى المصر الكثير العمران
455	الفصل الرابع عشر في أن الأقطار في اختلاف أحوالها بالرفه والفقر مثل الأمصار
457	الفصل الخامس عشر في تأثل العقار والضياع في الأمصار وحال فوائدها ومستغلاتها
458	الفصل السادس عشر في حاجات المتمولين من أهل الأمصار إلى الجاه والمدافعة
459	الفصل السابع عشر في أن الحضارة في الأمصار من قبل الدول وأنها ترسخ باتصال الدولة ورسوخها
463	الفصل الثامن عشر في أن الحضارة غاية العمران ونهاية لعمره وانها مؤذنة بفساده
467	الفصل التاسع عشر في أن الأمصار التي تكون كراسي للملك تخرب بخراب الدولة وانقراضها
470	الفصل العشرون في اختصاص بعض الأمصار ببعض الصنائع دون بعض
470	الفصل الحادي والعشرون في وجود العصبية في الأمصار وتغلب بعضهم على بعض
472	الفصل الثاني والعشرون في لغات أهل الأمصار
474	الباب الخامس من الكتاب الأول في المعاش ووجوبه من الكسب والصنائع وما يعرض في ذلك كله من الأحوال وفيه مسائل
474	الفصل الأول في حقيقة الرزق والكسب وشرحهما وان الكسب هو قيمة الأعمال البشرية
477	الفصل الثاني في وجوه المعاش وأصنافه ومذاهبه
478	الفصل الثالث في أن الخدمة ليست من الطبيعي
479	الفصل الرابع في ابتغاء الأموال من الدفائن والكنوز ليس بمعاش طبيعي
485	الفصل الخامس في أن الجاه مفيد للمال
486	الفصل السادس في أن السعادة والكسب إنما يحصل غالبا لأهل الخضوع والتملق وان هذا الخلق من أسباب السعادة
490	الفصل السابع في أن القائمين بأمور الدين من القضاء والفتيا والتدريس والإمامة والخطابة والأذان ونحو ذلك لا تعظم ثروتهم في الغالب
491	الفصل الثامن في أن الفلاحة من معاش المتضعين وأهل العافية من البدو
492	الفصل التاسع في معنى التجارة ومذاهبها وأصنافها
493	الفصل العاشر في أي أصناف الناس يحترف بالتجارة وأيهم ينبغي له اجتناب حرفها
494	الفصل الحادي عشر في أن خلق التجار نازلة عن خلق الأشراف والملوك
494	الفصل الثاني عشر في نقل التاجر للسلع
495	الفصل الثالث عشر في الاحتكار
496	الفصل الرابع عشر في أن رخص الأسعار مضر بالمحترفين بالرخص
498	الفصل الخامس عشر في أن خلق التجارة نازلة عن خلق الرؤساء وبعيدة من المروءة
499	الفصل السادس عشر في أن الصنائع لا بد لها من العلم [٢]
500	الفصل السابع عشر في أن الصنائع إنما تكمل بكمال العمران الحضري وكثرته
501	الفصل الثامن عشر في أن رسوخ الصنائع في الأمصار إنما هو برسوخ الحضارة وطول أمده
503	الفصل التاسع عشر في أن الصنائع إنما تستجاد وتكثر إذا كثر طالبها
504	الفصل العشرون في أن الأمصار إذا قاربت الخراب انتقضت منها الصنائع
504	الفصل الحادي والعشرون في أن العرب أبعد الناس عن الصنائع
505	الفصل الثاني والعشرون فيمن حصلت له ملكة في صناعة فقل أن يجيد بعد في ملكة أخرى
506	الفصل الثالث والعشرون في الإشارة إلى أمهات الصنائع
507	الفصل الرابع والعشرون في صناعة الفلاحة
507	الفصل الخامس والعشرون في صناعة البناء
512	الفصل السادس والعشرون في صناعة النجارة
514	الفصل السابع والعشرون في صناعة الحياكة والخياطة
515	الفصل الثامن والعشرون في صناعة التوليد
518	الفصل التاسع والعشرون في صناعة الطب وانها محتاج إليها في الحواضر والأمصار دون البادية
522	الفصل الثلاثون في أن الخط والكتابة من عداد الصنائع الإنسانية
530	الفصل الحادي والثلاثون في صناعة الوراقة
532	الفصل الثاني والثلاثون في صناعة الغناء
539	الفصل الثالث والثلاثون في أن الصنائع تكسب صاحبها عقلا وخصوصا الكتابة والحساب
540	الباب السادس من الكتاب الأول في العلوم وأصنافها والتعليم وطرقه وسائر وجوهه وما يعرض في ذلك كله من الأحوال وفيه مقدمة ولواحق
540	فالمقدمة في الفكر الإنساني،
540	الفصل الأول في أن العلم والتعليم طبيعي في العمران البشري
541	الفصل الثاني في أن التعليم للعلم من جملة الصنائع
546	الفصل الثالث في ان العلوم إنما تكثر حيث يكثر العمران وتعظم الحضارة
547	الفصل الرابع في أصناف العلوم الواقعة في العمران لهذا العهد
549	الفصل الخامس في علوم القرآن من التفسير والقراءات
551	وأما التفسير.
554	الفصل السادس في علوم الحديث
561	الفصل السابع في علم الفقه وما يتبعه من الفرائض
569	الفصل الثامن في علم الفرائض
571	الفصل التاسع في أصول الفقه وما يتعلق به من الجدل والخلافيات
575	وأما الخلافات.
576	وأما الجدال
578	الفصل العاشر في علم الكلام
590	الفصل الحادي عشر في أن عالم الحوادث الفعلية إنما يتم بالفكر
592	الفصل الثاني عشر في العقل التجريبي وكيفية حدوثه [١]
593	الفصل الثالث عشر في علوم البشر وعلوم الملائكة
595	الفصل الرابع عشر في علوم الأنبياء عليهم الصلاة والسلام
597	الفصل الخامس عشر في أن الإنسان جاهل بالذات عالم بالكسب
598	الفصل السادس عشر في كشف الغطاء عن المتشابه من الكتاب والسنة وما حدث لأجل ذلك من طوائف السنية والمبتدعة في الاعتقادات
609	الفصل السابع عشر في علم التصوف
619	تذييل:
623	الفصل الثامن عشر في علم تعبير الرؤيا
627	الفصل التاسع عشر في العلوم العقلية وأصنافها
632	الفصل العشرون في العلوم العددية
633	ومن فروع علم العدد صناعة الحساب.
634	ومن فروعه الجبر والمقابلة.
635	ومن فروعه أيضا المعاملات.
635	ومن فروعه أيضا الفرائض.
637	الفصل الحادي والعشرون في العلوم الهندسية
638	ومن فروع هذا الفن الهندسة المخصوصة بالأشكال الكروية والمخروطات.
638	ومن فروع الهندسة المساحة
638	المناظرة من فروع الهندسة
639	الفصل الثاني والعشرون في علم الهيئة
640	ومن فروعه علم الأزياج [١] .
642	الفصل الثالث والعشرون في علم المنطق
647	الفصل الرابع والعشرون في الطبيعيات
648	الفصل الخامس والعشرون في علم الطب
650	الفصل السادس والعشرون في الفلاحة
651	الفصل السابع والعشرون في علم الإلهيات
653	الفصل الثامن والعشرون في علوم السحر والطلسمات
662	الفصل التاسع والعشرون علم أسرار الحروف
669	الكلام على استخراج نسبة الأوزان وكيفياتها ومقادير المقابل منها وقوة الدرجة المتميزة بالنسبة إلى موضع المعلق من امتزاج طبائع وعلم طب أو صناعة الكيميا
669	الطب الروحاني
669	مطاريح الشعاعات في مواليد الملوك وبنيهم
670	الانفعال الروحاني والانقياد الرباني
672	مقامات المحبة وميل النفوس والمجاهدة والطاعة والعبادة وحب وتعشق وفناء الفناء وتوجه ومراقبة وخلة وأئمة
672	فصل في المقامات للنهاية
673	الوصية والتختم والإيمان والإسلام والتحريم والاهلية
674	كيفية العمل في استخراج أجوبة المسائل من زايرجة العالم بحول الله منقولا عمن لقيناه من القائمين عليها
685	٢ - فصل في الاطلاع على الأسرار الخفية من جهة الارتباطات الحرفية
690	فصل في الاستدلال على ما في الضمائر الخفية بالقوانين الحرفية
693	الفصل الثلاثون في علم الكيمياء
705	الفصل الحادي والثلاثون في إبطال الفلسفة وفساد منتحلها
712	الفصل الثاني والثلاثون في إبطال صناعة النجوم وضعف مداركها وفساد غايتها
717	الفصل الثالث والثلاثون في انكار ثمرة الكيميا واستحالة وجودها وما ينشأ من المفاسد عن انتحالها
725	الفصل الرابع والثلاثون في أن كثرة التآليف في العلوم عائقة عن التحصيل
727	الفصل الخامس والثلاثون في المقاصد التي ينبغي اعتمادها بالتأليف والغاء ما سواها
731	الفصل السادس والثلاثون في أن كثرة الاختصارات المؤلفة في العلوم مخلة بالتعليم
732	الفصل السابع والثلاثون في وجه الصواب في تعليم العلوم وطريق إفادته
736	الفصل الثامن والثلاثون في أن العلوم الإلهية لا توسع فيها الأنظار ولا تفرع المسائل
738	الفصل التاسع والثلاثون في تعليم الولدان واختلاف مذاهب الأمصار الإسلامية في طرقه
741	الفصل الأربعون في أن الشدة على المتعلمين مضرة بهم
742	الفصل الحادي والأربعون في أن الرحلة في طلب العلوم ولقاء المشيخة مزيد كمال في التعلم
743	الفصل الثاني والأربعون في أن العلماء من بين البشر أبعد عن السياسة ومذاهبها
745	الفصل الثالث والأربعون في أن حملة العلم في الإسلام أكثرهم العجم
748	الفصل الرابع والأربعون في أن العجمة إذا سبقت إلى اللسان قصرت بصاحبها في تحصيل العلوم عن أهل اللسان العربي
751	الفصل الخامس والأربعون في علوم اللسان العربي
751	علم النحو
754	علم اللغة
757	علم البيان
761	علم الأدب
762	الفصل السادس والأربعون في أن اللغة ملكة صناعية
764	الفصل السابع والأربعون في أن لغة العرب لهذا العهد مستقلة مغايرة للغة مضر وحمير
768	الفصل الثامن والأربعون في أن لغة أهل الحضر والأمصار لغة قائمة بنفسها للغة مضر
769	الفصل التاسع والأربعون في تعليم اللسان المضري
770	الفصل الخمسون في أن ملكة هذا اللسان غير صناعة العربية ومستغنية عنها في التعليم
773	الفصل الواحد والخمسون في تفسير الذوق في مصطلح أهل البيان وتحقيق معناه وبيان أنه لا يحصل للمستعربين من العجم
776	الفصل الثاني والخمسون في أن أهل الأمصار على الإطلاق قاصرون في تحصيل هذه الملكة اللسانية التي تستفاد بالتعليم ومن كان منهم أبعد عن اللسان العربي كان حصولها له أصعب وأعسر
779	الفصل الثالث والخمسون في انقسام الكلام إلى فني النظم والنثر
781	الفصل الرابع والخمسون في أنه لا تتفق الإجادة في فني المنظوم والمنثور معا إلا للأقل
782	الفصل الخامس والخمسون في صناعة الشعر ووجه تعلمه
792	الفصل السادس والخمسون في أن صناعة النظم والنثر إنما هي في الألفاظ لا في المعاني
794	الفصل السابع والخمسون في أن حصول هذه الملكة بكثرة الحفظ وجودتها بجودة المحفوظ
797	الفصل الثامن والخمسون في بيان المطبوع من الكلام والمصنوع وكيف جودة المصنوع أو قصوره
801	الفصل التاسع والخمسون في ترفع أهل المراتب عن انتحال الشعر
803	الفصل الستون في أشعار العرب وأهل الأمصار لهذا العهد
815	(الموشحات والأزجال للأندلس)
835	الموشحات والأزجال في المشرق
838	خاتمة
839	المجلد الثاني
839	الكتاب الثاني ويشتمل: أخبار العرب وأجيالهم ودولهم منذ مبدإ الخليقة إلى هذا العهد
839	المقدمة الاولى في أمم العالم واختلاف أجيالهم والكلام على الجملة في أنسابهم
849	المقدمة الثانية في كيفية وضع الأنساب في كتابنا لأهل الدول وغيرهم
849	القول في أجيال العرب وأوليتها واختلاف طبقاتهم وتعاقبها وأنساب كل طبقة منها
852	برنامج بما تضمنه الكتاب من الدول في هذه الطبقات الأربع على ترتيبها والدول المعاصرين من العجم في كل طبقة منها
854	الطبقة الاولى من العرب وهم العرب العاربة وذكر نسبهم والإمام بملكهم ودولهم على الجملة
865	الخبر عن إبراهيم أبي الأنبياء عليهم السلام ونسبه إلى فالغ بن عابر وذكر أولاده صلوات الله عليهم وأحوالهم
880	الطبقة الثانية من العرب وهم العرب المستعربة وذكر أنسابهم وأيامهم وملوكهم والإلمام ببعض الدول التي كانت على عهدهم
884	الخبر عن ملوك التبابعة من حمير وأوليتهم باليمن ومصاير أمورهم
896	ملك الحبشة اليمن
898	غزو الحبشة الكعبة
900	قصة سيف بن ذي يزن وملك الفرس على اليمن
904	الخبر عن ملوك بابل من النبط والسريانيين وملوك الموصل ونينوى من الجرامقة
909	الخبر عن القبط وأولية ملكهم ودولهم وتصاريف أحوالهم والإلمام بنسبهم
915	الخبر عن بني إسرائيل وما كان لهم من النبوة والملك وتغلبهم على الأرض المقدسة بالشام وكيف تجددت دولتهم بعد الانقراض وما اكتنف ذلك من الأحوال
924	الخبر عن حكام بني إسرائيل بعد يوشع إلى أن صار أمرهم إلى الملك وملك عليهم طالوت
931	الخبر عن ملوك بني إسرائيل بعد الحكام ثم افتراق أمرهم والخبر عن دولة بني سليمان بن داود على السبطين يهوذا وبنيامين بالقدس إلى انقراضها
937	الخبر عن افتراق بنى إسرائيل منهم ببيت المقدس على سبط يهوذا وبنيامين إلى انقراضه
949	الخبر عن دولة الأسباط العشرة وملوكهم إلى حين انقراض أمرهم
954	الخبر عن عمارة بيت المقدس بعد الخراب الأول وما كان لبني إسرائيل فيها من الملك في الدولتين لبني حشمناي وبني هيردوس إلى حين الخراب الثاني والجلوة الكبرى
964	ابتداء أمر انظفتر [١] أبو هيردوس
972	انقراض ملك بني حشمناي وابتداء ملك هيردوس وبنيه
985	الخبر عن شأن عيسى بن مريم صلوات الله عليه في ولادته وبعثته ورفعه من الأرض والإلمام بشأن الحواريين بعده وكتبهم الأناجيل الأربعة وديانة النصارى بملته واجتماع الاقسة على تدوين شريعته
998	الخبر عن الفرس وذكر أيامهم ودولهم وتسمية ملوكهم وكيف كان مصير أمرهم إلى تمامه وانقراضه
1000	الطبقة الاولى من الفرس وذكر ملوكهم وما صار اليه في الخليقة أحوالهم
1004	الطبقة الثانية من الفرس وهم الكينية وذكر ملوكهم وأيامهم إلى حين انقراضهم
1013	الطبقة الثالثة من الفرس وهم الأشكانية ملوك الطوائف وذكر دولهم ومصاير أمورهم إلى نهايتها
1015	الطبقة الرابعة من الفرس وهم الساسانية والخبر عن ملوكهم الأكاسرة إلى حين الفتح الإسلامي
1033	الخبر عن دولة يونان والروم وأنسابهم ومصايرهم
1035	الخبر عن دولة يونان والإسكندر منهم وما كان لهم من الملك والسلطان إلى انقراض أمرهم
1045	الخبر عن اللطينيين وهم الكيتم المعرفون بالروم من أمم يونان وأشياعهم وشعوبهم وما كان لهم من الملك والغلب وذكر الدولة التي فيهم للقياصرة وأولية ذلك ومصايره
1047	الخبر عن فتنة الكيتم مع أهل إفريقية وتخريب قرطاجنة ثم بناؤها على الكيتم وهم اللطينيون
1048	الخبر عن ملوك القياصرة من الكيتم وهم اللطينيون ومبدإ أمورهم ومصاير أحوالهم
1063	الخبر عن القياصرة المتنصرة من اللطينيين وهم الكيتم واستفعال ملكهم بقسطنطينية ثم بالشام بعدها إلى حين الفتح الإسلامي ثم بعد إلى انقراض أمرهم
1079	الخبر عن ملوك القياصرة من لدن هرقل والدولة الإسلامية إلى حين انقراض أمرهم وتلاشي أحوالهم
1093	الخبر عن القوط وما كان لهم من الملك بالأندلس إلى حين الفتح الإسلامي وأولية ذلك ومصايره
1096	الطبقة الثالثة من العرب وهم العرب التابعة للعرب وذكر افاريقهم وأنسابهم وممالكهم وما كان لهم من الدول على اختلافها والبادية والرحالة منهم وملكها
1102	الخبر عن أنساب العرب من هذه الطبقة الثالثة واحدة واحدة وذكر مواطنهم ومن كان له الملك منهم
1103	الخبر عن حمير من القحطانية وبطونها وتفرع شعوبها
1107	الخبر عن قضاعة وبطونها والإلمام ببعض الملك الذي كان فيها
1111	الخبر عن بطون كهلان من القحطانية وشعوبهم واتصال بعضها مع بعض وانقضائها
1118	الخبر عن ملوك الحيرة من آل المنذر من هذه الطبقة وكيف انساق الملك اليهم ممن قبلهم وكيف صار إلى طيئ من بعدهم
1134	ملوك كندة الخبر عن ملوك كندة من هذه الطبقة ومبدإ أمرهم وتصاريف أحوالهم
1139	الخبر عن أبناء جفنة ملوك غسان بالشام من هذه الطبقة وأوليتهم ودولهم وكيف انساق الملك اليهم ممن قبلهم
1145	الخبر عن الأوس والخزرج أبناء قيلة من هذه الطبقة ملوك يثرب دار الهجرة وذكر أوليتهم والإلمام بشأن نصرتهم وكيف انقراض أمرهم
1157	الخبر عن بني عدنان وأنسابهم وشعوبهم وما كان لهم من الدول والملك في الإسلام وأولية ذلك ومصايره
1192	الخبر عن قريش من هذه الطبقة وملكهم بمكة وأولية أمرهم وكيف صار الملك اليهم فيها ممن قبلهم من الأمم السابقة
1201	أمر النبوة والهجرة في هذه الطبقة الثالثة وما كان من اجتماع العرب على الإسلام بعد الاباية والحرب
1204	المولد الكريم وبدء الوحي
1206	بدء الوحي
1209	هجرة الحبشة
1215	العقبة الثانية
1218	الهجرة
1221	الغزوات
1221	الأبواء:
1221	بواط:
1222	البعوث:
1223	غزوة بدر الثانية:
1227	غزوة الكدر:
1228	غزوة السويق:
1228	ذي أمر:
1228	نجران:
1228	قتل كعب بن الأشرف:
1229	غزوة بني قينقاع:
1230	سرية زيد بن حارثة إلى قردة:
1230	قتل ابن أبي الحقيق:
1231	غزوة أحد
1234	غزوة حمراء الأسد:
1234	بعث الرجيع:
1235	غزوة بئر معونة:
1236	غزوة بني النضير:
1237	غزوة ذات الرقاع:
1237	غزوة بدر الصغرى الموعد:
1237	غزوة دومة الجندل:
1237	غزوة الخندق
1240	غزوة بني قريظة
1242	غزوة الغابة وذي قرد
1242	غزاة بني المصطلق:
1244	عمرة الحديبية
1246	إرسال الرسل إلى الملوك
1250	غزوة خيبر
1252	فتح فدك ووادي القرى
1252	عمرة القضاء
1252	غزوة جيش الأمراء
1254	فتح مكة
1259	غزوة حنين
1262	حصار الطائف وغزوة تبوك
1266	إسلام عروة بن مسعود ثم وفد ثقيف وهدم اللات
1267	الوفود
1276	حجة الوداع
1278	العمال على النواحي
1279	خبر العنسي
1280	بعث أسامة:
1281	أخبار الأسود ومسيلمة وطليحة:
1281	مرضه صلى الله وسلم عليه:
1284	خبر السقيفة
1286	الخلافة الإسلامية
1286	الخبر عن الخلافة الإسلامية في هذه الطبقة وما كان فيها من الردة والفتوحات وما حدث بعد ذلك من الفتن والحروب في الإسلام ثم الاتفاق والجماعة
1291	بعث الجيوش للمرتدين
1293	خبر طليحة
1294	خبر هوازن وسليم وبني عامر
1295	خبر بني تميم وسجاح
1297	البطاح ومالك بن نويرة
1298	خبر مسيلمة واليمامة
1301	رده الحطم وأهل البحرين
1303	ردة أهل عمان ومهرة واليمن [٢]
1304	بعوث العراق وصلح الحيرة
1307	فتح الحيرة
1307	فتح ما وراء الحيرة
1308	فتح الأنبار وعين التمر وتسمى هذه الغزوة ذات العيون
1310	الوقائع بالعراق
1311	بعوث الشام
1313	بعوث الشام
1314	خلافة عمر رضي الله عنه
1315	فتح دمشق
1316	خبر المثنى بالعراق بعد مسير خالد إلى الشام
1317	ولاية أبي عبيد بن مسعود على العراق ومقتله
1321	أخبار القادسية
1333	فتح المدائن وجلولاء بعدها
1337	ولاية عتبة بن غزوان على البصرة
1338	وقعة مرج الروم وفتوح مدائن الشام بعدها
1340	وقعة أجنادين وفتح بيسان والأردن وبيت المقدس
1342	مسير هرقل إلى حمص وفتح الجزيرة وارمينية
1345	غزو فارس من البحرين وعزل العلاء عن البصرة ثم المغيرة وولاية أبي موسى
1346	بناء البصرة والكوفة
1347	فتح الأهواز والسوس بعدهما
1350	مسير المسلمين إلى الجهات للفتح
1350	مجاعة عام الرمادة وطاعون عمواس
1351	فتح مصر
1353	وقعة نهاوند وما كان بعدها من الفتوحات
1356	فتح همذان
1357	فتح الري
1358	فتح أذربيجان
1358	فتح الباب
1359	فتح موقان وجبال ارمينية
1359	غزو الترك
1360	فتح خراسان
1362	فتوح فارس
1362	إصطخر:
1363	بسا ودرابجرد:
1363	كرمان:
1363	سجستان:
1364	مكران:
1364	خبر الأكراد
1365	مقتل عمر وأمر الشورى وبيعة عثمان رضي الله عنه
1368	نقض أهل الاسكندرية وفتحها
1368	ولاية الوليد بن عقبة الكوفة وصلح أرمينية وأذربيجان
1370	ولاية عبد الله بن أبي سرح على مصر وفتح افريقية
1372	فتح قبرص
1374	ولاية ابن عامر على البصرة وفتوح فارس وخراسان
1378	ولاية سعيد بن العاص الكوفة
1379	غزو طبرستان
1380	غزو حذيفة الباب وأمر المصاحف
1380	مقتل يزدجرد
1382	ظهور الترك بالثغور
1383	بدء الانتقاض على عثمان رضي الله عنه
1390	حصار عثمان ومقتله رضي الله عنه وأتابه ورفع درجته
1399	بيعة علي رضي الله عنه
1403	أمر الجمل
1419	انتقاض محمد بن أبي حذيفة بمصر ومقتله
1420	ولاية قيس بن سعد على مصر
1422	مبايعة عمرو بن العاص لمعاوية
1422	أمر صفين
1432	أمر الحكمين
1434	أمر الخوارج وقتالهم
1438	ولاية عمرو بن العاص مصر
1440	دعاء ابن الحضرمي بالبصرة لمعاوية ومقتله
1441	ولاية زياد على فارس
1441	فراق ابن عباس لعلي رضي الله عنهم
1442	مقتل علي
1445	بيعة الحسن وتسليمه الأمر لمعاوية
1449	المجلد الثالث
1449	تتمة الكتاب الثاني ...
1449	تتمة القول في أجيال العرب ...
1449	تتمة الطبقة الثالثة من العرب ...
1449	الخبر عن الدول الإسلامية ونبدأ منها بدولة بني أمية معقبة لخلفاء صدر الإسلام وذكر أوليتهم وأخبار دولهم واحدة واحدة إلى انقضائها
1451	بعث معاوية العمال إلى الأمصار
1453	قدوم زياد
1453	عمال ابن عامر على الثغور
1454	عزل ابن عامر
1455	استخلاف زياد
1456	ولاية زياد البصرة
1457	صوائف الشام
1458	وفاة المغيرة
1463	وفاة زياد
1464	ولاية عبيد الله بن زياد على خراسان ثم على البصرة
1465	العهد ليزيد
1467	عزل الضحاك عن الكوفة وولاية ابن أم الحكم ثم النعمان بن بشير
1468	ولاية عبد الرحمن بن زياد خراسان
1468	بقية الصوائف
1469	وفاة معاوية
1470	بيعة يزيد
1472	عزل الوليد عن المدينة وولاية عمر بن سعيد
1473	مسير الحسين إلى الكوفة ومقتله
1476	مسيرة المختار إلى الكوفة وأخذها من ابن المطيع بعد وقعة كربلاء
1478	مسيرة ابن زياد إلى المختار وخلافة أهل الكوفة عليه
1481	شأن المختار مع ابن الزبير
1483	مقتل ابن زياد
1485	مسير مصعب إلى المختار وقتله إياه
1487	خلاف عمر بن سعيد الأشرف ومقتله
1489	مسير عبد الملك إلى العراق ومقتل مصعب
1492	أمر زفر بن الحرث بقرقيسياء
1493	مقتل ابن حازم بخراسان وولاية بكير بن وشاح عليها
1498	ولاية المهلب حرب الازارقة
1498	ولاية أسد بن عبد الله على خراسان
1499	ولاية الحجاج العراق
1500	وقوع أهل البصرة بالحجاج
1501	مقتل ابن مخنف وحرب الخوارج
1502	ضرب السكة الإسلامية
1503	مقتل بكير بن وشاح [١] بخراسان
1504	مقتل بجير بن زياد
1504	ولاية الحجاج على خراسان وسجستان
1506	أخبار ابن الأشعث ومقتله
1513	بناء الحجاج مدينة واسط
1513	عزل يزيد عن خراسان
1514	مقتل موسى بن حازم
1517	البيعة للوليد بالعهد
1518	وفاة عبد الملك وبيعة الوليد
1519	ولاية قتيبة بن مسلم خراسان وأخباره
1520	عمارة المسجد
1521	فتح السند
1522	فتح الطالقان وسمرقند وغزو كش ونسف والشاش وفرغانة وصلح خوارزم
1526	خبر يزيد بن المهلب واخوته
1527	ولاية خالد القسري على مكة وإخراج سعيد بن جبير عنها ومقتله
1528	وفاة الحجاج
1528	أخبار محمد بن القاسم بالسند
1530	فتح مدينة كاشغر
1531	وفاة الوليد وبيعة سليمان
1531	مقتل قتيبة بن مسلم
1533	ولاية يزيد بن المهلب خراسان
1533	أخبار الصوائف [١] وحصار قسطنطينية
1536	فتح جرجان وطبرستان
1538	وفاة سليمان وبيعة عمر بن عبد العزيز
1539	عزل يزيد بن المهلب وحبسه والولاية على عماله
1540	ولاية عبد الرحمن بن نعيم القشيري على خراسان
1541	وفاة عمر بن عبد العزيز وبيعة يزيد
1541	احتيال يزيد بن المهلب مقتله
1545	ولاية مسلمة على العراق وخراسان
1546	العهد لهشام بن عبد الملك والوليد بن يزيد
1546	غزوة الترك
1547	غزو الصغد
1548	ولاية ابن هبيرة على العراق وخراسان
1550	ولاية الجراح على أرمينية وفتح بلنجر
1550	ولاية عبد الواحد القسري على المدينة ومكة
1551	عزل الحريشي وولاية مسلم الكلبي على خراسان
1551	وفاة يزيد وبيعة هشام
1552	غزو مسلم الترك
1553	ولاية أسد القسري على خراسان
1553	ولاية أشرس على العراق
1554	عزل أشرس
1555	عزل أشرس عن خراسان وولاية الجنيد
1556	مقتل الجراح الحكمي
1557	وقعة الشعب بين الجنيد وخاقان
1559	ولاية عاصم على خراسان وعزل الجنيد
1559	ولاية مروان بن محمد على أرمينية وأذربيجان
1560	خلع الحرث بن شريح [١] بخراسان
1561	ولاية أسد القسري الثانية بخراسان
1562	مقتل خاقان
1565	وفاة أسد
1565	ولاية يوسف بن عمر الثقفي على العراق وعزل خالد
1566	ولاية نصر بن سيار خراسان وغزوة وصلح الصغد
1567	ظهور زيد بن على ومقتله
1570	ظهور أبي مسلم بالدعوة العباسية
1574	وفاة هشام بن عبد الملك وبيعة الوليد بن يزيد
1574	ولاية نصر للوليد على خراسان
1575	مقتل يحيى بن زياد
1575	مقتل خالد بن عبد الله القسري
1577	مقتل الوليد وبيعة يزيد
1581	ولاية منصور بن جمهور على العراق ثم ولاية عبد الله بن عمر
1582	انتقاض أهل اليمامة
1583	اختلاف أهل خراسان
1584	أمان الحرث بن شريح وخروجه من دار الحرث
1584	انتقاض مروان لما قتل الوليد
1585	وفاة يزيد وبيعة أخيه إبراهيم
1585	مسير مروان إلى الشام
1586	انتقاض الناس على مروان
1588	ظهور عبد الله بن معاوية
1589	غلبة الكرماني على مرو وقتله الحرث بن شريح
1591	ظهور الدعوة العباسية بخراسان
1593	مقتل الكرماني
1595	اجتماع أهل خراسان على قتل أبي مسلم
1596	مقتل عبد الله بن معاوية
1600	مسير قحطبة للفتح
1601	هلاك نصر بن سيار
1602	استيلاء قحطبة على الري
1602	استيلاء قحطبة على أصبهان ومقتل ابن ضبارة وفتح نهاوند وشهرزور
1603	حرب سفاح بن هبيرة مع قحطبة ومقتلهما وفتح الكوفة
1605	بيعة السفاح
1607	مقتل إبراهيم بن الامام
1608	هزيمة مروان بالزاب ومقتله بمصر
1611	بقية الصوائف في الدولة الاموية
1614	عمال بني أمية على النواحي
1623	الخبر عن الخوارج وذكر أوليتهم وتكرر خروجهم في الملة الإسلامية
1631	خبر ابن الحر ومقتله
1633	حروب الخوارج مع عبد الملك والحجاج
1635	حروب الصفرية وشبيب مع الحجاج
1645	خروج المطرف والمغيرة بن شعبة
1646	اختلاف الازارقة
1648	خروج سودب
1655	خبر أبى حمزة وطالب وإسحق
1659	الدولة الإسلامية بعد افتراق الخلافة
1659	مبدأ دولة الشيعة
1662	الخبر عن بني العباس من دول الإسلام في هذه الطبقة الثالثة للعرب وأولية أمرهم وإنشاء دولتهم والإلمام بنكت أخبارهم وعيون أحاديثهم
1663	دولة السفاح
1665	حصار ابن هبيرة بواسط ومقتله
1667	مقتل أبي مسلمة بن الخلال وسليمان بن كثير
1667	عمال السفاح
1669	الثوار بالنواحى
1671	حج أبي جعفر وأبي مسلم
1672	موت السفاح وبيعة المنصور
1672	انتقاض عبد الله بن علي وهزيمته
1674	ذكر قتل أبي مسلم الخراساني
1678	حبس عبد الله بن علي
1678	وقعة الراوندية
1679	انتقاض خراسان ومسير المهدي إليها
1680	أمر بني العباس
1684	ظهور محمد المهدي ومقتله
1689	شأن إبراهيم بن عبد الله وظهوره ومقتله
1692	بناء مدينة بغداد
1693	العهد للمهدي وخلع عيسى بن موسى
1694	خروج استادسيس [١]
1694	ولاية هشام بن عمر الثعلبي على السند
1695	بناء الرصافة للمهدي
1696	مقتل معن بن زائدة
1696	العمال على النواحي أيام السفاح والمنصور
1700	الصوائف
1701	وفاة المنصور وبيعة المهدي
1704	ظهور المقنع ومهلكه
1705	الولاة أيام المهدي
1706	العهد للهادي وخلع عيسى
1707	فتح باربد من السند
1707	حج المهدي
1708	نكبة الوزير أبي عبد الله
1709	ظهور دعوة العباسية بالأندلس وانقطاعها
1709	غزو المهدي
1710	العهد لهارون
1710	نكبة الوزير يعقوب بن داود
1711	مسير الهادي إلى جرجان
1711	العمال بالنواحي
1712	الصوائف
1713	وفاة المهدي وبيعة الهادي
1714	ظهور الحسين المقتول بفتح [٣]
1716	حديث الهادي في خلع الرشيد
1717	وفاة الهادي وبيعة الرشيد
1719	خبر يحيى بن عبد الله في الديلم
1719	ولاية جعفر بن يحيى مصر
1720	الفتنة بدمشق
1721	فتنة الموصل ومصر
1724	إيداع كتاب العهد
1724	أخبار البرامكة ونكبتهم
1727	الصوائف وفتوحاتها
1730	الولاية على النواحي
1732	خلع رافع بن الليث بما وراء النهر
1733	وفاة الرشيد وبيعة الأمين
1735	أخبار رافع وملوك الروم
1736	الفتنة بين الأمين والمأمون
1737	خروج ابن ماهان لحرب طاهر ومقتله
1738	مسير ابن جبلة إلى طاهر ومقتله
1739	بيعة المأمون
1739	ظهور السفياني
1740	مسير الجيوش إلى طاهر ورجوعهم بلا قتال
1741	أمر عبد الملك بن صالح وموته
1741	خلع الأمين وإعادته
1742	استيلاء طاهر على البلاد
1743	بيعة الحجاز للمأمون
1743	حصار بغداد واستيلاء طاهر عليها ومقتل الأمين
1748	ظهور ابن طباطبا العلوي
1750	بيعة محمد بن جعفر بمكة
1751	مقتل هرثمة
1752	انتقاض بغداد على الحسن بن سهل
1754	أمر المطوعة
1755	العهد لعلي الرضا والبيعة لإبراهيم بن مهدي
1757	قدوم المأمون إلى العراق
1759	ولاية طاهر على خراسان ووفاته
1760	ولاية عبد الله بن طاهر الرقة ومصر ومحاربته نصر بن شيث
1761	الظفر بابن عائشة وبإبراهيم بن المهدي
1762	انتقاض مصر والاسكندرية
1762	العمال بالنواحي
1764	الصوائف
1765	وفاة المأمون وبيعة المعتصم
1766	ظهور صاحب الطالقان
1766	حرب الزط
1766	بناء سامرا
1767	نكبة الفضل بن مروان
1772	فتح عمورية
1775	حبس العباس بن المأمون ومهلكه
1776	انتقاض مازيار وقتله
1779	ولاية ابن السيد على الموصل
1779	نكبة الأفشين ومقتله
1782	ظهور المبرقع
1782	وفاة المعتصم وبيعة الواثق
1783	وقعة بغا في الاعراب
1784	مقتل أحمد بن نصر
1785	الفداء والصائفة
1785	وفاة الواثق وبيعة المتوكل
1786	نكبة الوزير ابن الزيات ومهلكه
1787	نكبة اتياخ ومقتله
1787	شأن ابن البغيث [٢]
1788	بيعة العهد
1789	ملك محمد بن إبراهيم
1789	انتقاض أهل أرمينية
1790	عزل ابن أبي دؤاد وولاية ابن أكثم
1791	انتقاض أهل حمص [١]
1791	اغارة البجاة على مصر
1792	الصوائف
1793	الولاية في النواحي
1794	مقتل المتوكل وبيعة المنتصر ابنه
1796	الخبر عن الخلفاء من بني العباس أيام الفتنة وتغلب الأولياء وتضايق نطاق الدولة باستبداد الولاة في النواحي من لدن المنتصر إلى أيام المستكفي
1798	دولة المنتصر
1798	وفاة المنتصر وبيعة المستعين
1800	فتنة بغداد وسامرا
1800	مقتل أتامش
1801	ظهور يحيى بن عمر ومقتله
1802	ابتداء الدولة العلوية بطبرستان
1803	مقتل باغر
1804	بيعة المعتز وحصار المستعين
1808	خلع المستعين ومقتله والفتن خلال ذلك
1809	أخبار مساور الخارجي
1811	مقتل وصيف ثم بغا
1812	ابتداء دولة الصفار
1813	ابتداء دولة ابن طولون بمصر
1814	استقدام سليمان بن طاهر لولاية بغداد
1815	خبر كرخ أصبهان وأبي دلف
1815	خلع المعتز وموته وبيعة المهتدي
1817	مسير موسى بن بغا إلى سامرا ومقتل صالح بن وصيف
1819	الصوائف منذ ولاية المنتصر إلى آخر أيام المهتدي
1821	أخبار صاحب الزنج وابتداء فتنته
1824	خلع المهتدي وقتله وبيعة المعتمد
1826	ظهور العلوية بمصر والكوفة
1827	بقية أخبار الزنج
1827	مسير المولد لحربهم
1828	مقتل منصور الخياط
1828	مسير الموفق لحرب الزنج
1829	مقتل البحراني قائد الزنج
1829	مسير ابن بغا لحرب الزنج
1830	استيلاء الصفار على فارس وطبرستان
1831	استيلاء الصفار على خراسان وانقراض أمر بنى طاهر منها ثم استيلاؤه على طبرستان
1832	استيلاء الحسن بن زيد على جرجان
1832	فتنة الموصل
1833	حروب ابن واصل بفارس
1834	مبدأ دولة بني سامان وراء النهر
1835	مسير الموفق إلى البصرة لحرب الزنج وولاية العهد
1835	وقعة الصفار والموفق
1836	سياقة أخبار الزنج
1839	استيلاء الصفار على الأهواز
1840	استيلاء الزنج على واسط
1841	استيلاء ابن طولون على الشام
1842	موت يعقوب الصفار وولاية عمر وأخيه
1843	أخبار الزنج مع أغرتمش
1844	استرجاع ابن الموفق ما غلب عليه الزنج من أعمال دجلة
1845	وصول الموفق لحرب الزنج وفتح المنيعة والمنصورة
1846	حصار مدينة الخبيث المختارة وفتحها
1852	استيلاء الموفق على الجهة الغربية
1853	استيلاء الموفق على الجهة الشرقية
1853	مقتل صاحب الزنج
1855	ولاية ابن كنداج على الموصل
1855	حروب الخوارج بالموصل
1856	أخبار رافع بن هرثمة من بعد الخجستاني
1857	مغاضبة المعتمد للموفق ومسيرة ابن طولون وما نشأ من الفتنة لأجل ذلك
1858	وفاة ابن طولون ومسير ابن كنداج إلى الشام
1859	وفاة صاحب طبرستان وولاية أخيه
1860	فتنة ابن كنداج وابن أبي الساج وابن طولون
1861	أخبار عمرو بن الليث
1862	مسير الموفق إلى أصبهان والجبل
1863	قبض الموفق على ابنه أبي العباس المعتضد ثم وفاته وقيام ابنه أبي العباس بالأمر بعده
1864	ابتداء أمر القرامطة
1865	فتنة طرسوس
1865	فتنة أهل الموصل مع الخوارج
1866	الصوائف أيام المعتمد
1868	الولايات بالنواحي أيام المعتز
1877	وفاة المعتمد وبيعة المعتضد
1877	مقتل رافع بن الليث [١]
1878	خبر الخوارج بالموصل
1878	إيقاع المعتضد ببني شيبان واستيلاؤه على ماردين
1879	الولاية على الجبل وأصبهان
1879	عود حمدان إلى الطاعة
1879	هزيمة هارون الشاري ومهلكه
1881	خبر ابن الشيخ بآمد
1881	خبر ابن أبي الساج
1882	ابتداء أمر القرامطة بالبحرين والشام
1883	استيلاء ابن ماسان على خراسان من يد عمرو بن الليث وأسره ثم مقتله
1884	استيلاء ابن سامان على طبرستان من يد العلوي ومقتله
1884	ولاية علي بن المعتضد على الجزيرة والثغور
1885	حرب الأعراب
1885	تغلب ابن الليث على فارس وإخراج بدر إياه
1886	الولايات في النواحي
1886	الصوائف
1887	وفاة المعتضد وبيعة ابنه
1887	استيلاء محمد بن هارون على الري ثم أسره وقتله
1888	استيلاء المكتفي على مصر وانقراض دولة ابن طولون
1889	ابتداء دولة بني حمدان
1890	أخبار ابن الليث بفارس
1890	الصوائف
1891	الولايات بالنواحي
1891	وفاة المكتفي وبيعة المقتدر
1892	خلع المقتدر بابن المعتز وإعادته
1894	ابتداء دولة العبيديين من الشيعة بإفريقية
1897	وفاة الحبيب وايصاؤه لابنه عبيد الله
1899	بيعة المهدي بسجلماسة
1900	أخبار ابن الليث بفارس
1902	قيام أهل صقلية بدعوة المقتدر ثم رجوعهم إلى طاعة المهدي
1902	ولاية العهد
1902	ظهور الأطروش وملكه خراسان
1904	غلب المهدي على الاسكندرية ومسير مؤنس إلى مصر
1904	انتقاض الحسين على ابن حمدان بديار ربيعة وأسره
1904	وزارة ابن الفرات الثانية
1905	خبر ابن أبي الساج بأذربيجان
1906	خبر سجستان وكرمان
1907	وزارة حامد بن العباس
1908	وصول ابن المهدي وهو أبو القاسم إلى ابنه
1908	بقية خبر ابن أبي الساج
1909	بقية الخبر عن وزراء المقتدر
1914	أخبار القرامطة في البصرة والكوفة
1917	استيلاء القرامطة على مكة وقلعهم الحجر الأسود
1917	خلع المقتدر وعوده
1920	أخبار قواد الديلم وتغلبهم على أعمال الخليفة
1923	ابتداء حال أبي عبد الله البريدي
1923	الصوائف أيام المقتدر
1926	الولايات على النواحي أيام المقتدر
1930	استيحاش مؤنس من المقتدر الثانية ومسيره إلى الموصل
1931	مقتل المقتدر وبيعة القاهر
1932	خبر ابن المقتدر وأصحابه
1932	مقتل مؤنس وبليق وابنه
1935	ابتداء دولة بني بويه
1937	خلع القاهر وبيعة الراضي
1939	مقتل هارون
1939	نكبة ابن ياقوت
1940	خبر البريدي
1940	مقتل ياقوت
1942	مسير ابن مقلة إلى الموصل واستقرارها لابن حمدان
1942	نكبة ابن مقلة وخبر الوزارة
1943	استيلاء ابن رائق على الخليفة
1944	وصول يحكم مع ابن رائق
1945	مسير الراضي وابن رائق لحرب ابن البريدي
1946	استيلاء يحكم [١] على الأهواز
1947	استيلاء معز الدولة على الأهواز
1948	وزارة ابن مقلة ونكبته
1949	استيلاء يحكم على بغداد
1949	دخول آذربيجان في طاعة وشمكير
1950	ظهور ابن رائق ومسيره إلى الشام
1950	وزارة ابن البريدي
1951	مسير ركن الدولة إلى واسط ورجوعه عنها
1951	مسير يحكم إلى بلد الجبل وعوده إلى واسط واستيلاؤه عليها
1952	استيلاء ابن رائق على الشام
1952	الصوائف أيام الراضي
1952	الولايات أيام الراضي والقاهر قبله
1953	وفاة الراضي وبيعة المتقي
1954	مقتل يحكم
1954	امارة البريدي ببغداد وعوده إلى واسط
1955	امارة كورتكين الديلمي
1955	عود ابن رائق إلى بغداد
1956	وزارة ابن البريدي واستيلاؤه على بغداد وفرار المتقي إلى الموصل
1957	مقتل ابن رائق وولاية ابن حمدان مكانه
1957	عود المتقي إلى بغداد وفرار البريدي
1958	استيلاء الديلم على أذربيجان
1959	خبر سيف الدولة بواسط
1960	امارة تورون ثم وحشته مع المتقي
1960	مسير المتقي إلى الموصل
1961	مسير ابن بويه إلى واسط وعوده عنها ثم استيلاؤه عليها
1962	قتل ابن البريدي أخاه ثم وفاته
1963	الصوائف أيام المتقي
1964	الولايات أيام المتقى
1964	خلع المتقي وولاية المستكفي
1965	وفاة توزون وامارة ابن شيرزاد
1965	استيلاء معز الدولة بن بويه على بغداد واندراج أحكام الخلافة في سلطانهم
1966	الخبر عن الخلفاء من بني العباس المغلبين لدولة بني بويه من السلجوقية من بعدهم من لدن المستكفي إلى المتقي وما لهم من الأحوال الخاصة بهم ببغداد ونواحيها
1967	خلع المستكفي وبيعة المطيع
1968	انقلاب حال الدولة بما تجدد في الجباية والأقطاع
1968	دولة بني حمدان مسير ابن حمدان إلى بغداد
1969	استيلاء معز الدولة على البصرة
1970	ابتداء أمر بني شاهين بالبطيحة
1971	موت الصهيري ووزارة المهلبي
1971	حصار البصرة
1971	استيلاء معز الدولة على الموصل وعوده
1972	بناء معز الدولة ببغداد
1972	ظهور الكتابة على المساجد
1973	استيلاء معز الدولة على عمان وحصاره البطائح
1973	وفاة الوزير المهلبي
1973	وفاة معز الدولة وولاية ابنه بختيار
1974	عزل أبي الفضل ووزارة ابن بقية
1975	الفتنة بين بختيار وسبكتكين والأتراك
1976	خلع المطيع وولاية الطائع
1976	الصوائف
1976	فتنة سبكتكين وموته وامارة افتكين [١]
1977	نكبة بختيار على يد عضد الدولة ثم عوده إلى ملكه
1978	خبر افتكين
1979	ملك عضد الدولة بغداد وقتل بختيار
1980	استيلاء عضد الدولة على ملك بني حمدان
1981	وفاة عضد الدولة وولاية ابنه صمصام الدولة
1981	نكبة صمصام الدولة وولاية أخيه شرف الدولة
1982	ابتداء دولة باد وبني مروان بالموصل
1983	وفاة شرف الدولة وملك بهاء الدولة
1985	خروج القادر إلى البطيحة
1985	فتنة صمصام الدولة
1985	خلع الطائع وبيعة القادر
1986	ملك صمصام الدولة الأهواز وعودها لبهاء الدولة ثم استيلاؤه ثانيا عليها
1987	ملك صمصام الدولة البصرة
1988	مقتل صمصام الدولة
1989	استيلاء بهاء الدولة على فارس
1989	الخبر عن وزراء بهاء الدولة
1990	ولاية العراق
1990	انقراض دول وابتداء أخرى في النواحي
1991	ظهور بني مزيد
1992	فتنة بني مزيد وبني دبيس
1992	ظهور دعوة العلوية بالكوفة والموصل
1992	وفاة عميد الجيوش وولاية فخر الملك
1993	مقتل فخر الملك وولاية ابن سهلان
1993	الفتنة بين سلطان الدولة وأخيه أبي الفوارس
1994	خروج الترك من الصين
1994	ملك مشرف الدولة وغلبه على سلطان الدولة
1995	الخبر عن وحشة الأكراد وفتنة الكوفة
1996	وفاة مشرف الدولة وولاية أخيه جلال الدولة
1996	قدوم جلال الدولة إلى بغداد
1997	مسير جلال الدولة إلى الأهواز
1998	استيلاء جلال الدولة على البصرة ثانيا وانتزاعها منه
1999	وفاة القادر ونصب القائم
1999	وثوب الجند بجلال الدولة وخروجه من بغداد
2001	الصلح بين جلال الدولة وأبي كاليجار
2001	استيلاء أبي كاليجار على البصرة
2002	شغب الأتراك على جلال الدولة
2002	ابتداء دولة السلجوقية
2005	فتنة قرواش مع جلال الدولة
2005	وفاة جلال الدولة وملك أبي كاليجار
2006	وفاة أبي كاليجار وملك ابنه الملك الرحيم
2007	مسير الملك الرحيم إلى فارس
2008	مهادنة طغرلبك للقائم
2008	استيلاء الملك الرحيم على البصرة من يد أخيه
2009	فتنة ابن أبي الشوك ثم طاعته
2010	فتنة الأتراك
2010	استيلاء طغرلبك على أذربيجان وعلى أرمينية والموصل
2011	وحشة البساسيري
2011	وصول الغز إلى الدسكرة ونواحي بغداد
2011	استيلاء الملك الرحيم على شيراز
2012	وثوب الأتراك ببغداد بالبساسيري
2012	استيلاء السلطان طغرلبك على بغداد والخلعة والخطبة له
2013	القبض على الملك الرحيم وانقراض دولة بني بويه
2014	انتقاض أبي الغنائم بواسط
2015	الوقعة بين البساسيري وقطلمش
2015	مسير طغرلبك إلى الموصل
2017	فتنة ينال مع أخيه طغرلبك ومقتله
2018	دخول البساسيري بغداد وخلع القائم ثم عوده
2020	مقتل البساسيري
2021	مسير السلطان إلى واسط وطاعة دبيس
2021	وزارة القائم
2022	عقد طغرلبك على ابنه الخليفة
2023	وفاة السلطان طغرلبك وملك ابن أخيه داود
2024	فتنة قطلمش والجهاد بعدها
2025	العهد بالسلطنة لملكشاه بن ألب ارسلان
2026	وزراء الخليفة
2026	الخطبة بمكة
2026	طاعة دبيس ومسلم بن قريش
2026	الخطبة العباسية بحلب واستيلاء السلطان عليها
2027	واقعة السلطان مع ملك الروم وأسره
2028	شحنة بغداد
2028	مقتل السلطان ألب أرسلان وملك ابنه ملك شاه
2029	وفاة القائم ونصب المقتدي للخلافة
2030	عزل الوزير ابن جهير ووزارة أبي شجاع
2030	استيلاء تتش بن ألب أرسلان على دمشق وابتداء دولته ودولة نفيه فيها
2032	سفارة الشيخ أبى إسحاق الشيرازي عن الخليفة
2032	عزل ابن جهير عن الوزارة وإمارته على ديار بكر
2033	خبر الوزارة
2034	استيلاء السلطان على حلب
2035	فتنة بغداد
2036	مقتل نظام الملك وأخباره
2036	وفاة السلطان ملك شاه وملك ابنه محمود
2037	ثورة بركيارق بملك شاه
2038	مقتل تاج الملك
2038	الخطبة لبركيارق ببغداد
2038	وفاة المقتدي ونصب المستظهر للخلافة
2039	أخبار تتش وانتقاضه وحروبه ومقتله
2040	ظهور السلطان ملك شاه والخطبة له ببغداد
2041	اعادة الخطبة لبركيارق
2042	المصاف الأول بين بركيارق ومحمد وقتل كوهرابين والخطبة لمحمد
2043	مصاف بركيارق مع أخيه سنجر
2043	عزل الوزير عميد الدولة بن جهير ووفاته
2044	المصاف الثاني بين بركيارق وأخيه محمد ومقتل مؤيد الملك والخطبة لبركيارق
2045	استيلاء محمد على بغداد
2046	المصاف الثالث والرابع وما تخلل بينهما من الصلح ولم يتم
2047	الشحنة ببغداد والخطبة لبركيارق
2049	استيلاء ينال على الري بدعوة السلطان محمد ومسيره إلى العراق
2049	المصاف الخامس بين السلطانين
2051	الصلح بين السلطانين بركيارق ومحمد
2052	وفاة السلطان بركيارق وملك ابنه ملك شاه
2053	وصول السلطان محمد إلى بغداد واستبداده بالسلطنة والخطبة ومقتل أياز
2055	الشحنة ببغداد
2055	وفاة السلطان محمد وملك ابنه محمود
2056	وفاة المستظهر وخلافة المسترشد
2057	انتقاض الملك مسعود على أخيه السلطان محمود ثم مصالحته واستقرار جكرمش شحنة ببغداد
2058	انتقاض الملك طغرل على أخيه السلطان محمود
2059	الفتنة بين السلطان محمود وعمه سنجر صاحب خراسان والخطبة ببغداد لسنجر
2061	انتقاض الملك مسعود على أخيه السلطان محمود والفتنة بينهما
2063	اقطاع الموصل للبرسقي وميافارقين لابي الغازي
2063	طاعة طغرل لأخيه السلطان محمود
2064	أخبار دبيس مع المسترشد
2065	نكبة الوزير ابن صدقة وولاية نظام الملك
2065	واقعة المسترشد مع دبيس
2066	ولاية برتقش شحنة بغداد
2067	وصول الملك طغرل ودبيس إلى العراق
2068	الفتنة بين المسترشد والسلطان محمود
2069	أخبار دبيس مع السلطان سنجر
2070	وفاة السلطان محمود وملك ابنه داود ثم منازعته عمومه واستقلال مسعود
2071	واقعة مسعود مع سنجر وهزيمته وسلطنة طغرل
2072	مسير المسترشد لحصار الموصل
2073	مصاف طغرل ومسعود وانهزام مسعود
2073	وفاة طغرل واستيلاء السلطان مسعود
2074	فتنة السلطان مسعود مع المسترشد
2075	مقتل المسترشد وخلافة الراشد
2076	الفتنة بين الراشد والسلطان مسعود ولحاقه بالموصل وخلعه
2077	خلافة المقتفي
2078	فتنة السلطان مسعود مع داود واجتماع داود للراشد للحرب ومقتل الراشد
2079	وزارة الخليفة
2080	الشحنة ببغداد
2080	انتقاض الاعياص واستبداد الأمراء على الأمير مسعود وقتله إياهم
2081	انتقاض الأمراء ثانية على السلطان
2082	وزارة المقتفي
2082	وفاة السلطان مسعود وملك ملك شاه ابن أخيه محمود
2083	حروب المقتفى مع أهل الخلاف وحصار البلاد
2084	استيلاء شمله على خوزستان
2084	إشارة إلى بعض أخبار السلطان سنجر بخوزستان ومبدإ دولة بني خوارزم شاه
2085	الخطبة ببغداد لسليمان شاه ابن السلطان محمد وحروبه مع السلطان محمد بن محمود
2086	حصار السلطان محمد بغداد
2087	حروب المقتفي مع أهل النواحي
2088	وفاة السلطان محمد بن محمود وملك عمه سليمان شاه ثم ارسلان بن طغرل
2090	وفاة المقتفي وخلافة المستنجد وهو أول الخلفاء المستبدين على أمرهم من بني العباس عند تراجع الدولة وضيق نطاقها ما بين الموصل وواسط والبصرة وحلوان
2091	فتنة خفاجة
2091	إجلاء بني أسد من العراق
2092	الفتنة بواسط وما جرت إليه
2092	مسير شملة إلى العراق
2092	وفاة الوزير يحيى
2093	وفاة المستنجد وخلافة المستضيء
2094	انقراض الدولة العلوية بمصر وعود الدعوة العباسية إليها
2095	خبر يزدن من أمراء المستضيء
2096	مقتل سنكاه بن أحمد أخي شملة
2096	وفاة قايماز وهربه
2097	فتنة صاحب خوزستان
2097	مقتل الوزير
2097	وفاة المستضيء وخلافة الناصر
2098	هدم دار السلطنة ببغداد وانقراض ملوك السلجوقية
2099	استيلاء الناصر على النواحي
2099	نهب العرب البصرة
2099	استيلاء الناصر على خوزستان ثم أصبهان والري وهمذان
2101	عزل الوزير نصير الدين
2102	انتقاض سنجر بخوزستان
2102	استيلاء منكلى على بلاد الجبل وأصبهان وهرب ايدغمش ثم مقتله ومقتل منكلى وولاية اغلمش
2103	ولاية حافد الناصر على خوزستان
2104	استيلاء خوارزم شاه على بلاد الجبل وطلب الخطبة له ببغداد
2104	إجلاء بني معروف عن البطائح
2104	ظهور التتر
2105	وفاة الناصر وخلافة الظاهر ابنه
2106	وفاة الظاهر وولاية ابنه المستنصر
2107	وفاة المستنصر وخلافة المستعصم آخر بني العباس ببغداد
2109	الخبر عن الخلفاء العباسيين المنصوبين بمصر من بعد انقراض الخلافة ببغداد ومبادي أمورهم وتصاريف أحوالهم
2112	المجلد الرابع
2112	تتمة الكتاب الثاني ...
2112	تتمة القول في أجيال العرب ...
2112	تتمة الطبقة الثالثة من العرب ...
2112	(أخبار الدولة العلوية المزاحمة لدولة بني العباس)
2119	(الخبر عن خروج الفاطميين بعد فتنة بغداد)
2123	الخبر عن الأدارسة ملوك المغرب الأقصى ومبدإ دولتهم وانقراضها ثم تجددها مفترقة في نواحي المغرب
2131	(الخبر عن صاحب الزنج وتصاريف أمره واضمحلال دعوته)
2136	(الخبر عن دعاة الديلم والجيل من العلوية وما كان لهم من الدولة بطبرستان للداعي وأخيه أولا ثم الأطروش وبنيه وتصاريف ذلك إلى انقضائه)
2137	(استيلاء الصفار على طبرستان)
2138	(وفاة الحسن بن زيد وولاية أخيه)
2139	(مقتل محمد بن زيد)
2140	(ظهور الأطروش العلوي وملكه طبرستان)
2141	(امارة العلوية بطبرستان بعد الأطروش)
2144	(الخبر عن دولة الإسماعيلية ونبدأ منهم بالعبيديين الخلفاء بالقيروان والقاهرة وما كان لهم من الدولة من المشرق والمغرب)
2147	(ابتداء دولة العبيديين)
2151	(وصول المهدي إلى المغرب واعتقاله بسجلماسة ثم خروجه من الاعتقال وبيعته)
2154	(مقتل أبي عبد الله الشيعي وأخيه)
2155	(بقية أخبار المهدي بعد الشيعي)
2158	(وفاة عبيد الله المهدي وولاية ابنه أبي القاسم)
2159	(أخبار أبي يزيد الخارجي)
2162	(وفاة القائم وولاية ابنه المنصور)
2162	(بقية أخبار أبي يزيد ومقتله)
2164	(بقية أخبار المنصور)
2165	(وفاة المنصور وولاية ابنه المعز)
2168	(فتح مصر)
2168	(فتح دمشق)
2169	(مسير المعز إلى مصر ونزوله بالقاهرة)
2170	(حروب المعز مع القرامطة واستيلاؤه على دمشق)
2172	(وفاة المعز وولاية ابنه العزيز)
2173	(بقية أخبار أفتكين)
2177	(أخبار الوزراء)
2177	(أخبار القضاة)
2178	(وفاة المعز وولاية ابنه الحاكم)
2180	(خروج أبي ركوة ببرقة والظفر به)
2182	(بقية أخبار الحاكم)
2184	(وفاة الحاكم وولاية الظاهر)
2185	(وفاة الظاهر وولاية ابنه المستنصر)
2186	(مسير العرب إلى إفريقية)
2187	(مقتل ناصر الدولة بن حمدان بمصر)
2188	(استيلاء بدر الجمالي على الدولة)
2189	(وصول الغز إلى الشام واستيلاؤهم عليه وحصارهم مصر)
2191	(وفاة المستنصر وولاية ابنه المستعلي)
2192	(استيلاء الفرنج على بيت المقدس)
2194	(وفاة المستعلي وولاية ابنه الآمر)
2194	(هزيمة الفرنج لعساكر مصر)
2195	(استيلاء الفرنج على طرابلس وبيروت)
2195	(استرجاع أهل مصر بعسقلان)
2196	(مقتل الأفضل)
2197	(ولاية ابن البطائحي)
2197	(مقتل البطائحي)
2198	(مقتل الآمر وخلافة الحافظ)
2199	(ولاية أبي علي بن الأفضل الوزارة ومقتله)
2200	(قيام حسن بن الحافظ بأمر الدولة ومكره بأبيه ومهلكه)
2200	(وزارة بهرام ورضوان بعده)
2202	(وفاة الحافظ وولاية ابنه الظافر)
2202	(وزارة ابن مضيال ثم ابن السلار)
2204	(مقتل الظافر وأخويه وولاية ابنه الفائز)
2204	(وزارة الصالح بن رزيك)
2205	(وفاة الفائز وولاية العاضد)
2206	(مقتل الصالح بن رزيك وولاية ابنه رزيك)
2206	(وزارة شاور ثم الضرغام من بعده)
2207	(مسير شيركوه وعساكر نور الدين إلى مصر مع شاور)
2207	(فتنة أسد الدين مع شاور وحصاره)
2208	(رجوع أسد الدين إلى مصر ومقتل شاور ووزارته)
2210	(وفاة أسد الدين وولاية صلاح الدين الوزارة)
2210	(حصار الفرنج دمياط)
2211	(واقعة الخصيان وعمارة)
2212	(قطع الخطبة للعاضد وانقراض الدولة العلوية بمصر)
2214	(الخبر عن بني حمدون ملوك المسيلة والزاب بدعوة العبيديين ومآل أمرهم)
2217	الخبر عن القرامطة واستبداد أمرهم وما استقر لهم من الدولة بالبحرين وأخبارها إلى حين انقراضها
2220	(ظهور ذكرويه ومقتله)
2221	(خبر قرامطة البحرين ودولة بني الجنابي منها)
2223	(فتنة القرامطة مع المعز العلوي)
2225	(ذكر المتغلبين بالبحرين من العرب بعد القرامطة)
2228	الخبر عن الإسماعيلية أهل الحصون بالعراق وفارس والشام وسائر أمورهم ومصايرها
2231	(خبر الإسماعيلية بالشام)
2232	(بقية الخبر عن قلاع الإسماعيلية بالعراق)
2233	(الخبر عن دولة بني الأخيضر باليمامة من بني حسن)
2235	(الخبر عن دولة السليمانيين من بني الحسن بمكة ثم بعدها باليمن ومبادي أمورهم وتصاريف أحوالهم)
2239	(الخبر عن دولة الهواشم بمكة من بني الحسن وتصاريف أحوالهم إلى انقراضها)
2241	الخبر عن بني قتادة أمراء مكة بعد الهواشم ثم عن بني أبي نمير منهم أمرائها لهذا العهد
2244	(إمارة بني أبي نمي بمكة)
2246	الخبر عن بني مهنى أمراء المدينة النبوية من بني الحسين وذكر أوليتهم ومفتتح امارتهم
2249	(الخبر عن دولة بني الرسي أئمة الزيدية بصعدة وذكر أوليتهم ومصاير أحوالهم)
2251	(الخبر عن نسب الطالبيين وذكر المشاهير من أعقابهم)
2256	(الخبر عن دولة بني أمية بالأندلس من هذه الطبقة المنازعين للدعوة العباسية وبداية أمرهم وأخبار ملوك الطوائف من بعدهم)
2261	(مسير عبد الرحمن الداخل إلى الأندلس وتجديده الدولة بها)
2266	(وفاة عبد الرحمن الداخل وولاية ابنه هشام)
2267	(وفاة هشام وولاية ابنه الحكم)
2268	(وقعة الربض)
2269	(وقعة الحفرة بطليطلة)
2270	(وفاة الحكم وولاية ابنه عبد الرحمن الأوسط)
2274	(وفاة عبد الرحمن الأوسط وولاية ابنه محمد)
2276	(وفاة الأمير محمد وولاية ابنه المنذر)
2277	(وفاة المنذر وولاية أخيه عبد الله ابن الأمير محمد)
2277	(أخبار الثوار وأولهم ابن مروان ببطليوس واشبونة)
2278	(ابن تاكيت بماردة)
2278	(بقية خبر ابن مروان)
2279	(ثورة لب بن محمد بسرقسطة وتطيلة)
2279	(ثورة مطرف بن موسى بن ذي النون الهواري بشنت برية)
2279	(ثورة الأمير ابن حفصون في يشتر ومالقة ورندة واليس)
2281	(ثوار اشبيلية المتعاقبون)
2282	(مقتل الأمير محمد ابن الأمير عبد الله ثم مقتل أخيه المطرف)
2283	(وفاة الأمير عبد الله بن محمد وولاية حافده عبد الرحمن الناصر بن محمد)
2285	(سطوة الناصر بأخيه القاضي ابن محمد)
2285	(سطوة الناصر ببني إسحاق المروانيين)
2286	(أخبار الناصر مع الثوار)
2287	(أخبار طليطلة ورجوعها إلى الطاعة)
2288	(أخبار الناصر مع أهل العدوة)
2289	(أخبار الناصر مع الفرنجة والجلالقة)
2291	(سطوة الناصر بابنه عبد الله)
2291	(مباني الناصر)
2292	(وفاة الناصر وولاية ابنه الحكم المستنصر)
2295	(وفاة الحكم المستنصر وبيعة ابنه هشام المؤيد)
2296	(أخبار المنصور بن أبي عامر)
2297	(المظفر بن المنصور)
2299	(ثورة المهدي ومقتل عبد الرحمن المنصور وانقراض دولتهم)
2299	(ثورة البربر وبيعة المستعين وفرار المهدي)
2300	(رجوع المهدي إلى ملكه بقرطبة)
2300	(هزيمة المهدي وبيعته للمؤيد هشام ومقتله)
2301	(حصار قرطبة واقتحامها عنوة ومقتل هشام)
2302	(ثورة ابن حمود واستيلاؤه وقومه على ملك قرطبة)
2302	(عود الملك إلى بني أمية وأولاد المستظهر)
2302	(عود الأمر إلى بني حمود)
2303	(المعتمد من بني أمية)
2303	(الخبر عن دولة بني حمود التي ادالت من دولة بني أمية بالأندلس وأولية ملكهم وتصاريف أمورهم إلى آخرها)
2307	(الخبر عن ملوك الطوائف بالأندلس بعد الدولة الاموية)
2307	(الخبر عن بني عباد ملوك اشبيلية وغربي الأندلس وعمن تغلبوا عليه من أمراء الطوائف)
2311	(أخبار ابن جهور)
2312	(أخبار ابن الأفطس صاحب بطليوس من غرب الأندلس ومصاير أمره)
2313	(أخبار باديس بن حسون ملك غرناطة والبيرة)
2313	الخبر عن بني ذي النون ملوك طليطلة من الثغر الجوفي وتصاريف أمورهم ومصاير أحوالهم
2314	(الخبر عن ابن أبي عامر صاحب شرق الأندلس من بني ملوك الطوائف وأخبار الموالي العامريين الذين كانوا قبله وابن صمادح قائده بالمرية وتصاريف أحوالهم ومصايرها)
2316	الخبر عن بني هود ملوك سرقسطة من الطوائف صارت اليهم من بني هاشم وما كان من أوليتهم ومصاير أمورهم
2317	(الخبر عن مجاهد العامري صاحب دانية والجزائر الشرقية وأخبار بنيه ومواليهم من بعدهم ومصاير أمورهم)
2319	(الخبر عن ثوار الأندلس آخر الدولة اللمتونية واستبداد بني مردنيش ببلنسية ومزاحمتهم لدولة بني عبد المؤمن من أولها إلى آخرها ومصاير أحوالهم وتصاريفها)
2322	(الخبر عن ثورة ابن هود على الموحدين بالأندلس ودولته وأولية أمره وتصاريف أحواله)
2325	(الخبر عن دولة بني الأحمر ملوك الأندلس لهذا العهد ومبدإ أمورهم وتصاريف أحوالهم)
2336	(الخبر عن ملوك بني أدفونش من الجلالقة ملوك الأندلس بعد الغوط ولعهد المسلمين وأخبار من جاورهم من الفرنجة والبشكنس والبرتغال والإلمام ببعض أخبارهم)
2343	(أخبار القائمين بالدولة العباسية من العرب المستبدين بالنواحي ونبدأ منهم ببني الأغلب ولاة افريقية وأولية أمرهم ومصاير أحوالهم)
2343	(معاوية بن خديج)
2344	(عقبة بن نافع)
2344	(أبو المهاجر)
2344	(عقبة بن نافع ثانيا)
2345	(زهير بن قيس البلوي)
2345	(حسان بن النعمان الغساني)
2346	(موسى بن نصير)
2347	(محمد بن يزيد)
2347	(إسماعيل بن أبي المهاجر)
2347	(يزيد بن أبي مسلم)
2347	(بشر بن صفوان الكلبي)
2348	(عبيدة بن عبد الرحمن)
2348	(عبيد الله بن الحجاب)
2349	(كلثوم بن عياض)
2350	(حبيب بن عبد الرحمن)
2351	(عبد الملك بن أبي الجعد الوربجومي)
2351	(عبد الأعلى بن السمح المغافري)
2352	(محمد بن الأشعث الخزاعي)
2353	(عمر بن حفص هزارمرد)
2354	(يزيد بن حاتم بن قبيصة بن المهلب)
2354	(أخوه روح بن حاتم)
2355	(ابنه الفضل بن روح)
2355	(خزيمة بن أعين)
2356	(محمد بن مقاتل الكعبي)
2357	(إبراهيم بن الأغلب)
2358	(ابنه أبو العباس عبد الله)
2359	(أخوه زيادة الله)
2362	(أخوهما أبو عقال الأغلب بن إبراهيم بن الأغلب)
2363	(ابنه أبو العباس محمد بن الأغلب بن إبراهيم)
2363	(ابنه أبو إبراهيم أحمد بن أبي العباس محمد)
2364	(ابنه زيادة الله الأصغر بن أبي إبراهيم بن أحمد)
2364	(أخوه أبو الغرانيق بن أبي إبراهيم بن أحمد)
2364	(بقية أخبار صقلية)
2366	(إبراهيم بن أحمد أخو أبي الغرانيق)
2368	(ظهور الشيعي بكتامة)
2369	(ابنه أبو العباس عبد الله بن إبراهيم أخي محمد أبي الغرانيق)
2370	(ابنه أبو مضر زيادة الله)
2371	(خروج زيادة الله إلى المشرق)
2371	(بقية أخبار صقلية ودولة بني أبي الحسن الكلبيين بها من العرب المستبدين بدعوة العبيديين وبداية أمرهم وتصاريف أحوالهم)
2377	(الخبر عن جزيرة اقريطش وما كان بها للمسلمين من الملك على يد بني البلوطي إلى أن استرجعها العدو)
2377	(أخبار اليمن والدول الإسلامية التي كانت فيه للعباسيين والعبيديين وسائر ملوك العرب وابتداء ذلك وتصاريفه على الجملة ثم تفصيل ذلك على مدنه وممالكه واحدة بعد واحدة)
2378	(دعوة زياد بالدعوة العباسية)
2380	(الخبر عن بني الصليحي القائمين بدعوة العبيديين باليمن)
2383	(الخبر عن دولة بني نجاح بزبيد موالي بني زياد ومبادئ أمورهم وتصاريف أحوالهم)
2385	(الخبر عن دولة بني الزريع بعدن من دعاة العبيديين باليمن وأولية أمرهم ومصايره)
2387	(أخبار ابن مهدي الخارجي وبنيه وذكر دولتهم باليمن وبدايتها وانقراضها)
2388	(قواعد اليمن)
2397	(الخبر عن دولة بني حمدان المستبدين بالدعوة العباسية من العرب بالموصل والجزيرة والشام ومبادئ أمورهم وتصاريف أحوالهم)
2399	(مبدأ لدولة وولاية أبي الهيجاء عبد الله بن حمدان على الموصل)
2400	(انتقاض أبي الهيجاء ثم الحسين بن حمدان)
2400	(ولاية أبي الهيجاء ثانية على الموصل ثم مقتله)
2401	(ولاية سعيد ونصر ابني حمدان على الموصل)
2401	(مسير الراضي إلى الموصل)
2402	(مسير المتقى إلى الموصل وولاية ناصر الدولة امارة الأمراء)
2403	(أخبار بني حمدان ببغداد)
2404	(خبر عدل التحكمي بالرحبة)
2405	(مسير المتقي إلى الموصل وعوده)
2406	(استيلاء سيف الدولة على حلب وحمص)
2407	(الفتنة بين ابن حمدان وابن بويه)
2408	(استيلاء سيف الدولة على دمشق)
2408	(الفتنة بين ناصر الدولة بن حمدان وبين تكين والأتراك)
2409	(انتقاض جمان بالرحبة ومهلكه)
2409	(فتنة ناصر الدولة مع معز الدولة)
2409	(غزوات سيف الدولة)
2411	(الفتنة بين ناصر الدولة ومعز الدولة بن بويه)
2411	(استيلاء الروم على عين زربة ثم على مدينة حلب)
2413	(انتقاض أهل حران)
2413	(انتقاض هبة الله)
2413	(انتقاض نجا بميافارقين وأرمينية واستيلاء سيف الدولة عليها)
2414	(مسير معز الدولة إلى الموصل وحروبه مع ناصر الدولة)
2415	(حصار المصيصة وطرسوس واستيلاء الروم عليها)
2415	(انتقاض أهل انطاكية وحمص)
2416	(خروج الروم إلى الثغور واستيلاؤهم على دارا)
2417	(وفاة سيف الدولة ومحبس أخيه ناصر الدولة)
2417	(ولاية أبي المعالي بن سيف الدولة بحلب ومقتل أبي فراس)
2418	(أخبار أبي ثعلب مع اخوته بالموصل)
2419	(خروج الروم إلى الجزيرة والشام)
2419	(استبداد قرعوية بحلب)
2420	(مسير أبي ثعلب من الموصل إلى ميافارقين)
2420	(استيلاء الروم على انطاكية ثم حلب ثم ملازكرد)
2421	(مقتل يعفور ملك الروم)
2422	(استيلاء أبي ثعلب على حران)
2422	(مصالحة قرعوية لابي المعالي)
2422	(مسير الروم إلى بلاد الجزيرة)
2423	(أسر الدمشق وموته)
2423	(استيلاء بختيار بن معز الدولة على الموصل وما كان بينه وبين أبي ثعلب)
2424	(عود أبي المعالي بن سيف الدولة إلى حلب)
2424	(استيلاء عضد الدولة بن بويه على الموصل وسائر ملوك بني حمدان)
2426	(مقتل أبي ثعلب بن حمدان)
2427	(وصول ورد المنازع لملك الروم إلى ديار بكر مستجيرا)
2428	(ولاية بكجور على دمشق)
2429	(خبر باد الكردي ومقتله على الموصل)
2430	(عود بني حمدان إلى الموصل ومقتل باد)
2431	(مهلك أبي طاهر بن حمدان واستيلاء بني عقيل على الموصل)
2432	(ملك سعد الدولة بن حمدان بحلب وولاية ابنه أبي الفضائل واستبداد لؤلؤ عليه)
2433	(انقراض بني حمدان بحلب واستيلاء بني كلاب عليها)
2433	(الخبر عن دولة بني عقيل بالموصل وابتداء أمرهم بأبي الدرداء وتصاريف أحوالهم)
2434	(مهلك أبي الدرداء وولاية أخيه المقلد)
2434	(فتنة المقلد مع بهاء الدولة بن بويه)
2435	(القبض على علي بن المسيب)
2436	(استيلاء المقلد على دقوقا)
2436	(مقتل المقلد وولاية ابنه قراوش)
2437	(فتنة قراوش مع بهاء الدولة بن بويه)
2437	(قبض قراوش على وزرائه)
2438	(حروب قراوش مع العرب وعساكر بغداد)
2440	(استيلاء الغز على الموصل)
2442	(استيلاء بدران بن المقلد على نصيبين)
2442	(الفتنة بين قراوش وغريب بن معن)
2443	(فتنة قراوش وجلال الدولة وصلحهما)
2443	(أخبار ملوك القسطنطينية لهذه العصور)
2444	(الوحشة بين قراوش والأكراد)
2445	(خلع قراوش بأخيه أبي كامل ثم عوده)
2446	(خلع قراوش ثانية واعتقاله)
2446	(وفاة أبي كامل وولاية قريش بن بدران)
2447	(استيلاء قريش على الأنبار)
2447	(حرب قريش بن بدران والبساسيري ثم اتفاقهما وخطبة قريش لصاحب مصر)
2448	(استيلاء طغرلبك على الموصل وولاية أخيه نيال عليها ومعاودة قريش الطاعة)
2449	(مفارقة نيال الموصل وما كان لقريش فيها وفي بغداد مع البساسيري وحبسهما القائم)
2450	(وفاة قريش بن بدران وولاية ابنه مسلم)
2450	(استيلاء مسلم بن قريش على حلب)
2451	(حصار مسلم بن قريش دمشق وعصيان أهل حران عليه)
2452	(حرب ابن جهير مع مسلم بن قريش واستيلاؤه على الموصل ثم عودها إليه)
2453	(مقتل مسلم بن قريش وولاية ابنه إبراهيم)
2454	(نكبة إبراهيم وتنازع محمد وعلي ابني مسلم بعده على ملك الموصل ثم استيلاء علي عليها)
2454	(عود إبراهيم إلى ملك الموصل ومقتله)
2455	ولاية علي بن مسلم على الموصل ثم استيلاء كربوقا وانتزاعه إياها من يده وانقراض أمر بني المسيب من الموصل
2456	(الخبر عن دولة بني صالح بن مرداس بحلب وابتداء أمرهم وتصاريف أحوالهم)
2456	(ابتداء أمر صالح في ملك حلب)
2457	(استيلاء صالح بن مرداس على حلب)
2457	(مقتل صالح وولاية ابنه أبي كامل)
2458	(مسير الروم إلى حلب وهزيمتهم)
2458	(مقتل نصر بن صالح واستيلاء الوزيري على حلب)
2458	(مهلك الوزيري وولاية ثمال بن صالح)
2459	(رغبة ثمال عن حلب ورجوعها لصاحب مصر وولاية ابن ملهم عليها)
2459	(ثورة أهل حلب بابن ملهم وولاية محمود بن نصر بن صالح)
2460	(رجوع ثمال بن صالح إلى ملك حلب وفرار محمود بن نصر عنها)
2460	(وفاة ثمال وولاية أخيه عطية)
2461	(عود محمود إلى حلب وملكه إياها من يد عطية)
2461	(مهلك نصر بن محمود وولاية أخيه سابق)
2462	(استيلاء مسلم بن قريش على حلب من يد سابق وانقراض دولة بني صالح بن مرداس)
2462	(استيلاء السلطان ملك شاه على حلب وولاية آق سنقر عليها)
2463	(الخبر عن دولة بني مزيد ملوك الحلة وابتداء أمرهم وتصاريف أحوالهم)
2464	(وفاة علي بن مزيد وولاية ابنه دبيس)
2464	(استيلاء منصور بن الحسين على الجزيرة الدبيسية)
2465	(فتنة دبيس مع جلال الدولة وحروبه مع قومه)
2466	(الفتنة بين دبيس وأخيه ثابت)
2466	(الفتنة بين دبيس وعسكر واسط)
2466	(إيقاع دبيس بخفاجه)
2467	(حرب دبيس مع الغز وخطبته للعلوي صاحب مصر ومعاودته الطاعة)
2468	(وفاة دبيس وامارة ابنه منصور)
2468	(وفاة منصور بن دبيس وولاية ابنه صدقة)
2469	(انتقاض صدقة بن منصور بن دبيس على السلطان بركيارق)
2469	(استيلاء صدقة على واسط وهيت)
2470	(استيلاء صدقة بن مزيد على البصرة)
2471	(استيلاء صدقة على تكريت)
2472	(الخلف بين صدقة وصاحب البطيحة)
2473	(مقتل صدقة وولاية ابنه دبيس)
2476	(خبر دبيس مع البرسقي ومع الملك مسعود)
2477	(فتنة دبيس مع السلطان محمود واجلاؤه عن بغداد ثم معاودته الطاعة)
2479	(مسير دبيس إلى الملك طغرل)
2480	(مسير دبيس إلى السلطان سنجر)
2481	(فتنة دبيس مع محمود واسره)
2482	(مسير دبيس إلى بغداد مع زنكي وانهزامهما)
2482	(مقتل دبيس وولاية ابنه صدقة)
2483	(مقتل صدقة وولاية ابنه محمد)
2484	(تغلب علي بن دبيس على الحلة وملكه إياها من أخيه محمد)
2485	(أخذ السلطان الحلة من يد علي وعوده اليها)
2485	(نكبة علي بن دبيس)
2486	(وفاة علي بن دبيس وانقراض بني مزيد)
2487	(الخبر عن ملوك العجم القائمين بالدعوة العباسية في ممالك الإسلام والمستبدين على الخلفاء ونبدأ منهم أولا بدولة ابن طولون بمصر وبداية أمرهم ومصاير أحوالهم)
2492	(الخبر عن دولة أحمد بن طولون بمصر وبنيه ومواليه بني طغج وابتداء أمرهم وتصاريف أحوالهم)
2495	(فتنة ابن طولون مع الموفق)
2496	(ولاية أحمد بن طولون على الثغور)
2496	(استيلاء أحمد بن طولون على الشام)
2497	(الخبر عن انتقاض العباس بن أحمد بن طولون على أبيه)
2499	(خروج الصوفي والعمري بمصر)
2499	(انتقاض برقة)
2500	(انتقاض لؤلؤ على ابن طولون)
2500	(مسير المعتمد إلى ابن طولون وعوده عنه من الشام)
2502	(اضطراب الثغور ووصول أحمد بن طولون اليها ووفاته)
2503	(ولاية خمارويه بن أحمد بن طولون)
2503	(مسير خمارويه إلى الشام وواقعته مع ابن الموفق)
2504	(فتنة ابن كنداج وابن أبي الساج والخطبة لابن طولون بالجزيرة)
2506	(عود طرسوس إلى ايالة خمارويه)
2506	(صهر المعتضد مع خمارويه)
2507	(مقتل خمارويه وولاية ابنه جيش)
2507	(مقتل جيش بن خمارويه وولاية أخيه هارون)
2507	(فتنة طرسوس وانتقاضها)
2508	(ولاية طغج بن جف على دمشق)
2508	(زحف القرامطة إلى دمشق)
2509	(استيلاء المكتفي على الشام ومصر وقتل هارون وشيبان ابني خمارويه وانقراض دولة بني طولون)
2510	(ولاية عيسى النوشزي على مصر وثورة الخليجي)
2511	(ولاية ذكاء الأعور)
2512	(ولاية تكين الخزري ثانية)
2512	(ولاية أحمد بن كيغلغ)
2513	(ولاية أحمد بن كيغلغ الثانية)
2513	(استيلاء ابن رائق على الشام من يد الإخشيد)
2515	(وفاة الإخشيد وولاية ابنه أنوجور واستبداد كافور عليه واستيلاء سيف الدولة على دمشق)
2515	(وفاة أنوجور ووفاة أخيه علي واستبداد كافور عليه)
2516	(وفاة علي بن الإخشيد وولاية كافور)
2516	(وفاة كافور وولاية أحمد بن علي بن الإخشيد)
2516	(مسير جوهر إلى مصر وانقراض دولة بني طغج)
2517	(الخبر عن دولة بني مروان بديار بكر بعد بني حمدان ومبادي أمورهم وتصاريف أحوالهم)
2518	(مقتل أبي علي بن مروان وولاية أخيه أبي منصور)
2518	(مقتل مهد الدولة بن مروان وولاية أخيه أبي نصر)
2519	(استيلاء نصير الدولة بن مروان على الرها)
2519	(حصار بدران بن مقلد نصيبين)
2520	(دخول الغز إلى ديار بكر)
2521	(مسير الروم إلى بلد ابن مروان ثم فتح الرها)
2521	(مقتل سليمان بن نصير الدولة)
2522	(مسير طغرلبك إلى ديار بكر)
2522	(وفاة نصير الدولة [١] بن مروان وولاية ابنه نصر)
2523	(وفاة نصر بن نصير الدولة وولاية ابنه منصور)
2523	(مسير ابن جهير إلى ديار بكر)
2524	(استيلاء ابن جهير على آمد)
2524	(استيلاء ابن جهير على ميافارقين وجزيرة ابن عمر وانقراض دولة بني مروان)
2525	(الخبر عن دولة بني الصفار ملوك سجستان المتغلبين على خراسان ومبادي أمورهم وتصاريف أحوالهم)
2526	(استيلاء يعقوب الصفار على كرمان ثم على فارس وعودها)
2526	(ولاية يعقوب الصفار على بلخ وهراة)
2527	(استيلاء الصفار على خراسان وانقراض أمر بني طاهر)
2528	(استيلاء الصفار على فارس)
2529	(حروب الصفار مع الموفق)
2530	(انتقاض الخجستاني بخراسان على يعقوب الصفار وقيامه بدعوة بني طاهر)
2531	(استيلاء الصفار على الأهواز)
2532	(وفاة يعقوب الصفار وولاية عمرو أخيه)
2532	(مسير عمرو بن الليث إلى خراسان لقتال الخجستاني)
2533	(حروب عمرو مع عساكر المعتمد ومع الموفق)
2534	(ولاية عمرو بن الليث على خراسان ثانيا ومقتل رافع بن الليث)
2535	(استيلاء بني سامان على خراسان وهزيمة عمرو بن الليث وحبسه ثم مقتله)
2536	(ولاية طاهر بن محمد بن عمرو على سجستان وكرمان ثم على فارس)
2536	(استيلاء الليث على فارس ثم مقتله واستيلاء سبكرى)
2537	(انقراض ملك بني الليث من سجستان وكرمان)
2538	(ثورة أهل سجستان بأصحاب ابن سامان ودعوتهم إلى بني عمرو بن الليث بن الصفار ثم عودهم إلى طاعة أحمد بن إسماعيل بن سامان)
2539	(استيلاء خلف بن أحمد بن علي على سجستان ثم انتقاضهم عليه)
2540	(استيلاء خلف بن أحمد على كرمان ثم انتزاع الديلم لها)
2541	(استيلاء طاهر بن خلف على كرمان وعوده عنها ومقتله)
2541	(استيلاء محمود بن سبكتكين على سجستان ومحو آثار بني الصفار منها)
2542	(الخبر عن دولة بني سامان ملوك ما وراء النهر المقيمين بها الدولة العباسية وأولية ذلك ومصائره)
2543	(ولاية نصر بن أحمد على ما وراء النهر)
2543	(وفاة نصر بن أحمد وولاية أخيه إسماعيل على ما وراء النهر)
2544	(استيلاء إسماعيل على الري)
2545	(وفاة إسماعيل بن أحمد وولاية ابنه أحمد)
2546	(استيلاء أحمد بن إسماعيل على سجستان)
2546	(مقتل أبي نصر أحمد بن إسماعيل وولاية ابنه نصر)
2547	(انتقاض سجستان)
2548	(انتقاض إسحاق العم وابنه الياس)
2548	(ظهور الأطروش واستيلاؤه على طبرستان)
2549	(انتقاض منصور بن إسحاق العم والحسين والمروروذي)
2550	(انتقاض أحمد بن سهل بنيسابور وفتحها)
2550	(مقتل ليلى بن النعمان ومهلكه)
2551	(حرب سيجور [٣] مع ابن الأطروش)
2552	(خروج الياس بن إسحاق)
2553	(استيلاء السعيد على الري)
2554	(ولاية أسفار على جرجان والري)
2555	(خروج أولاد الأمير أحمد بن إسماعيل على أخيهم السعيد)
2556	(ولاية ابن المظفر على خراسان)
2557	(استيلاء السعيد على كرمان)
2557	(استيلاء ماكان على كرمان وانتقاضه)
2558	(ولاية علي بن محمد على خراسان وفتحه جرجان)
2558	(استيلاء أبي علي على الري وقتل ما كان بن كالي)
2559	(استيلاء أبي علي على بلد الجبل)
2559	(وفاة السعيد نصر وولاية ابنه نوح)
2560	(استيلاء أبي علي على الري ودخول جرجان في طاعة نوح)
2561	(انتقاض أبي علي وولاية منصور بن قراتكين على خراسان)
2563	(انتقاض ابن عبد الرزاق بخراسان)
2564	استيلاء ركن الدولة بن بويه على طبرستان وجرجان ومسير العساكر إلى جرجان والصلح مع الحسن بن الفيرزان
2564	(مسير ابن قراتكين إلى الري وعوده اليه)
2565	(وفاة ابن قراتكين ورجوع أبي علي بن محتاج إلى ولاية خراسان)
2565	(عزل الأمير أبي علي عن خراسان ومسيره إلى ركن الدولة وولاية بكر بن مالك مكانه)
2566	(وفاة الأمير نوح وولاية ابنه عبد الملك)
2566	(مسير العساكر من خراسان إلى الري وأصفهان)
2567	(وفاة عبد الملك بن نوح صاحب ما وراء النهر وولاية أخيه منصور)
2567	(مسير العساكر من خراسان إلى الري ووفاة وشمكير)
2568	(خبر ابن الياس بكرمان)
2569	(انعقاد الصلح بين منصور بن نوح وبين بني بويه)
2569	(وفاة منصور بن نوح وولاية ابنه نوح)
2569	(عزل ابن سيجور عن خراسان وولاية أبي العباس تاش)
2570	(مسير أبي العباس في عساكر خراسان إلى جرجان ثم مسيره إلى بخارى)
2571	(رد أبي العباس إلى خراسان ثم عزله وولاية ابن سيجور)
2571	(انتقاض أبي العباس وخروجه مع ابن سيجور ومهلكه)
2572	(ولاية أبي علي بن سيجور على خراسان)
2573	(خبر فائق)
2574	(استيلاء الترك على بخارى)
2574	(عزل أبي علي بن سيجور عن خراسان وولاية سبكتكين)
2575	(عود ابن سيجور إلى خراسان)
2575	(ظهور سبكتكين وابنه محمود على أبي علي وفائق ومقتل أبي علي)
2576	(وفاة الأمير نوح وولاية ابنه منصور وولاية بكثرزون على خراسان)
2576	(عود أبي القاسم بن سيجور إلى خراسان وخيبته)
2577	(انتقاض محمود بن سبكتكين وملكه نيسابور ثم خروجه عنها)
2577	(خلع الأمير منصور وولاية أخيه عبد الملك)
2577	(استيلاء محمود بن سبكتكين على خراسان)
2578	(استيلاء ايلك خان على بخارى وانقراض دولة بني سامان)
2579	(خروج إسماعيل بن نوح بخراسان)
2580	الخبر عن دولة بني سبكتكين ملوك غزنة وما ورثوه من الملك بخراسان وما وراء النهر عن مواليهم وما فتحوه من بلاد الهند وأول أمرهم ومصاير أحوالهم
2581	(فتح بست)
2581	(غزو الهند)
2582	(ولاية سبكتكين على خراسان)
2582	(الفتنة بين سيجور وفائق بخراسان وظهور سبكتكين وابنه محمود عليهم)
2583	(مزاحفة سبكتكين وايلك خان)
2583	(أخبار سبكتكين مع فخر الدولة بن بويه)
2584	(وفاة سبكتكين وولاية ابنه إسماعيل)
2584	(استيلاء محمود بن سبكتكين على ملك أبيه وظفره بأخيه إسماعيل)
2585	(استيلاء محمود على خراسان)
2586	(استيلاء محمود على سجستان)
2588	(غزوة بهاطية والملتان وكوكبر)
2589	(مسير ايلك خان إلى خراسان وهزيمته)
2591	(فتح بهيم نقرا [١] )
2591	(خبر الفريغون واستيلاء السلطان على الجوزجان)
2592	(غزوة بارين [١] )
2592	(غزوة الغور وقصران)
2593	(خبر اليشار واستيلاء السلطان على غرشستان)
2593	(وفاة ايلك خان وصلح أخيه طغان خان مع السلطان)
2594	(فتح بارين [٢] )
2595	(غزوة تنيشرة [١] )
2595	(استيلاء السلطان على خوارزم)
2596	(فتح قشمير [١] وقنوج)
2598	(غزوة الأفقانية)
2598	(فتح سومنات)
2600	(دخول قابوس صاحب جرجان وطبرستان في ولاية السلطان محمود)
2601	(استيلاء السلطان محمود على الري والجبل)
2602	(استيلاء السلطان محمود على بخارى ثم عوده عنها)
2602	(خبر السلطان محمود مع الغز بخراسان)
2604	(افتتاح نرسى من الهند)
2604	(وفاة السلطان محمود وولاية ابنه محمد)
2604	(خلع السلطان محمد ابن السلطان محمود وولاية ابنه الآخر مسعود الأكبر)
2605	(عود أصفهان إلى علاء الدولة بن كاكويه ثم رجوعها للسلطان مسعود)
2606	(فتح التيز ومكران وكرمان ثم عود كرمان لأبي كليجار)
2606	(فتنة عساكر السلطان مسعود مع علاء الدولة بن كاكويه وهزيمته)
2607	(مسير السلطان مسعود إلى غزنة والفتن بالري والجبل)
2608	(عود أحمد نيال تكين إلى العصيان)
2608	(فتح جرجان وطبرستان)
2608	(مسير علاء الدولة إلى أصفهان وهزيمته)
2609	(استيلاء طغرلبك على خراسان)
2610	(مسير السلطان مسعود من غزنة إلى خراسان واجلاء السلجوقية عنها)
2611	(هزيمة السلطان مسعود واستيلاء طغرلبك على مدائن خراسان وأعمالها)
2612	(خلع السلطان مسعود ومقتله وولاية أخيه محمد مكانه)
2613	(مقتل السلطان محمد وولاية مودود ابن أخيه مسعود)
2614	(استيلاء طغرلبك على خوارزم)
2615	(مسير العساكر من غزنة إلى خراسان)
2615	(مسير الهنود لحصار لهاور وامتناعها وفتح حصون اخرى من بلادهم)
2616	(وفاة مودود وولاية عمه عبد الرشيد)
2617	(مقتل عبد الرشيد وولاية فرخزاد)
2618	(استيلاء الغورية على لهاور ومقتل خسرو شاه وانقراض دولة بني سبكتكين)
2619	(دولة الترك الخبر عن دولة الترك في كاشغر وأعمال تركستان وما كان لهم من الملك في الملة الإسلامية بتلك البلاد وأولية أمرهم ومصاير أحوالهم)
2619	(وفاة بقراخان وملك أخيه ايلك خان سليمان)
2620	(استيلاء ايلك خان على ما وراء النهر)
2620	(ثورة إسماعيل إلى بخارى ورجوعه عنها)
2621	(عبور ايلك خان إلى خراسان)
2622	(وفاة ايلك خان وولاية أخيه طغان خان)
2622	(وفاة طغان خان وولاية أخيه أرسلان خان)
2622	(انتقاض قراخان على أرسلان وصلحه)
2623	(أخبار قراخان)
2624	(الخبر عن طقفاج خان وولده)
2626	(مقتل قدرخان صاحب سمرقند)
2627	(انتقاض محمد خان عن سنجر)
2627	(استيلاء السلطان سنجر على سمرقند)
2627	(استيلاء الخطا على تركستان وبلاد ما وراء النهر وانقراض دولة الخانية)
2630	(إجلاء القارغلية من وراء النهر)
2630	(الخبر عن دولة الغورية القائمين بالدولة العباسية بعد بني سبكتكين وما كان لهم من السلطان والدولة وابتداء أمرهم ومصاير أحوالهم)
2631	(مقتل محمد بن الحسين الغوري وولاية أخيه الحسين شاه ثم أخيه شوري)
2631	(مقتل شوري بن الحسين وولاية أخيه علاء الدين ابن الحسين واستيلاؤه على غزنة وانتزاعها منه)
2632	(انتقاض شهاب الدين وغياث الدين على عمهما علاء الدولة)
2632	(وفاة علاء الدولة وولاية غياث الدين ابن أخيه من بعده وتغلب الغز على غزنة)
2633	(استيلاء شهاب الدين الغوري على لهاور ومقتل خسرو شاه صاحبها)
2633	(استيلاء غياث الدين على هوارة وغيرها من خراسان)
2634	(فتح أجرة على يد شهاب الدين)
2634	(حروب شهاب الدين مع الهنود وفتح دهلي وولاية قطب الدين أيبك عليها)
2635	(مقتل ملك الغور محمد بن علاء الدين)
2635	(الفتنة بين الغورية وبين خوارزم شاه على ما ملكوه من بلاد خراسان)
2637	(غزوة شهاب الدين إلى الهند وهزيمة المسلمين بعد الفتح ثم غزوته الثانية وهزيمة الهنود وقتل ملكهم وفتح اجمير)
2638	(غزوة بناوس ومقتل ملك الهند ثم فتح بهنكر)
2638	(استيلاء الغورية على بلخ وفتنتهم مع الخطا بخراسان)
2639	(استيلاء الغورية على ملك خوارزم شاه بخراسان)
2641	(فتح نهر واكد [١] من الهند)
2641	(اعادة علاء الدين محمد صاحب خوارزم ما أخذه الغورية من خراسان)
2642	(حصار هراة)
2643	(وفاة غياث الدين وانفراد شهاب الدين بالملك)
2644	فتنة الغورية مع محمد بن تكش صاحب خوارزم وحصار هراة ثم حصارهم خوارزم وحروب شهاب الدين مع الخطا
2645	(حروب شهاب الدين مع بني كوكر والتفراهية [٢] )
2647	(مقتل شهاب الدين الغوري وافتراق المملكة بعده)
2648	(قيام الذر بدعوة غياث الدين محمود ابن السلطان غياث الدين)
2648	(مسير بهاء الدين سام إلى غزنة وموته وملك بهاء الدين ابنه بعده غزنة)
2649	(استيلاء الذر على غزنة)
2650	(أخبار غياث الدين بعد مقتل عمه)
2651	(استيلاء خوارزم شاه على بلاد الغورية بخراسان)
2652	(استيلاء علاء الدين ثانيا على غزنة ثم انتزاع الذر إياها من يده)
2653	(انتقاض عباس في باميان ثم رجوعه إلى الطاعة)
2654	(استيلاء خوارزم شاه على ترمذ ثم الطالقان من يد الغورية)
2655	(خبر غياث الدين مع الذر وايبك مولى أبيه)
2656	(مقتل ابن حرميل واستيلاء خوارزم شاه على هراة)
2657	(مقتل غياث الدين محمود)
2657	(استيلاء خوارزم شاه على غزنة وأعمالها)
2658	(استيلاء الذر على لهاور ومقتله)
2658	(الخبر عن دولة الديلم وما كان لهم من الملك والسلطان في ملة الإسلام ودولة بني بويه منهم المتغلبين على الخلفاء على العباسيين ببغداد وأولية ذلك ومصايره)
2661	(الخبر عن قواد الديلم وتغلبهم على اعمال الخلفاء بفارس والعراقين)
2662	(أخبار ليلى بن النعمان ومقتله)
2663	(أخبار سرخاب بن وهشوذان ومهلكه وقيام ما كان بن كالي بمكانه)
2664	(بداية أسفار بن شيرويه وتغلبه على جرجان ثم طبرستان)
2665	(استيلاء أسفار على الري واستفحال أمره)
2666	(مقتل اسفار وملك مرداويج)
2667	(استيلاء مرداويج على طبرستان وجرجان)
2667	(استيلاء مرداويج على همذان والجبل وحروبه مع عساكر المقتدر)
2668	(خبر لشكري في أصفهان)
2669	(استيلاء مرداويج على أصفهان)
2669	(قدوم وشمكير على أخيه مرداويج)
2669	(خبر مرداويج مع ابن سامان على جرجان)
2670	(بداية أمر بني بويه)
2671	(ولاية عماد الدولة بن بويه على كرج وأصفهان)
2672	(استيلاء ابن بويه على أرجان وأخواتها ثم على شيراز وبلاد فارس)
2673	(استيلاء ما كان بن كالي على الري)
2674	(مقتل مرداويج وملك أخيه وشمكير من بعده)
2676	(مسير معز الدولة بن بويه إلى كرمان وهزيمته)
2677	(استيلاء ماكان على جرجان وانتقاضه على ابن سامان)
2678	الخبر عن دولة بني بويه من الديلم المتغلبين على العراقين وفارس والمستبدين على الخلفاء ببغداد من خلافة المستكفي إلى أن صاروا في كفالتهم وتحت حجرهم إلى انقراض دولتهم وأولية ذلك ومصايره
2678	(استيلاء معز الدولة بن بويه على الأهواز)
2679	انتزاع وشمكير أصفهان من يد ركن الدولة ومسيره إلى واسط ثم استرجاعه أصفهان
2680	(مسير معز الدولة إلى واسط والبصرة)
2681	(استيلاء معز الدولة بن بويه على بغداد واندراج أحكام الخلافة في سلطانه)
2682	(خلع المستكفي وبيعة المطيع وما حدث في الجباية والاقطاع)
2683	(مسير ابن حمدان إلى بغداد وانهزامه أمام معز الدولة)
2684	(استيلاء معز الدولة على البصرة والموصل وصلحه مع ابن حمدان)
2685	(استيلاء ركن الدولة على الري ثم طبرستان وجرجان ومسير عساكر ابن سامان اليها)
2686	(بداية بني شاهين ملوك البطيحة أيام بني بويه)
2686	(وفاة عماد الدولة بن بويه وولاية عضد الدولة ابن أخيه على بلاد فارس مكانه)
2687	(وفاة الصيمري ووزارة المهلبي)
2687	(مسير عساكر ابن سامان إلى الري ورجوعها)
2688	(استيلاء ركن الدولة ثانيا على طبرستان وجرجان)
2689	(اقامة الدعوة لبني بويه بخراسان)
2689	(مسير عساكر ابن سامان إلى الري وأصفهان)
2690	(خروج روزبهان على معز الدولة وميل الديلم اليه)
2691	(استيلاء معز الدولة على الموصل ثم عودها)
2692	(العهد لبختيار)
2692	(استيلاء ركن الدولة على طبرستان وجرجان)
2692	(ظهور البدعة ببغداد)
2693	(وفاة الوزير المهلبي)
2693	(استيلاء معز الدولة ثالثا على الموصل)
2694	(استيلاء معز الدولة على عمان)
2695	(وفاة معز الدولة وولاية ابنه بختيار)
2696	(مسير عساكر ابن سامان إلى الري ومهلك وشمكير)
2696	(استيلاء عضد الدولة على كرمان)
2697	(مسير ابن العميد إلى حسنويه ووفاته)
2698	(انتقاض كرمان على عضد الدولة)
2699	(عزل أبي الفضل ووزارة ابن بقية)
2700	(استيلاء بختيار على الموصل ثم رجوعه عنها)
2701	(الفتنة بين الديلم والأتراك وانتقاض سبكتكين)
2701	(مسير بختيار لقتال سبكتكين وخروج سبكتكين إلى واسط ومقتله)
2702	(استيلاء عضد الدولة على العراق واعتقال بختيار ثم عوده إلى ملكه)
2704	(أخبار عضد الدولة في ملك عمان)
2704	(اضطراب كرمان على عضد الدولة)
2705	(وفاة ركن الدولة وملك ابنه عضد الدولة)
2706	(مسير عضد الدولة إلى العراق وهزيمة بختيار)
2706	(نكبة أبي الفتح بن العميد)
2707	(استيلاء عضد الدولة على العراق ومقتل بختيار وابن بقية)
2707	(استيلاء عضد الدولة على أعمال بني حمدان)
2708	(إيقاع العساكر ببني شيبان)
2709	(وصول ورد بن منير البطريق الخارج على ملك الروم إلى ديار بكر والقبض عليه)
2710	(دخول بني حسنويه في الطاعة وبداية أمرهم)
2711	(استيلاء عضد الدولة على همذان والري من يد أخيه فخر الدولة وولاية أخيهما مؤيد الدولة عليها)
2712	(استيلاء عضد الدولة على بلاد الهكارية وقلعة سندة)
2712	(وفاة عضد الدولة وولاية ابنه صمصام الدولة)
2713	(استيلاء شرف الدولة بن عضد الدولة على فارس واقتطاعها من أخيه صمصام الدولة)
2714	(وفاة مؤيد الدولة صاحب أصفهان والري وجرجان وعود فخر الدولة إلى ملكه)
2714	(انتقاض محمد بن غانم على فخر الدولة)
2715	(تغلب باد الكردي على الموصل من يد الديلم ثم رجوعها اليهم)
2716	(استيلاء صمصام الدولة على عمان ورجوعها لمشرف الدولة)
2716	(خروج نصر بن عضد الدولة على أخيه صمصام الدولة وانهزامه وأسره)
2717	(استيلاء القرامطة على الكوفة بدعوة مشرف الدولة ثم انتزاعها منهم)
2718	(استيلاء مشرف الدولة على الأهواز ثم على بغداد واعتقال صمصام الدولة)
2719	(أخبار مشرف الدولة في بغداد مع جنده ووزرائه)
2720	(وفاة مشرف الدولة وولاية أخيه بهاء الدولة)
2720	(وثوب صمصام الدولة بفارس وأخباره مع أبي علي ابن أخيه مشرف الدولة)
2721	(مسير فخر الدولة صاحب الري وأصفهان وهمذان إلى العراق وعوده)
2722	(مسير بهاء الدولة إلى أخيه صمصام الدولة بفارس)
2722	(القبض على الطائع ونصب القادر للخلافة)
2723	(رجوع الموصل إلى بهاء الدولة)
2723	(أخبار ابن المعلم)
2724	(خروج أولاد بختيار وقتلهم)
2724	(استيلاء صمصام الدولة على الأهواز ورجوعها منه)
2726	(استيلاء صمصام الدولة على الأهواز ثم على البصرة)
2727	(وفاة الصاحب بن عباد)
2727	(وفاة فخر الدولة صاحب الري وملك ابنه مجد الدولة)
2728	(وفاة العلاء بن الحسن صاحب خوزستان)
2728	(مقتل صمصام الدولة)
2729	(استيلاء بهاء الدولة على فارس وخوزستان)
2729	(مقتل ابن بختيار بكرمان واستيلاء بهاء الدولة عليها)
2730	(مسير ظاهر بن خلف إلى كرمان واستيلاؤه عليها ثم ارتجاعها)
2730	(حروب عساكر بهاء الدولة مع بني عقيل)
2731	(الفتنة بين أبي علي وأبي جعفر)
2732	(الفتنة بين مجد الدولة صاحب الري وبين أمه واستيلاء ابن خالها علاء الدين بن كاكويه على أصفهان)
2732	(وفاة عميد العراق وولاية فخر الملك)
2734	(وفاة بهاء الدولة وولاية ابنه سلطان الدولة)
2734	(استيلاء شمس الدولة على الري من يد أخيه مجد الدولة ورجوعه عنها)
2734	(مقتل فخر الملك ووزارة ابن سهلان)
2735	(انتقاض أبي الفوارس على أخيه سلطان الدولة)
2736	(وثوب مشرف الدولة على أخيه سلطان الدولة ببغداد واستبداده آخرا بالملك)
2737	(استيلاء ابن كاكويه على همذان)
2737	(وزارة أبي القاسم المغربي لمشرف الدولة ثم عزله)
2738	(وفاة سلطان الدولة بفارس وملك ابنه أبي كليجار وقتل ابن مكرم)
2739	(وفاة مشرف الدولة وملك أخيه جلال الدولة)
2740	(استيلاء جلال الدولة على ملك بغداد)
2740	(أخبار ابن كاكويه صاحب أصفهان مع الأكراد ومع الأصبهبذ)
2741	(دخول خفاجة في طاعة أبي كليجار)
2742	(شغب الأتراك على جلال الدولة)
2742	(استيلاء أبي كليجار على البصرة ثم على كرمان)
2743	(قيام بني دبيس بدعوة أبي كليجار)
2743	(استيلاء أبي كليجار على واسط ثم انهزامه وعودها لجلال الدولة)
2744	(استيلاء محمود بن سبكتكين صاحب خراسان على بلاد الري والجيل وأصفهان)
2745	(اخبار الغز بالري وأصفهان وأعمالها وعودهما إلى علاء الدولة)
2747	(استيلاء مسعود بن سبكتكين على همذان وأصفهان والري ثم عودها إلى علاء الدولة بن كاكويه)
2748	(استيلاء جلال الدولة على البصرة ثم عودها لأبي كليجار)
2748	(وفاة القادر ونصب القائم للخلافة)
2749	وثوب الأتراك ببغداد بجلال الدولة بدعوة أبي كاليجار ثم رجوعهم إلى جلال الدولة
2750	(استيلاء جلال الدولة على البصرة ثانيا ثم عودها لابي كاليجار)
2750	(إخراج جلال الدولة من دار الملك ثم عوده)
2751	(فتنة بادسطفان ومقتله)
2752	(مصالحه جلال الدولة وأبي كاليجار)
2752	(عزل الظهير أبي القاسم عن البصرة واستقلال أبي كاليجار بها)
2753	(أخبار عمان وابن مكرم)
2754	(وفاة جلال الدولة سلطان بغداد وولاية أبي كاليجار)
2755	(أخبار ابن كاكويه مع عساكر مسعود وولايته على أصفهان ثم ارتجاعه منها)
2756	(وفاة علاء الدولة أبي جعفر بن كاكويه)
2758	(موت أبي كاليجار)
2759	(ملك الملك الرحيم بن أبي كاليجار ومواقعة)
2761	(الفتنة بين البساسيري وبني عقيل واستيلاؤه على الأنبار)
2762	(استيلاء الخوارج على عمان)
2762	(الفتنة بين العامة ببغداد)
2763	(استيلاء الملك الرحيم على البصرة)
2763	(استيلاء فلاستون على شيراز بدعوة طغرلبك)
2764	(وقائع البساسيري مع الاعراب والأكراد لطغرلبك)
2764	(فتنة الأتراك واستيلاء عساكر طغرلبك على النواحي)
2765	(الوحشة بين القائم والبساسيري)
2766	(وثوب الأتراك بالبساسيري ونهب داره)
2766	(استيلاء طغرلبك على بغداد والخليفة ونكبة الملك الرحيم وانقراض دولة بني بويه)
2768	(الخبر عن دولة وشمكير وبنيه من الجيل اخوة الديلم وما كان لهم من الملك والسلطان بجرجان وطبرستان وأولية ذلك ومصايره)
2769	(استيلاء عساكر خراسان على الري والجيل وملك وشمكير طبرستان)
2769	(استيلاء الحسن بن القيرزان [٢] على جرجان)
2770	(رجوع الري لوشمكير واستيلاء ابن بويه عليها)
2770	(استيلاء وشمكير على جرجان)
2771	(استيلاء ركن الدولة على طبرستان وجرجان)
2771	(وفاة وشمكير وولاية ابنه بهستون)
2772	(وفاة بهستون وولاية أخيه قابوس)
2772	(استيلاء عضد الدولة على جرجان وطبرستان)
2773	(عود قابوس إلى جرجان وطبرستان)
2774	(مقتل قابوس وولاية ابنه منوجهر)
2775	(وفاة منوجهر وولاية ابنه أنوشروان)
2775	(الخبر عن دولة مسافر من الديلم بآذربيجان ومصايره)
2776	(استيلاء المرزبان بن محمد بن مسافر على آذربيجان)
2777	(استيلاء الروس على مدينة بردعة وظفر المرزبان بهم)
2778	(مسير المرزبان إلى الري وهزيمته وحبسه)
2780	(وفاة المرزبان وولاية ابنه خستان)
2780	(مقتل خستان واخوته واستيلاء عمهم وهشودان على آذربيجان)
2781	(استيلاء إبراهيم بن المرزبان ثانيا على آذربيجان)
2782	(دخول الغز آذربيجان)
2783	(استيلاء طغرلبك على آذربيجان)
2784	(الخبر عن بني شاهين ملوك البطيحة ومن ملكها من بعدهم من قرابتهم وغيرهم وابتداء ذلك ومصايره)
2785	(مسير العساكر إلى عمران بن شاهين وانهزامها)
2786	(وفاة عمران بن شاهين وقيام ابنه الحسن مقامه ومحاربته عساكر عضد الدولة)
2786	(مقتل الحسن بن عمران وولاية أخيه أبي الفرج)
2787	(مقتل أبي الفرج وولاية أبي المعالي بن الحسن)
2787	(استيلاء المظفر وخلع أبي المعالي)
2787	(وفاة المظفر وولاية مهذب الدولة)
2788	(بعث ابن واصل على البطيحة وعزل مهذب الدولة)
2789	(عود مهذب الدولة إلى البطيحة)
2790	(وفاة مهذب الدولة وولاية ابن أخته عبد الله بن نسي)
2790	(وفاة ابن نسي وولاية السراني)
2790	(نكبة السراني وولاية صدقة المازياري)
2791	(وفاة صدقة وولاية سابور بن المرزبان)
2791	(عزل سابور وولاية أبي نصر)
2791	(عصيان أهل البطيحة على أبي كاليجار)
2792	(استيلاء أبي كاليجار على البطيحة)
2792	(ولاية مهذب الدولة بن أبي الخير على البطيحة)
2793	(ولاية نصر بن النفيس والمظفر بن حماد من بعده على البطيحة)
2794	(اجلاء بني معروف من البطيحة)
2794	(الخبر عن دولة بني حسنويه من الأكراد القائمين بالدعوة العباسية بالدينور والصامغان ومبدإ أمورهم وتصاريف أحوالهم)
2795	(وفاة حسنويه وولاية ابنه بدر)
2796	(حروب بدر بن حسنويه وعساكر مشرف الدولة)
2797	(مسير ابن حسنويه لحصار بغداد مع أبي جعفر بن هرمز)
2798	(انتقاض هلال بن بدر بن حسنويه على أبيه وحروبهما)
2799	(استيلاء ظاهر بن هلال على شهرزور)
2799	(مقتل بدر بن حسنويه وابنه هلال)
2800	(مقتل ظاهر بن هلال واستيلاء أبي الشوك على بلادهم ورياستهم)
2801	(الفتنة بين أبي الفتح بن أبي الشوك وعمه مهلهل)
2802	(استيلاء نيال أخي طغرلبك على ولاية أبي الشوك)
2803	(وفاة أبي الشوك وقيام أخيه مهلهل مقامه)
2803	(استيلاء سعدي بن أبي الشوك على أعمالهم بدعوة السلجوقية)
2804	(نكبة سرخاب واستيلاء نيال على أعمالهم كلها)
2805	(بقية أخبار مهلهل وابن أبي الشوك وانقراض أمرهم)
2807	المجلد الخامس
2807	تتمة الكتاب الثاني ...
2807	تتمة القول في أجيال العرب ...
2807	تتمة الطبقة الثالثة من العرب ...
2807	الخبر عن دولة السلجوقية من الترك المستولين على ممالك الإسلام ودوله بالمشرق كلها إلى حدود مصر مستبدين على الخليفة ببغداد من خلافة القائم إلى هذا الزمان وما كان لهم من الملك والسلطان في أقطار العالم وكيف فعلوا بالعلماء وحجروهم وما تفرع عن دولتهم
2809	غزاة السلطان آلب أرسلان إلى خلاط واسر ملك الروم
2809	(فتنة قاروت بك صاحب كرمان ومقتله)
2810	استيلاء السلجوقية على دمشق وحصارهم مصر ثم استيلاء تتش ابن السلطان آلب أرسلان على دمشق
2812	(سفارة الشيخ أبي إسحاق الشيرازي عن الخليفة)
2812	اتصال بني جهير بالسلطان ملك شاه ومسير فخر الدولة لفتح ديار بكر
2812	(استيلاء ابن جهير على الموصل)
2813	فتح سليمان بن قطلمش انطاكية والخبر عن مقتله ومقتل مسلم ابن قريش واستيلاء تتش على حلب
2814	(استيلاء ابن جهير على ديار بكر)
2814	(استيلاء السلطان ملك شاه على حلب وولاية آقسنقر عليها)
2815	(خبر الزفاف)
2816	(استيلاء السلطان ملك شاه على ما وراء النهر)
2816	(عصيان سمرقند وفتحها ثانيا)
2817	(استيلاء تتش على حمص وغيرها من سواحل الشام)
2818	(ملك اليمن)
2818	(مقتل الوزير نظام الملك)
2819	وفاة السلطان ملك شاه وولاية ابنه محمود
2820	منازعة بركيارق لأخيه محمود وانتظام سلطانه
2821	(منازعة تتش بن آلب أرسلان وأخباره إلى حين انهزامه
2822	مقتل إسماعيل بن ياقوتي
2822	استيلاء تتش على البلاد بعد مقتل آق سنقر ثم هزيمة بركيارق
2823	مقتل تتش واستقلال بركيارق بالسلطان
2824	استيلاء كربوقاالموصل
2824	استيلاء أرسلان أرغون اخي السلطان ملك شاه على خراسان ومقتله
2825	ولاية سنجر على خراسان
2826	ظهور المخالفين بخراسان
2826	بداية دولة بني خوارزم شاه
2827	استيلاء الافرنج على انطاكية وغيرها من سواحل الشام
2828	انتقاض الأمير انز وقتله
2829	استيلاء الافرنج على بيت المقدس
2829	ظهور السلطان محمد بن ملك شاه والخطبة له ببغداد وحروبه مع أخيه بركيارق
2830	مقتل الباسلاني
2831	اعادة الخطبة ببغداد لبركيارق
2831	المصاف الأول بين بركيارق ومحمد ومقتل كوهراس وهزيمة بركيارق والخطبة لمحمد
2832	مسير بركيارق خراسان وانهزامه من أخيه سنجر ومقتل الأمير داود حبشي أمير خراسان
2833	المصاف الثاني بين بركيارق ومحمد وهزيمة محمد وقتل وزيره مؤيد الملك والخطبة لبركيارق
2834	مسير بركيارق عن بغداد ودخول محمد وسنجر اليها
2835	قتل بركيارق الباطنية
2837	انتقاض الصلح والمصاف الرابع بين السلطانين وحصار محمد بأصبهان
2838	مسير صاحب البصرة إلى واسط
2839	وفاة كربوقا صاحب الموصل واستيلاء جكرمش عليها واستيلاء سقمان بن ارتق على حصن كيفا
2840	ولاية كمستكين النصيري شحنة بغداد وفتنته مع أبي الغازي وحربه
2841	المصاف الخامس بين بركيارق ومحمد
2842	استيلاء ملك بن بهرام على مدينة غانة
2843	(حرب سقمان وجكرمس [١] الافرنج)
2844	حصار السلطان محمد الموصل
2845	استيلاء السلطان محمد على بغداد وخلع ملك شاه ابن أخيه ومقتل أياز
2846	استيلاء سقمان بن أرتق على ماردين وموته
2847	خروج منكبرس على السلطان محمد ونكبته
2848	ولاية جاولي سكاور [١] على الموصل وموت جكرمش
2850	مقتل صدقة بن مزيد
2850	استيلاء مودود بن أبي شكين على الموصل من يد جاولي
2853	مقتل مودود بن توتكين [١] صاحب الموصل في حرب الافرنج وولاية البرسقي مكانه
2854	مسير العساكر لقتال أبي الغازي وقطلغتكين والجهاد بعدهما
2855	ولاية حيوش بك ومسعود بن السلطان محمد علي الموصل
2855	ولاية جاولي سكاوو على فارس وأخباره فيها ووفاته
2857	وفاة السلطان محمد وملك ابنه محمود
2857	وفاة المستظهر وخلافة ابنه المسترشد
2857	خروج مسعود ابن السلطان محمد على أخيه محمود
2859	خروج الملك طغرل [١] على أخيه السلطان محمود
2859	فتنة السلطان محمود مع عمه سنجر
2861	استبداد علي بن سكمان بالبصرة
2862	استيلاء الكرج على تفليس
2862	الحرب بين السلطان محمود وأخيه مسعود
2863	ولاية آقسنقر البرسقي على الموصل ثم على واسط وشحنة العراق
2864	مقتل حيوس بك والوزير الشهيرمي
2864	رجوع طغرل إلى طاعة أخيه السلطان محمود
2865	مقتل وزير السلطان محمود
2865	ظفر السلطان بالكرج
2866	عزل البرسقي عن شحنة العراق وولاية برتقش الزكوي
2866	بداية أمر بني آقسنقر وولاية عماد الدين زنكي على البصرة
2866	استيلاء البرسقي على حلب
2867	مسير طغرل ودبيس إلى العراق
2868	مقتل البرسقي وولاية ابنه عز الدين على الموصل
2869	وفاة عز الدين بن البرسقي وولاية عماد الدين زنكي على الموصل وأعمالها ثم استيلاؤه على حلب
2870	قدوم السلطان سنجر إلى الري ثم قدوم السلطان محمود إلى بغداد
2871	منازعة السلطان مسعود لداود ابن أخيه واستيلاؤه على السلطان بهمذان
2872	هزيمة السلطان مسعود وملك طغرل أخيه
2873	هزيمة السلطان داود واستيلاء طغرل بن محمد على الملك
2873	عود السلطان مسعود إلى الملك وهزيمة طغرل
2874	عود الملك طغرل إلى الجبل وهزيمة السلطان مسعود
2874	وفاة طغرل واستيلاء مسعود على الملك
2874	فتنة المسترشد مع السلطان مسعود ومقتله وخلافة ابنه الراشد
2876	فتنة الراشد مع السلطان مسعود
2877	حصار بغداد ومسير الراشد إلى الموصل وخلعه وخلافة المقتفى
2877	الفتنة بين السلطان مسعود وبين داود والراشد وهزيمة مسعود ومقتل الراشد
2879	فتنة السلطان سنجر مع خوارزم شاه
2879	استيلاء قراسنقر صاحب آذربيجان على بلاد فارس
2879	مسير جهان دانكي إلى فارس
2880	هزيمة السلطان سنجر امام الخطا واستيلاؤهم على ما وراء النهر
2882	أخبار خوارزم شاه بخراسان وصلحه مع سنجر
2882	صلح زنكي مع السلطان مسعود
2882	انتقاض صاحب فارس وصاحب الري
2883	مقتل طغايرك [١] وعباس
2884	مقتل بوزابة صاحب فارس
2884	انتقاض الأمراء على السلطان
2885	وفاة السلطان مسعود وولاية ملك شاه بن أخيه محمود ثم أخيه محمد من بعده
2885	تغلب الغز على خراسان وهزيمة السلطان سنجر وأسره
2887	استيلاء المؤيد على نيسابور وغيرها
2888	استيلاء ايتاخ على الري
2888	الخبر عن سليمان شاه وحبسه بالموصل
2889	فرار سنجر من أسر الغز
2889	حصار السلطان محمد بغداد
2890	وفاة سنجر
2890	منازعة ايتاق للمؤيد
2891	منازعة سنقر العزيزي للمؤيد ومقتله
2891	فتنة الغز الثانية بخراسان وخراب نيسابور على يد المؤيد
2892	استيلاء ملك شاه بن محمود على خوزستان
2892	وفاة السلطان محمد وولاية عمه سليمان شاه
2893	وفاة المقتفي وخلافة المستنجد
2893	اتفاق المؤيد مع محمود الخان
2894	الحرب بين عسكر خوارزم شاه والأتراك البرزية
2894	وفاة ملك شاه بن محمود
2895	قتل سليمان شاه والخطبة لأرسلان
2896	الحرب بين ايلدكز وانبانج
2896	الفتنة بنيسابور وتخريبها
2897	فتح المؤيد طوس وغيرها
2898	الحرب بين المسلمين والكرج
2898	ملك المؤيد اعمال قومس والخطبة للسلطان ارسلان بخراسان
2898	اجلاء القارغلية من وراء النهر
2899	استيلاء سنقر على الطالقان وغرشستان
2899	قتل صاحب هراة
2899	ملك شاه مازندران قومس وبسطام ووفاته
2900	حصر عسكر المؤيد نسا
2900	الحرب بين البهلوان وصاحب مراغة
2900	ملك شملة فارس وإخراجه عنها
2900	ملك ايلدكز الري
2901	وفاة صاحب كرمان والخلف بين أولاده
2901	وفاة خوارزم شاه وولاية ابنه سلطان شاه ومنازعته مع أخيه الأكبر علاء الدين تكش
2902	وفاة الأتابك شمس الدين أيلديكز وولاية ابنه محمد البهلوان
2902	وفاة السلطان أرسلان بن طغرل
2903	وفاة البهلوان محمد بن أيلديكز وملك أخيه قزل
2903	قتل قزل أرسلان قتلغ وولاية أخيه
2903	قتل السلطان طغرل وملك خوارزم شاه الري ووفاة أخيه سلطان شاه
2904	ملك الكرج الدويرة
2905	قتل كوجه ببلاد الجبل وملك آيدغمش
2905	قصد صاحب مراغة وصاحب أربل أذربيجان
2905	وفاة صاحب مازندان والخلف بين أولاده
2906	ملك ابن البهلوان مراغة
2906	استيلاء منكلي على بلاد الجبل وأصفهان وغيرها وهرب آيدغمش وقتله
2908	بنو أنوشتكين
2909	وفاة محمد بن أنوشتكين وولاية ابنه أتسز
2909	الحرب بين السلطان سنجر واتسز خوارزم شاه
2909	انهزام السلطان سنجر من الأتراك الخطا وملكهم ما وراء النهر
2910	وفاة اتسز وملك ولده أرسلان
2911	وفاة خوارزم شاه ارسلان وملك ولده سلطان شاه وبعده ولده الآخر تكش وملك طغان شاه بن المؤيد ثم موته وملك ابنه سنجر شاه
2914	وفاة أيلديكز وملك ابنه محمد البهلوان
2915	وفاة ملك شاه بن خوارزم شاه تكش
2916	الخطا انهزام الخطا من الغورية
2916	ملك خوارزم شاه تكين الري وبلاد الجبل
2917	وفاة خوارزم شاه
2918	ملوك الغورية استيلاء ملوك الغورية على أعمال خوارزم شاه محمد تكش بخراسان وارتجاعه إياها منهم ثم حصاره هراة من أعمالهم
2921	حصار شهاب الدين خوارزم شاه وانهزامه أمام الخطا
2922	استيلاء خوارزم شاه على بلاد الغورية بخراسان
2923	استيلاء خوارزم شاه على ترمذ وتسليمها للخطأ
2924	استيلاء خوارزم شاه على الطالقان
2924	استيلاء خوارزم شاه على مازندان وأعمالها [١]
2925	استيلاء خوارزم شاه على ما وراء النهر وقتاله مع الخطا وأسره وخلاصه
2926	مقتل ابن حرميل ثم استيلاء خوارزم شاه على هراة
2927	[١] استيلاء خوارزم شاه على بيروز كوه [١] وسائر بلاد خراسان
2927	هزيمة الخطا
2927	انتقاض صاحب سمرقند
2928	استلحام الخطا
2929	استيلاء خوارزم شاه على كرمان ومكران والسند
2930	استيلاء خوارزم شاه على غزنة وأعمالها
2930	استيلاء خوارزم شاه على بلاد الجبل
2931	طلب الخطبة وامتناع الخليفة منها
2932	قسمة السلطان خوارزم شاه الملك بين ولده
2933	أخبار تركمان خاتون أم السلطان محمد بن تكش
2933	التتر (خروج التتر وغلبهم على ما وراء النهر وفرار السلطان أمامهم من خراسان
2934	إجفال السلطان خوارزم شاه إلى خراسان ثم إلى طبرستان ومهلكه
2935	مسير التتر بعد مهلك خوارزم شاه من العراق إلى أذربيجان وما وراءها من البلاد هنالك
2938	أخبار خراسان بعد مهلك خوارزم شاه
2939	أخبار السلطان جلال الدين منكبرس مع التتر بعد مهلك خوارزم شاه واستقراره بغزنة
2940	استيلاء التتر على مدينة خوارزم وتخريبها
2941	خبر آبنايخ نائب بخارى وتغلبه على خراسان ثم فراره أمام التتر إلى الري
2941	خبر ركن الدين غور شاه صاحب العراق من ولد خوارزم شاه
2942	خبر غياث الدين ثير شاه صاحب كرمان من ولد السلطان خوارزم شاه
2943	أخبار السلطان جلال الدين منكبرس وهزيمته أمام التتر ثم عوده إلى الهند
2944	أخبار جلال الدين بالهند
2945	أحوال العراق وخراسان في ايالة غياث الدين
2945	وصول جلال الدين من الهند إلى كرمان وأخباره بفارس والعراق مع أخيه غياث الدين
2946	استيلاء ابن آبنايخ على نسا
2947	مسير السلطان جلال الدين إلى خوزستان ونواحي بغداد
2947	أولية الوزير شرف الدين
2948	عود التتر إلى الري وهمذان وبلاد الجبل
2948	وقائع أذربيجان قبل مسير جلال الدين اليها
2949	استيلاء جلال الدين على أذربيجان وغزو الكرج
2950	فتح السلطان مدينة كنجة ونكاحه زوجة ازبك
2951	استيلاء جلال الدين على تفليس من الكرج بعد هزيمته إياهم
2952	انتقاض صاحب كرمان ومسير السلطان اليه
2953	مسير جلال الدين إلى حصار خلاط
2953	دخول الكرج مدينة تفليس وإحراقها
2954	أخبار السلطان جلال الدين مع الإسماعيلية
2954	استيلاء حسام الدين نائب خلاط على مدينة خوى
2955	واقعة السلطان مع التتر على أصبهان
2956	الوحشة بين السلطان جلال الدين وأخيه غياث الدين
2956	انتقاض البهلوانية
2957	إيقاع نائب خلاط بالوزير
2958	فتوحات الوزير بآذربيجان واران
2959	أخبار الوزير بخراسان
2959	خبر بلبان صاحب خلخال
2960	تنكر السلطان للوزير شرف الملك
2961	وصول القفجاق لخدمة السلطان
2961	استيلاء السلطان على أعمال كستاسفى
2961	قدوم شروان شاه
2962	مسير السلطان إلى بلاد الكرج وحصاره قلاع بهرام
2962	مسير السلطان إلى خلاط وحصارها
2963	واقعة السلطان جلال الدين مع الأشرف وكيقباد وانهزامه أمامهما
2964	الحوادث أيام حصار خلاط
2965	وصول جهان بهلوان ازبك من الهند
2966	وصول التتر إلى آذربيجان
2967	استيلاء التتر على تبريز وكنجة
2967	نكبة الوزير ومقتله
2968	ارتجاع السلطان كنجة
2968	واقعة التتر على السلطان بآمد ومهلكه
2971	الخبر عن دولة بني تتش بن البارسلان ببلاد الشام دمشق وحلب وأعمالهما وكيف تناوبوا فيها القيام بالدعوة العباسية والدعوة العلوية إلى حين انقراض أمرهم
2972	مقتل تتش
2973	استيلاء رضوان بن تتش على حلب
2974	استيلاء دقاق بن تتش على دمشق
2974	الفتنة بين دقاق وأخيه رضوان
2975	استيلاء دقاق على الرحبة
2975	وفاة دقاق وولاية أخيه تلتاش ثم خلعه
2976	الحرب بين طغركين والفرنج أشهرا
2976	مسير رضوان صاحب حلب لحصار نصيبين
2977	استيلاء الفرنج على افامية
2978	استيلاء طغركين على بصرى
2978	غزو طغركين وهزيمته
2979	انتقاض طغركين على السلطان محمد
2980	وفاة رضوان بن تتش صاحب حلب وولاية ابنه البارسلان
2980	مهلك لؤلؤ الخادم واستيلاء أبي الغازي ثم مقتل البارسلان وولاية أخيه السلطان شاه
2981	هزيمة طغركين أمام الافرنج
2981	منازلة الافرنج دمشق
2982	وفاة طغركين وولاية ابنه بوري
2982	أسر تاج الملك لدبيس بن صدقة وتمكين عماد الدين زنكي منه
2983	وفاة تاج الملوك بوري صاحب دمشق وولاية ابنه شمس الملوك إسماعيل
2983	استيلاء شمس الملوك على الحصون
2984	مقتل شمس الملوك وولاية أخيه شهاب الدين محمود
2984	استيلاء شهاب الدين محمود على حمص
2985	استيلاء عماد الدين زنكي على حمص وغيرها من أعمال دمشق
2985	مقتل شهاب الدين محمود وولاية أخيه محمد
2986	استيلاء زنكي على بعلبك وحصاره دمشق
2986	وفاة جمال الدين محمد بن بوري وولاية ابنه مجير الدين أنز
2987	مسير الإفرنج لحصار دمشق
2988	استيلاء نور الدين محمود العادل على دمشق وانقراض دولة بني تتش من الشام
2989	الخبر عن دولة قطلمش وبنيه ملوك قونية وبلاد الروم من السلجوقية ومبادئ أمورهم وتصاريف أحوالهم
2991	استيلاء قليج أرسلان على الموصل
2992	الحرب بين قليج أرسلان وبين الإفرنج
2992	مقتل قليج أرسلان وولاية ابنه مسعود
2993	استيلاء مسعود بن قليج أرسلان على ملطية وأعمالها
2993	وفاة مسعود بن قليج وولاية ابنه قليج أرسلان
2993	مسير نور الدين العادل إلى بلاد قليج أرسلان
2994	مسير صلاح الدين لحرب قليج أرسلان
2995	قسمة قليج أرسلان أعماله بين ولده وتغلبهم عليه
2995	وفاة قليج أرسلان وولاية ابنه غياث الدين
2996	استيلاء ركن الدين سليمان على قونية وأكثر بلاد الروم وفرار غياث الدين
2996	وفاة ركن الدين وولاية ابنه قليج أرسلان
2996	استيلاء غياث الدين كسنجر على بلاد الروم من أخيه ركن الدين
2997	مقتل غياث الدين كسنجر وولاية ابنه كيكاوس
2997	مسير كيكاوس إلى حلب واستيلاؤه على بعض أعمالها ثم هزيمته وارتجاع البلد من يده
2998	وفاة كيكاوس وملك أخيه كيغباد
2998	الفتنة بين كيغباد وصاحب آمد من بني أرتق وفتح عدة من حصونه
2999	استيلاء كيغباد على مدينة أرزنكان
2999	فتنة كيغباد مع جلال الدين
2999	مسير بني أيوب إلى كيغباد وهزيمتهم
3000	وفاة كيغباد وملك ابنه كنجسرو [١]
3000	وفاة غياث الدين وولاية ابنه كيغباد
3001	وفاة كيغباد وملك أخيه كيكاوس
3002	استيلاء التتر على قونية
3002	الفتنة بين عز الدين كيكاوس وأخيه قليج أرسلان واستيلاء قليج أرسلان على الملك
3003	خبر عز الدين كيكاوس
3003	مقتل ركن الدين قليج أرسلان وولاية ابنه كنجسرو
3003	استيلاء الظاهر ملك مصر على قيسارية ومقتل البرنواه
3004	خلع كنجسرو ثم مقتله وولاية مسعود ابن عمه كيكاوس
3006	الخبر عن بني سكمان موالي السلجوقية ملوك خلاط وبلاد أرمينية ومصير الملك إلى مواليهم من بعدهم ومبادي أمرهم وتصاريف أحوالهم
3008	وفاة شاه ارمن سكمان وولاية مكتمر مولى أبيه
3008	وفاة مكتمر وولاية آقسنقر
3008	وفاة آقسنقر وولاية محمد بن مكتمر
3009	نكبة ابن مكتمر واستيلاء بلبان على خلاط وأعمالها
3012	أخبار الإفرنج فيما ملكوه من سواحل الشام وثغوره وكيف تغلبوا عليه وبداية أمرهم في ذلك ومصايره
3013	استيلاء الإفرنج على معرة النعمان ثم على بيت المقدس
3014	عساكر مصر وحرب الإفرنج مسبر العساكر من مصر لحرب الإفرنج
3014	إيقاع ابن الدانشمند بالإفرنج
3015	حصار الإفرنج قلعة جبلة
3016	استيلاء الإفرنج على سروج وقيسارية وغيرهما
3016	حصار الإفرنج طرابلس وغيرها
3017	حصار الإفرنج عسقلان وحروبهم مع عساكر مصر
3018	استيلاء الإفرنج على جبيل وعكا
3018	غزو أمراء السلجوقية بالجزيرة الفرنج
3019	حرب الإفرنج مع رضوان بن تتش صاحب حلب
3019	حرب الإفرنج مع عساكر مصر
3019	حرب الإفرنج مع طغركين
3020	استيلاء الإفرنج على حصن أفامية
3021	خبر الإفرنج في حصار طرابلس
3021	خبر القمص صاحب الرها مع جاولي ومع صاحب أنطاكية
3023	حروب الإفرنج مع طغركين
3023	استيلاء الإفرنج على طرابلس وبيروت وصيدا وجبيل وبانياس
3024	استيلاء أهل مصر على عسقلان
3024	استيلاء الإفرنج على حصن الأثارب وغيره
3025	مسير الأمراء السلجوقية إلى قتال الإفرنج
3026	حصار الإفرنج مدينة صور
3026	أخبار مودود مع الإفرنج ومقتله ووفاة صاحب انطاكية
3027	أخبار البرسقي مع الافرنج
3028	الحرب بين العساكر السلطانية والفرنج
3029	وفاة ملك الافرنج وأخبارهم بعده مع المسلمين
3030	ارتجاع الرها من الافرنج
3030	استيلاء الافرنج على خرت برت وارتجاعها منهم
3031	استيلاء الإفرنج على مدينة صور
3031	فتح البرسقي كفرطاب وانهزامه من الإفرنج
3032	الحرب بين طغركين والإفرنج
3032	هزيمة صاحب طرابلس
3033	فتح صاحب دمشق بانياس
3033	استيلاء شمس الملوك على الشقيف
3033	استيلاء الإفرنج على جزيرة جربة من إفريقية
3034	فتح صاحب دمشق بعض حصون الإفرنج
3035	استيلاء الإفرنج على طرابلس الغرب
3035	استيلاء الإفرنج على المهدية
3038	استيلاء الإفرنج على بونة ووفاة رجار صاحب صقلية وملك ابنه غليالم
3040	استيلاء الإفرنج على عسقلان
3040	ثورة المسلمين بسواحل إفريقية على الإفرنج المتغلبين فيها
3041	ارتجاع عبد المؤمن المهدية من يد الإفرنج
3042	حصار الإفرنج أسد الدين شيركوه في بلبيس
3044	حصار الإفرنج القاهرة
3047	حصار الافرنج دمياط
3048	استيلاء الافرنج على القسطنطينية
3049	الخبر عن دولة بني ارتق وملكهم لماردين وديار بكر ومبادي أمورهم وتصاريف أحوالهم
3051	استيلاء سقمان بن ارتق على ماردين
3052	وفاة سقمان بن ارتق وولاية أخيه أبي الغازي مكانه بماردين
3053	اضطراب أبي الغازي في طاعته وأسره ثم خلاصه
3055	استيلاء أبي الغازي على حلب
3055	واقعة أبي الغازي مع الافرنج
3056	انتقاض سليمان بن أبي الغازي بحلب
3056	واقعة مالك بن بهرام مع جوسكين صاحب الرها
3057	وفاة أبي الغازي [١] وملك بنيه من بعده
3058	وفاة تمرتاش وولاية ابنه البي بعده
3058	ولاية حسام الدين بولق ارسلان بن أبي الغازي بن البي
3059	وفاة بولق [١] وولاية أخيه ارتق
3059	مقتل النقش [٢] واستبداد ارتق المنصور واتصال الملك في عقبه
3062	دولة بني زنكي بن آقسنقر الخبر عن دولة بني زنكي بن آقسنقر من موالي السلجوقية بالجزيرة والشام ومبادي أمورهم وتصاريف أحوالهم
3065	ولاية زنكي شحنة بغداد والعراق
3065	ولاية عماد الدين زنكي على الموصل واعمالها
3066	استيلاء الاتابك زنكي على مدينة حلب
3067	استيلاء الاتابك زنكي على مدينة حماة
3067	فتح عماد الدين حصن الاثارب وهزيمة الافرنج [١]
3068	واقعة عماد الدين مع بني ارتق
3068	حصول دبيس بن صدقة في أسر الاتابك زنكي
3069	مسير الاتابك زنكي إلى العراق لمظاهرة السلطان مسعود وانهزامه
3069	مسير الاتابك عماد الدين إلى بغداد بابنه وانهزامه
3070	واقعة الافرنج على أهل حلب
3070	حصار المسترشد الموصل
3071	ارتجاع صاحب دمشق مدينة حماة
3071	حصار الاتابك زنكي قلعة آمد واستيلاؤه على قلعة النسور ثم حصار قلاع الحميدية
3072	استيلاء الاتابك على قلاع الهكارية وقلعة كواشي
3073	حصار الاتابك زنكي مدينة دمشق
3073	فتنة الراشد مع السلطان مسعود ومسيره إلى الموصل وخلعه
3074	غزاة العساكر حلب إلى الافرنج
3075	حصار الاتابك زنكي مدينة حمص واستيلاؤه على بعدوين وهزيمة الافرنج واستيلاؤه على حمص
3075	مسير الروم إلى الشام وملكهم مراغة [٢]
3077	استيلاء الاتابك زنكي على بعلبك
3077	حصار الاتابك زنكي مدينة دمشق
3078	استيلاء الاتابك على شهرزور وأعمالها
3078	صلح الاتابك مع السلطان مسعود واستيلاؤه على أكثر ديار بكر
3079	فتح الرها وغيرها من أعمال الافرنج
3080	مقتل نصير الدين جقري نائب الموصل وولاية زين الدين على كجك مكانه بالقلعة
3080	حصار زنكي حصن جعبر وفنك
3081	مقتل الاتابك عماد الدين زنكي
3081	استيلاء ابنه غازي على الموصل وابنه الآخر محمود على حلب
3082	عصيان الرها
3082	مصاهرة سيف الدين غازي لصاحب دمشق وهزيمة نور الدين محمود للافرنج
3083	وفاة سيف الدين غازي وملك أخيه قطب الدين مودود
3084	استيلاء السلطان محمود على سنجار
3084	غزو نور الدين إلى انطاكية وقتل صاحبها وفتح افاميا
3085	هزيمة نور الدين جوسكين وأسر جوسكين
3085	استيلاء نور الدين على دمشق
3086	استيلاء نور الدين على تل باشر وحصاره قلعة حارم
3086	استيلاء نور الدين على شيزر
3088	استيلاء نور الدين على بعلبك
3088	استيلاء أخي نور الدين على حران ثم ارتجاعها
3088	خبر سليمان شاه وحبسه بالموصل ثم مسيره منها إلى السلطنة بهمذان
3090	حصار قلعة حارم وانهزام نور الدين إمام الإفرنج ثم هزيمتهم وفتحها
3091	فتح نور الدين قلعة بانياس
3091	وفادة شاور وزير العاضد بمصر على نور الدين العادل صريخا وإنجاده بالعسكر مع أسد الدين شيركوه
3093	فتح نور الدين صافيتا وعريمة ومنبج وجعبر
3094	رحلة زين الدين نائب الموصل إلى أربل واستبداد قطب الدين بملكه
3094	حصار نور الدين قلعة الكرك
3095	وفاة قطب الدين صاحب الموصل وملك ابنه سيف الدين غازي
3095	استيلاء نور الدين على الموصل وإقراره ابن أخيه سيف الدين عليها
3096	الوحشة بين نور الدين وصلاح الدين
3097	واقعة ابن ليون ملك الأرمن بالروم
3098	مسير نور الدين إلى بلاد الروم
3098	مسير صلاح الدين إلى الكرك ورجوعه
3099	وفاة نور الدين محمود وولاية ابنه إسماعيل الصالح
3100	استيلاء سيف الدين غازي على بلاد الجزيرة
3100	حصار الإفرنج بانياس
3101	استيلاء صلاح الدين على دمشق
3101	استيلاء صلاح الدين على حمص وحماة ثم حصاره حلب ثم ملكه بعلبك
3102	حروب صلاح الدين مع سيف الدين غازي صاحب الموصل وغلبه إياه واستيلاؤه على بغدوين وغيرها من أعمال الملك الصالح ثم مصالحته على حلب
3104	عصيان صاحب شهرزور على سيف الدين صاحب الموصل ورجوعه
3104	نكبة كمستكين الخادم ومقتله
3105	وفاة الصالح إسماعيل واستيلاء ابن عمه عز الدين مسعود على حلب
3105	استيلاء عماد الدين على حلب ونزوله عن سنجار لأخيه عز الدين
3106	مسير صلاح الدين إلى بلاد الجزيرة وحصاره الموصل واستيلاؤه على كثير من بلادها ثم على سنجار
3108	استيلاء صلاح الدين على حلب وأعمالها
3108	نكبة مجاهد الدين قايمان [١]
3109	حصار صلاح الدين الموصل وصلحه مع عز الدين صاحبها
3110	وفاة زين الدين يوسف صاحب اربل وولاية أخيه مظفر الدين اقتهى
3111	حصار عز الدين صاحب الموصل جزيرة ابن عمر
3111	مسير عز الدين صاحب الموصل إلى بلاد العادل بالجزيرة ورجوعه عنها
3112	وفاة عز الدين صاحب الموصل وولاية ابنه نور الدين
3112	وفاة عماد الدين صاحب سنجار وولاية ابنه قطب الدين
3113	استيلاء نور الدين صاحب الموصل على نصيبين
3113	هزيمة الكامل بن العادل على ماردين أمام نور الدين صاحب الموصل وبني عمه ملوك الجزيرة
3114	مسير نور الدين صاحب الموصل إلى بلاد العادل بالجزيرة
3114	هزيمة نور الدين صاحب الموصل أمام عسكر العادل
3115	مقتل سنجر شاه صاحب جزيرة ابن عمرو ولاية ابنه محمود بعده
3116	استيلاء العادل على الخابور ونصيبين من أعمال صاحب سنجار وحصاره إياه
3117	وفاة نور الدين صاحب الموصل وولاية ابنه القاهر
3117	وفاة القاهر وولاية ابنه نور الدين ارسلان شاه في كفالة بدر الدين لؤلؤ
3118	استيلاء عماد الدين صاحب عقر على قلاع الهكارية والزوزان
3118	مظاهرة الأشرف بن العادل للؤلؤ صاحب الموصل
3119	واقعة عساكر لؤلؤ بعماد الدين
3119	وفاة نور الدين صاحب الموصل وولاية أخيه ناصر الدين
3119	هزيمة لؤلؤ صاحب الموصل من مظفر الدين صاحب اربل
3120	وفاة صاحب سنجار وولاية ابنه ثم مقتله وولاية أخيه
3120	استيلاء عماد الدين على قلعة كواشي ولؤلؤ على تل أعفر والأشرف على سنجار
3122	صلح الأشرف مع مظفر الدين
3122	رجوع قلاع الهكارية والزوزان إلى طاعة صاحب الموصل
3122	استيلاء صاحب الموصل على قلعة سوس
3123	حصار مظفر الدين الموصل
3123	انتقاض أهل العمادية على لؤلؤ ثم استيلاؤه عليها
3124	مسير مظفر الدين صاحب أربل إلى أعمال الموصل وعوده عنها
3124	مسير التتر في بلاد الموصل وأربل
3125	وفاة مظفر الدين صاحب أربل وعودها إلى الخليفة
3125	بقية أخبار لؤلؤ صاحب الموصل
3126	وفاة صاحب الموصل وولاية ابنه الصالح
3127	دولة بني أيوب
3128	مسير أسد الدين شيركوه إلى مصر وإعادة شاور إلى وزارته
3129	مسير أسد الدين ثانيا إلى مصر وملكه لإسكندرية ثم صلحه عليها وعوده
3130	استيلاء أسد الدين على مصر ومقتل شاور
3132	وفاة أسد الدين وولاية ابن أخيه صلاح الدين
3133	واقعة السودان بمصر
3133	منازلة الإفرنج دمياط وفتح ايلة
3134	إقامة الخطبة العباسية بمصر
3135	الوحشة بين صلاح الدين ونور الدين
3135	وفاة نجم الدين أيوب
3136	استيلاء قراقوش على طرابلس الغرب
3136	استيلاء نور الدين توران شاه بن أيوب على بلاد النوبة ثم على بلاد اليمن
3137	واقعة عمارة ومقتله
3138	وصول الإفرنج من صقلية إلى الإسكندرية
3139	واقعة كنز الدولة بالصعيد
3139	استيلاء صلاح الدين على قواعد الشام بعد وفاة العادل نور الدين
3141	واقعة صلاح الدين مع الملك الصالح وصاحب الموصل وما ملك من الشام بعد انهزامهما
3141	مسير صلاح الدين إلى بلاد الإسماعيلية
3142	غزوات بين المسلمين والافرنج
3142	هزيمة صلاح الدين بالرملة أمام الافرنج
3143	حصار الافرنج مدينة حماة
3143	انتقاض ابن المقدم ببعلبك وفتحها
3144	وقائع مع الافرنج
3144	تخريب حصن الافرنج
3145	الفتنة بين صلاح الدين وقليج ارسلان صاحب الروم
3145	مسير صلاح الدين إلى بلاد ابن اليون
3146	غزوة صلاح الدين إلى الكرك
3146	مسير سيف الإسلام طغركين بن أيوب إلى اليمن واليا عليها
3147	دخول قلعة البيرة في ايالة صلاح الدين وغزوة الافرنج وفتح بعض حصونهم مثل الشقيف والغرر وبيروت
3148	مسير صلاح الدين إلى الجزيرة واستيلاؤه على حران والرها والرقة والخابور ونصيبين وسنجار وحصار الموصل
3150	مسير شاهرين صاحب خلاط لنجدة صاحب الموصل
3150	واقعة الافرنج في بحر السويس
3151	وفاة فرخ شاه
3151	استيلاء صلاح الدين على آمد وتسليمها لصاحب كيفا
3152	استيلاء صلاح الدين على تل خالد وعنتاب
3152	استيلاء صلاح الدين على حلب وقلعة حارم
3153	غزوة بيسان
3154	غزو الكرك وولاية العادل على حلب
3154	حصار صلاح الدين الموصل
3155	استيلاء صلاح الدين على ميافارقين
3156	قسمة صلاح الدين الأعمال بين ولده وأخيه
3157	اتفاق القمص صاحب طرابلس مع صلاح الدين ومنابذة البرنس صاحب الكرك له وحصاره إياه والاغارة على عكا
3158	هزيمة الإفرنج وفتح طبرية ثم عكا
3159	فتح يافا وصيدا وجبيل وبيروت وحصون عكا
3160	وصول المركيش إلى صور وامتناعه بها
3161	فتح عسقلان وما جاورها
3161	فتح القدس
3163	حصار صور ثم صفد وكوكب والكرك
3165	غزو صلاح الدين إلى سواحل الشام وما فتحه من حصونها وصلحه آخرا مع صاحب انطاكية
3165	فتح جبلة
3166	فتح اللاذقية
3166	فتح صهيون
3167	فتح بكاس والشغر
3167	فتح سرمينية
3167	فتح برزية
3168	فتح دربساك
3168	فتح بغراس
3169	صلح انطاكية
3169	فتح الكرك
3169	فتح صفد
3170	فتح كوكب
3170	فتح الشقيف
3171	محاصرة الإفرنج أهل صور لعكا والحروب عليها
3172	الواقعة على عكا
3173	رحيل صلاح الدين عن الإفرنج بعكا
3173	معاودة صلاح الدين حصار الإفرنج على عكا
3174	وصول ملك الألمان إلى الشام ومهلكه
3175	واقعة المسلمين مع الإفرنج على عكا
3177	وفاة زين الدين صاحب إربل وولاية أخيه كوكبري
3178	وصول إمداد الإفرنج من الغرب إلى عكا
3179	استيلاء الإفرنج على عكا
3180	تخريب صلاح الدين عسقلان
3182	مقتل المركيش وملك الكندهري مكانه
3182	مسير الإفرنج إلى القدس
3183	الصلح بين صلاح الدين والإفرنج ومسير ملك إنكلطيرة إلى بلاده
3184	وفاة صلاح الدين وحال ولده وأخيه من بعده
3185	مسير العزيز من مصر إلى حصار الأفضل بدمشق وما استقر بينهم في الولايات
3186	حصار العزيز ثانيا دمشق وهزيمته
3186	استيلاء العادل على دمشق
3187	فتح العادل يافا من الإفرنج واستيلاء الإفرنج على بيروت وحصارهم تبنين
3188	وفاة طغتكين بن أيوب باليمن وملك ابنه إسماعيل ثم سليمان بن تقي الدين شاهنشاه
3189	مسير العادل إلى الجزيرة وحصاره ماردين
3189	وفاة العزيز صاحب مصر وولاية أخيه الأفضل
3190	حصار الأفضل دمشق وعوده عنها
3190	إفراج الكامل عن ماردين
3191	استيلاء العادل على مصر
3192	مسير الظاهر والأفضل إلى حصار دمشق
3193	حصار ماردين ثم الصلح بين العادل والأشرف
3194	أخذ البلاد من يد الأفضل
3194	واقعة الأشرف مع صاحب الموصل
3195	وصول الإفرنج إلى الشام والصلح معهم
3195	غارة ابن ليون على أعمال حلب
3196	استيلاء نجم الدين بن العادل على خلاط
3196	غارات الإفرنج بالشام
3197	غارات الكرج على خلاط وأعمالها وملكهم أرجيش
3197	استيلاء العادل على الخابور ونصيبين من عمل سنجار وحصارها
3198	وفاة الظاهر صاحب حلب وولاية ابنه العزيز
3198	ولاية مسعود بن الكامل على اليمن
3199	وصول الإفرنج من وراء البحر إلى سواحل الشام ومسيرهم إلى دمياط وحصارها واستيلاؤهم عليها
3201	وفاة العادل واقتسام الملك بين بنيه
3201	وفاة المنصوب صاحب حماة وولاية ابنه الناصر
3202	مسير صاحب بلاد الروم إلى حلب وانهزامه ودخولها في طاعة الأشرف
3203	دخول الموصل في طاعة الأشرف وملكه سنجار
3205	ارتجاع دمياط من يد الإفرنج
3206	وفاة الأوحد نجم الدين بن العادل صاحب خلاط وولاية أخيه الظاهر غازي عليها
3206	فتنة المعظم مع أخويه الكامل والأشرف وما دعت إليه من الأحوال
3207	وفاة المعظم صاحب دمشق وولاية ابنه الناصر ثم استيلاء الأشرف عليها واعتياض الناصر بالكرك
3208	استيلاء المظفر بن المنصور على حماة من يد أخيه الناصر
3208	استيلاء الأشرف على بعلبك من يد الأمجد وإقطاعها لأخيه إسماعيل بن العادل
3209	فتنة جلال الدين خوارزم شاه مع الأشرف واستيلاؤه على خلاط
3209	مسير الكامل في إنجاد الأشرف وهزيمة جلال الدين أمام الأشرف
3210	استيلاء العزيز صاحب حلب على شيزر ثم وفاته وولاية ابنه الناصر بعده
3211	فتنة كيقباد صاحب بلاد الروم واستيلاؤه على خلاط
3211	وفاة الأشرف بن العادل واستيلاء الكامل على ممالكه
3212	وفاة الكامل وولاية ابنه العادل بمصر واستيلاء ابنه الآخر نجم الدين أيوب على دمشق
3212	أخبار الخوارزمية
3212	مسير الصالح إلى مصر واعتقال الناصر له بالكرك
3213	وفاة شيركوه صاحب مصر وولاية ابنه إبراهيم المنصور
3213	خلع العادل واعتقاله واستيلاء أخيه الصالح أيوب على مصر
3213	فتنة الخوارزمية
3214	أخبار حلب
3214	فتنة الصالح أيوب مع عمه الصالح إسماعيل على دمشق واستيلاء أيوب آخرا عليها
3216	مسير الصالح أيوب إلى دمشق أولا وثانيا وحصار حمص وما كان مع ذلك من الأحداث
3216	استيلاء الإفرنج على دمياط
3217	استيلاء الصالح على الكرك
3217	وفاة الصالح أيوب صاحب مصر والشام وسيد ملوك الترك بمصر وولاية ابنه توران شاه وهزيمة الإفرنج وأسر ملكهم
3218	مقتل المعظم توران شاه وولاية شجرة الدر وفداء الفرنسيس بدمياط
3219	استيلاء الناصر صاحب حلب على دمشق وبيعة الترك بمصر لموسى الأشرف بن أطسز بن المسعود صاحب اليمن وتراجعهما ثم صلحهما
3221	خلع الأشرف بن أطسز واستبداد أيبك وأمراء الترك بمصر
3221	مسير المغيث بن العادل صاحب الكرك مع البحرية إلى مصر وانهزامهم
3222	زحف الناصر صاحب دمشق إلى الكرك وحصارها والقبض على البحرية
3223	استيلاء التتر على الشام وانقراض ملك بني أيوب وهلاك من هلك منهم
3226	دولة الترك الخبر عن دولة الترك القائمين بالدولة العباسية بمصر والشام من بعد بني أيوب ولهذا العهد ومبادي أمورهم وتصاريف أحوالهم
3229	ذكر بيبرس البندقداري
3230	الخبر عن استبداد الترك بمصر وانفرادهم بها عن بني أيوب ودولة المعز أيبك أول ملوكهم
3231	نهوض الناصر صاحب دمشق من بني أيوب إلى مصر وولاية الأشرف موسى مكان أيبك
3232	واقعة العرب بالصعيد مع أقطاي
3232	مقتل اقطاي الجامدار وفرار البحرية إلى الناصر ورجوع أيبك إلى كرسيه
3233	فرار الافرم إلى الناصر بدمشق
3234	مقتل المعز أيبك وولاية ابنه علي المنصور
3235	نهوض البحرية بالمغيث صاحب الكرك وانهزامهم
3236	خلع المنصور علي بن أيبك واستبداد قطز بالملك
3236	استيلاء التتر على الشام وانقراض أمر بني أيوب ثم مسير قطز بالعساكر وارتجاعه الشام من أيدي التتر وهزيمتهم وحصول الشام في ملك الترك
3238	مقتل المظفر وولاية الظاهر بيبرس
3239	انتقاض سنجر الحلي بدمشق ثم آقوش البرلي بحلب
3240	البيعة للخليفة بمصر ثم مقتله بالحديثة وغانة على يد التتر والبيعة للآخر الذي استقرت الخلافة في عقبه بمصر
3241	فرار التركمان من الشام إلى بلاد الروم
3242	انتقاض الأشرفية والعزيزية واستيلاء اليرلي على البيرة
3242	استيلاء الظاهر على الكرك من يد المغيث وعلى حمص بعد وفاة صاحبها
3243	هزيمة التتر على البيرة وفتح قيسارية وارسوف بعدها
3243	غزو طرابلس وفتح صفد
3244	مسير العساكر لغزو الأرمن
3245	مسير الظاهر لغزو حصون الافرنج بالشام وفتح يافا والشقيف ثم انطاكية
3246	الصلح مع التتر
3247	استيلاء الظاهر على صهيون
3247	نهوض الظاهر إلى الحج
3248	اغارة الافرنج والتتر على حلب ونهوض السلطان اليهم
3248	فتح حصن الأكراد وعكا وحصون صور
3249	استيلاء الظاهر على حصون الإسماعيلية بالشام
3249	حصار التتر البيرة وهزيمتهم عليها
3250	غزوة سيس وتخريبها
3250	إيقاع الظاهر بالتتر في بلاد الروم ومقتل البرواناة بمداخلته في ذلك
3251	وفاة الظاهر وولاية ابنه السعيد
3252	خلع السعيد وولاية أخيه شلامش
3253	خلع شلامش وولاية المنصور قلاون
3254	انتقاض السعيد بن الظاهر بالكرك ووفاته وولاية أخيه خسرو مكانه
3255	انتقاض سنقر الأشقر بدمشق وهزيمته ثم امتناعه بصهيون
3256	مسير السلطان لحصار المرقب ثم الصلح معهم ومع سنقر الأشقر بصهيون ومع بني الظاهر بالكرك
3257	واقعة التتر بحمص ومهلك ابغا سلطانهم بإثرها
3259	استيلاء السلطان قلاون على الكرك وعلى صهيون ووفاة صاحب حماة
3259	وفاة ميخاييل ملك القسطنطينية
3259	أخبار النوبة
3261	فتح طرابلس
3262	إنشاء المدرسة والمارستان بمصر
3262	وفاة المنصور قلاون وولاية ابنه خليل الأشرف
3263	فتح عكا وتخريبها
3264	فتح قلعة الروم
3265	مسير السلطان إلى الشام وصلح الأرمن ومكثه في مصيا وهدم الشويك
3265	مقتل الأشرف وولاية أخيه محمد الناصر في كفالة كيبغا
3267	وحشة كيبغا ومقتل الشجاعي
3267	خلع الناصر وولاية كيبغا العادل
3268	خلع العادل كيبغا وولاية لاشين المنصور
3270	فتح حصون سيس
3271	مقتل لاشين وعود الناصر محمد بن قلاون إلى ملكه
3272	الفتنة مع التتر
3273	واقعة التتر على الناصر واستيلاء غازان على الشام ثم ارتجاعه منه
3276	وفاة الخليفة الحاكم وولاية ابنه المستكفي والغزاة إلى العرب بالصعيد
3276	تقرير العهد لأهل الذمة
3278	إيقاع الناصر بالتتر على شقحب
3280	أخبار الأرمن أخبار الأرمن وغزو بلادهم وادعاؤهم الصلح ثم مقتل ملكهم صاحب سيس على يد التتر
3281	مراسلة ملك المغرب ومهاداته
3283	وحشة الناصر من كافلية بيبرس وسلار ولحاقه بالكرك وخلعه والبيعة لبيبرس
3283	انتقاض الأمير بيبرس وعود الناصر إلى ملكه
3286	خبر سلار ومآل أمره
3286	انتقاض النواب بالشام ومسيرهم إلى التتر وولاية تنكز على الشام
3288	رجوع حماة إلى بني المظفر شاهنشاه بن أيوب ثم لبني الأفضل منهم وانقراض أمرهم
3289	غزو العرب بالصعيد وفتح ملطية وآمد
3289	الولايات
3290	العمائر
3290	حجات السلطان
3291	أخبار النوبة وإسلامهم
3291	بقية أخبار الأرمن إلى فتح إياس ثم فتح سيس وانقراض أمرهم
3292	الصلح مع ملوك التتر وصهر الناصر مع ملوك الشمال منهم
3294	مقتل أولاد بني نمى أمراء مكة من بني حسن
3295	حج ملك التكرور
3296	أنجاد المجاهد ملك اليمن
3297	ولاية أحمد ابن الملك الناصر على الكرك
3297	وفاة مرداش بن جوبان شحنة بلاد الروم ومقتله
3298	وفاة مهنا بن عيسى أمير العرب بالشأم وأخبار قومه
3302	وفاة أبي سعيد ملك العراق وانقراض أمر بني هلاكو
3303	وصول هدية ملك المغرب الأقصى مع رسله وكريمته صحبة الحاج
3304	وفاة الخليفة أبي الربيع وولاية ابنه
3304	نكبة تنكز ومقتله
3305	وفاة الملك الناصر وابنه أنوك قبله وولاية ابنه أبي بكر ثم كجك
3306	مقتل قوصون ودولة أحمد بن الملك الناصر
3307	مسير السلطان أحمد إلى الكرك واتفاق الأمراء على خلعه والبيعة لأخيه الصالح
3308	ثورة رمضان بن الناصر ومقتله وحصار الكرك ومقتل السلطان أحمد
3308	وفاة الصالح بن الناصر وولاية أخيه الكامل
3309	مقتل الكامل وبيعة أخيه المظفر حاجي
3310	مقتل المظفر حاجي بن الناصر وبيعة أخيه حسن الناصر ودولته الأولى
3311	مقتل أرغون شاه نائب دمشق
3311	نكبة بيقاروس
3311	واقعة الظاهر ملك اليمن بمكة واعتقاله ثم إطلاقه
3312	خلع حسن الناصر وولاية أخيه الصالح
3312	انتقاض بيقاروس واستيلاؤه على الشام ومسير السلطان إليه ومقتله
3313	واقعة العرب بالصعيد
3314	خلع الصالح وولاية حسن الناصر الثانية
3314	مهلك شيخو ثم سرغتمش بعده واستبداد السلطان بأمره
3315	ثورة بيبقا ومقتل السلطان حسن وولاية منصور بن المظفر حاجي في كفالة بيبقا
3316	انتقاض استدمر بدمشق
3316	وفاة الخليفة المعتضد بن المستكفي وولاية ابنه المتوكل
3317	خلع المنصور وولاية الأشرف
3317	واقعة الإسكندرية
3319	ثورة الطويل ونكبته
3319	ثورة المماليك ببيبقا ومقتله واستبداد استدمر
3321	واقعة الاجلاب ثم نكبتهم ومهلك استدمر وذهاب دولته
3322	مقتل قشتمر المنصوري بحلب في واقعة العرب
3323	استبداد الجائي اليوسفي ثم انتقاضه ومقتله
3323	انتقاض الجائي اليوسفي ومهلكه واستبداد الأشرف بملكه من بعده
3324	استقدام منجك للنيابة
3325	الخبر عن مماليك بيبقا وترشيحهم في الدولة
3326	حج السلطان الأشرف وانتقاض المماليك عليه بالعقبة وما كان مع ذلك من ثورة قرطاي بالقاهرة وبيعة الأمير علي ولي العهد ومقتل السلطان اثر ذلك
3329	مجيء طشتمر من العقبة وانهزامه ثم مسيره إلى الشام وتجديد البيعة للمنصور بأذن الخليفة وتقديمه
3329	نكبة قرطاي واستقلال ايبك بالدولة ثم مهلكه
3331	استبداد الأميرين أبي سعيد برقوق وبركة بالدولة من بعد ايبك ووصول طشتمر من الشأم وقيامه بالدولة ثم نكبته
3332	ثورة انيال ونكبته
3333	ثورة بركة ونكبته واستقلال الأمير برقوق بالدولة
3334	انتقاض أهل البحيرة وواقعة العساكر
3335	مقتل بركة في محبسه وقتل ابن عزام بثأره
3335	وفاة السلطان المنصور علي بن الأشرف وولاية الصالح أمير حاج
3336	وصول أنس الغساني والد الأمير برقوق وانتظامه في الأمراء
3338	خلع الصالح أمير حاج وجلوس الأمير برقوق على التخت واستبداده بالسلطان
3339	مقتل قرط وخلع الخليفة ونصب ابن عمه الواثق للخلافة
3340	نكبة الناصري واعتقاله
3341	إقصاء الجوباني إلى الكرك ثم ولايته على الشام بعد واقعة بندمر
3344	هدية صاحب افريقية
3345	حوادث مكة وأمرائها
3346	انتقاض منطاش بملطية ولحاقه بسيواس ومسير العساكر في طلبه
3348	نكبة الجوباني واعتقاله بالإسكندرية
3349	فتنة الناصري واستيلاؤه على الشام ومصر واعتقال السلطان بالكرك
3352	ثورة منطاش واستيلاؤه على الأمر ونكبة الجوباني وحبس الناصري والأمراء البيبقاوية بالإسكندرية
3353	ثورة بذلار بدمشق
3354	خروج السلطان من الكرك وظفره بعساكر الشام وحصاره دمشق
3355	ثورة المعتقلين بقوص ومسير العساكر اليهم واعتقالهم
3356	ثورة كمشيقا بحلب وقيامه بدعوة السلطان
3356	ثورة انيال بصفد بدعوة السلطان
3357	مسير منطاش وسلطانه أمير حاجي إلى الشام وانهزامهم ودخول منطاش إلى دمشق وظفر السلطان الظاهر بأمير حاجي والخليفة والقضاة وعوده لملكه
3358	ثورة بكا والمعتقلين بالقلعة واستيلاؤهم عليها بدعوة السلطان الظاهر وعوده إلى كرسيه بمصر وانتظام أمره
3360	ولاية الجوباني على دمشق واستيلاؤه عليها من يد منطاش ثم هزيمته ومقتله وولاية الناصري مكانه
3362	اعادة محمود إلى أستاذيةالدار واستقلاله في الدولة
3364	مسير منطاش ويعبر إلى نواحي حلب وحصارها ثم مفارقة يعبر وحصاره عنتاب ثم رجوعه
3364	قدوم كمشيقا من حلب
3365	استقدام أيتمش
3366	هدية إفريقية
3367	حصار منطاش دمشق ومسير السلطان من مصر إليه وفراره ومقتل الناصري
3369	مقتل منطاش
3371	حوادث مكة
3372	وصول أحياء من التتر وسلطانهم إلى صاحب بغداد واستيلاؤه عليها ومسير السلطان بالعساكر إليه
3375	دولة بني رسول الخبر عن دولة بني رسول مولى بني أيوب الملوك باليمن بعدهم ومبدإ أمرهم وتصاريف أحوالهم
3377	ثورة جلال الدين بن عمر الأشرف وحبسه
3377	ثورة جلال الدين ثانيا وحبس المجاهد وبيعة المنصور أيوب بن المظفر يوسف
3378	خلع المنصور أيوب ومقتله وعود المجاهد إلى ملكه ومنازعة الظاهر بن المنصور أيوب له
3378	وصول العساكر من مصر مددا للمجاهد واستيلاؤه على أمره وصلحه مع الظاهر
3379	نزول الظاهر للمجاهد عن الدملوة ومقتله
3379	حج المجاهد علي بن المؤيد داود وواقعته مع أمراء مصر واعتقاله بالكرك تم إطلاقه ورجوعه إلى ملكه
3380	ولاية الأفضل عباس بن المجاهد علي
3380	ولاية المنصور محمد بن الأفضل عباس
3380	ولاية أخيه الأشرف بن الأفضل عباس
3381	الخبر عن دولة التتر من شعوب الترك وكيف تغلبوا على الممالك الإسلامية وانتزوا على كرسي الخلافة ببغداد وما كان لهم من الدول المفترقة وكيف أسلموا بعد ذلك ومبدإ أمورهم وتصاريف أحوالهم
3383	استيلاء التتر على ممالك خوارزم شاه فيما وراء النهر وخراسان ومهلك خوارزم شاه وتولية محمد بن تكش
3385	مسير التتر المغربة بعد خوارزم شاه إلى العراق وأذربيجان واستيلاؤهم عليها إلى بلاد قفجاق والروس وبلاد الخزر
3386	مسير جنكزخان إلى خراسان وتغلبه على أعمالها وعلى خوارزم شاه
3387	إجفال جلال الدين ومسير التتر في إتباعه وفراره إلى الهند
3388	أخبار غياث الدين بن خوارزم شاه مع التتر
3388	رجوع جلال الدين من الهند واستيلاؤه على العراق وكرمان وأذربيجان ثم زحف التتر إليه
3389	مسير التتر إلى أذربيجان واستيلاؤهم على تبريز واقعتهم على جلال الدين بآمد ومقتله
3391	التعريف بجنكزخان وقسمة الأعمال بين ولده وانفراده بالكرسي في قراقوم [١] وبلاد الصين
3394	ملوك التخت بقراقوم من بعد جنكزخان
3397	ملوك بني جفطاي بن جنكزخان بتركستان وكاشغر وما وراء النهر
3399	الخبر عن ملوك بني دوشي خان من التتر ملوك خوارزم ودست القفجاق ومبادي أمورهم وتصاريف أحوالهم
3400	دوشي خان بن جنكزخان
3400	ناظو خان بن دوشي خان
3400	طرطو بن دوشي خان
3401	منكوتمر بن طغان بن ناظو خان
3403	أزبك بن طغرلجاي بن منكوتمر
3404	بردبيك بن جاني
3404	ماماي المتغلب على مملكة صراي
3405	حروب السلطان تمر مع طغطمش صاحب صراي
3407	ملوك غزنة وباميان من بني دوشي خان
3408	ملوك التخت بصراي
3409	دولة بني هولاكو دولة بني هلاكو ملوك التتر بالعراقين وخراسان ومبادي أمورهم وتصاريف أحوالهم
3409	هلاكو بن طولي
3412	أبغا بن هلاكو
3413	تكدار بن هلاكو ويسمى أحمد
3413	أرغو بن أبغا
3414	كتخاتو بن أبغا
3414	بيدو بن طرغاي بن هلاكو
3414	قازان بن أرغو
3416	خربندا بن أرغو
3417	أبو سعيد بن خربندا
3419	اضطراب دولة بني هلاكو وانقسام الملك طوائف في اعمالهم وانفراد الشيخ حسن ببغداد واستيلاء بنيه معها على توريز وما كان لهم فيها من الملك والدولة وابتدائها ومصايرها
3420	أويس بن الشيخ حسن
3421	مقتل إسماعيل واستيلاء حسين على بغداد ثم ارتجاعها منه
3421	انتقاض أحمد واستيلاؤه على توريز ومقتل حسين
3422	انتقاض عادل ومسيره لقتال أحمد
3422	مقتل الشيخ علي واستيلاء أحمد على بغداد
3423	استيلاء تمر على بغداد ولحاق أحمد بالشام
3425	الخبر عن بني المظفر اليزدي المتغلبين على أصفهان وفارس بعد انقراض دولة بني هلاكو وابتداء أمورهم ومصايرها
3427	الخبر عن بني ارتنا ملوك بلاد الروم من المغل بعد بني هلاكو والإلمام بمبادي أمورهم ومصايرها
3431	الخبر عن الدولة المستجدة للتركمان في شمال بلاد الروم إلى خليج القسطنطينية وما وراءه لبني عثمان وإخوته
3433	المجلد السادس
3433	تتمة الكتاب الثاني ...
3433	تتمة القول في أجيال العرب ...
3433	الطبقة الرابعة من العرب المستعجمة أهل الجيل الناشئ لهذا العهد من بقية أهل الدولة الإسلامية من العرب
3438	(خبر آل فضل وبني مهنا منهم ودولتهم بالشام والعراق)
3447	(الخبر عن دخول العرب من بني هلال وسليم المغرب من الطبقة الرابعة وأخبارهم هنالك)
3460	(الخبر عن الأثبج وبطونهم من هلال بن عامر من هذه الطبقة الرابعة)
3466	(الخبر عن جشم الموطنين بسائط المغرب وبطونهم من هذه الطبقة)
3469	(الخلط من جشم)
3471	(بنو جابر بن جشم)
3472	(العاصم ومقدم من الأثبج)
3472	(الخبر عن رياح وبطونهم من هلال بن عامر من هذه الطبقة الرابعة)
3479	(الخبر عن سعادة العالم بالسنة في رياح ومآل أمره وتصاريف أحواله)
3482	(الخبر عن زغبة وبطونهم من هلال بن عامر من هذه الطبقة الرابعة)
3483	(بنو يزيد بن زغبة)
3486	(حصين بن زغبة)
3487	(بنو مالك بن زغبة)
3494	(بنو عامر بن زغبة)
3500	(عروة بن زغبة)
3502	(الخبر عن المعقل من بطون هذه الطبقة الرابعة وأنسابهم وتصاريف أحوالهم)
3505	(ذوى عبيد الله)
3508	(الثعالبة)
3510	(ذوي منصور)
3513	(ذوي حسان عرب السوس)
3515	(الخبر عن بني سليم بن منصور من هذه الطبقة الرابعة وتعديد بطونهم وذكر أنسابهم وأولية أمرهم وتصاريف أحوالهم
3526	(الخبر عن قاسم بن مرا من الكعوب القائم بالسنة في سليم ومآل أمره وتصاريف أحواله)
3527	(بنو حصن بن علاق)
3530	(ذباب بن سليم)
3534	(الكتاب الثالث في أخبار البربر والأمة الثانية من أهل المغرب وذكر أوليتهم وأجيالهم ودولتهم منذ بدء الخليقة لهذا العهد ونقل الخلاف الواقع بين الناس في أنسابهم)
3545	(الفصل الثاني في ذكر مواطن هؤلاء البربر بإفريقية والمغرب)
3552	(الفصل الثالث في ذكر ما كان لهذا الجيل قديما وحديثا من الفضائل الانسانية والخصائص الشريفة الراقية بهم إلى مراقي العز ومعارج السلطان والملك)
3556	(الفصل الرابع في ذكر أخبارهم على الجملة من قبل الفتح الإسلامي ومن بعده إلى ولاية بني الأغلب)
3566	(البرابرة البتر) (الخبر عن البرابرة البتر وشعوبهم ونبدأ منهم أولا بذكر نفوسة وتصاريف أحوالهم)
3567	(الخبر عن نفزاوة وبطونهم وتصاريف أحوالهم)
3569	(الخبر عن لواتة من البرابرة البتر وتصاريف أحوالهم)
3572	(الخبر عن بني فاتن من ضريسة إحدى بطون البرابرة البتر وتصاريف أحوالهم)
3585	(الخبر عن زواوة وزواغة من بطون ضرسة من البرابر البتر والإلمام ببعض أحوالهم)
3587	(زواغة)
3587	الخبر عن مكناسة وسائر بطون بني ورصطف وما كان لمكناسة من الدول بالمغرب وأولية ذلك وتصاريفه
3588	(الخبر عن دولة بني واسول ملوك سجلماسة وأعمالها من مكناسة)
3593	(الخبر عن دولة بني أبي العافية ملوك تسول من مكناسة وأولية أمرهم وتصاريف أحوالهم)
3598	(أخبار البرانس من البربر ولنبدأ أولا بالخبر عن هوارة من شعوبهم وذكر بطونهم وتصاريف أحوالهم وافتراق شعوبهم في عمالات إفريقية والمغرب)
3604	(الخبر عن ازداجة ومسطاسه وعجيسة من بطون البرانس ووصف أحوالهم)
3606	(الخبر عن أوربة من بطون البرانس وما كان لهم من الردة والثورة وما صار لهم من الدعاء لإدريس الأكبر)
3609	الخبر عن كتامة من بطون البرانس وما كان لهم من العز والظهور على القبائل وكيف تناولوا الملك من أيدي الاغالبة بدعوة الشيعة
3611	(الخبر عن سدويكش ومن اليهم من بقايا كتامة في مواطنهم)
3613	(الخبر عن بني ثابت أهل الجبل المطل على قسنطينة من بقايا كتامة)
3614	(الإلمام بذكر زواوة من بطون كتامة)
3615	الخبر عن صنهاجة من بطون البرانس وما كان لهم من الظهور والدول في بلاد المغرب والأندلس
3616	(الطبقة الاولى من صنهاجة وما كان لهم من الملك)
3619	الخبر عن دولة آل زيري بن مناد ولاة العبيديين من هذه الطبقة بإفريقية وتصاريف أحوالهم
3620	(دولة بلكين بن زيري)
3621	(دولة منصور بن بلكين)
3622	(دولة باديس بن المنصور)
3624	(دولة المعز بن باديس)
3626	(دولة تميم بن المعز)
3627	(دولة يحيى بن تميم)
3627	(دولة على بن يحيى)
3628	(دولة الحسن بن علي)
3631	(الخبر عن بني خراسان من صنهاجة الثوار بتونس على آل باديس عند اضطراب افريقية بالعرب ومبدإ أمرهم ومصاير أحوالهم)
3634	(الخبر عن بني الرند ملوك قفصة الثائرين بها عند التياث ملك آل باديس بالقيروان واضطرابه بفتنة العرب ومبدإ دولتهم ومصاير أمورهم)
3635	(الخبر عن بني جامع الهلاليين أمراء قابس لعهد الصنهاجيين وما كان لتميم بها من الملك والدولة وذلك عند فتنة العرب بإفريقية)
3637	(الخبر عن ثورة رافع بن مكن بن مطروح بطرابلس والعرامى بصفاقس على النصارى وإخراجهم واستبدادهم بأمر بلدهم [١] في آخر دولة بني باديس)
3639	(الخبر عما كان بإفريقية من الثوار على صنهاجة عند اضطرابها بفتنة العرب إلى ان محا أثرهم الموحدون)
3641	(الخبر عن دولة آل حماد بالقلعة من ملوك صنهاجة الداعين لخلافة العبيديين وما كان لهم من الملك والسلطان بإفريقية والمغرب الأوسط إلى حين انقراضه بالموحدين)
3651	ملوك بني حبوس (الخبر عن ملوك بني حبوس بن ماكسن من بني زيري من صنهاجة من غرناطة من عدوة الأندلس وأولية ذلك ومصايره
3654	الطبقة الثانية من صنهاجة وهم الملثمون وما كان لهم بالمغرب من الملك والدولة
3655	الخبر عن دولة المرابطين [٢] من لمتونة وما كان لهم بالعدوتين من الملك وأولية ذلك ومصايره
3665	دولة ابن غانية الخبر عن دولة ابن غانية من بقية المرابطين وما كان له من الملك والسلطان بناحية قابس وطرابلس واجلابه على الموحدين ومظاهرة قراقش الغزي له على أمره وأولية ذلك ومصايره
3669	(رجع الخبر إلى ابن غانية)
3677	(ملوك السودان) (الخبر عن ملوك السودان المجاورين للمغرب من وراء هؤلاء الملثمين ووصف أحوالهم والإلمام بما اتصل بنا من دولتهم)
3683	(الخبر عن لمطة وكزولة وهسكورة بني تصكي وهم إخوة هوارة وصنهاجه)
3686	(الطبقة الثالثة من صنهاجة)
3688	(الخبر عن المصامدة من قبائل البربر وما كان لهم من الدولة والسلطان بالمغرب ومبدإ ذلك وتصاريفه)
3689	(الخبر عن برغواطة من بطون المصامدة ودولتهم ومبدإ أمرهم وتصاريف أحوالهم)
3693	(الخبر عن غمارة من بطون المصامدة وما كان فيهم من الدول وتصاريف أحوالهم)
3695	(الخبر عن سبتة ودولة بني عصام بها)
3696	(الخبر عن بني صالح بن منصور ملوك نكور ودولتهم في غمارة وتصاريف أحوالهم)
3700	(الخبر عن حاميم المتنبي من غمارة)
3700	(الخبر عن دولة الادارسة وهي غمارة وتصاريف أحوالهم)
3706	(الخبر عن دولة حمود ومواليهم بسبتة وطنجة وتصاريف أحوالهم وأحوال غمارة من بعدهم)
3709	(الخبر عن أهل جبال درن بالمغرب الأقصى من بطون المصامدة وما كان لهم من الظهور والأحوال ومبادئ أمورهم وتصاريفها)
3711	(الخبر عن مبدإ أمر المهدي ودعوته وما كان للموحدين القائمين بها على يد بني عبد المؤمن من السلطان والدولة بالعدوتين وإفريقية وبداية ذلك وتصاريفه)
3716	الخبر عن دولة عبد المؤمن خليفة المهدي والخلفاء الأربعة من بنيه ووصف أحوالهم ومصاير أمورهم
3723	(فتح الأندلس وشئونها)
3726	(فتح افريقية وشئونها)
3727	(فتح بقية الأندلس)
3728	(بقية فتح إفريقية)
3729	(أخبار ابن مردنيش الثائر بشرق الأندلس)
3730	(دولة الخليفة يوسف بن عبد المؤمن)
3731	(فتنة غمارة)
3732	(أخبار الأندلس)
3734	(الخبر عن انتقاض قفوصة واسترجاعها)
3735	(معاودة الجهاد)
3736	(دولة ابنه يعقوب المنصور)
3736	(الخبر عن شأن ابن غانية)
3740	(اخباره في الجهاد)
3741	(الخبر عن وصول ابن منقذ بالهدية من قبل صاحب الديار المصرية)
3742	(دولة الناصر بن المنصور)
3743	(فتح افريقية)
3743	(خبر إفريقية وتغلب ابن غانية عليها ولاية أبي محمد بن أبي الشيخ أبي حفص)
3746	(أخباره في الجهاد)
3747	(ثورة ابن الفرس)
3748	(دولة المستنصر بن الناصر)
3749	(الخبر عن دولة المخلوع أخي المنصور)
3750	(الخبر عن دولة العادل بن المنصور)
3751	(الخبر عن دولة المأمون بن المنصور ومزاحمة يحيى بن الناصر له)
3753	(الخبر عن دولة الرشيد بن المأمون)
3759	(الخبر عن دولة المرتضى ابن أخي المنصور)
3762	(الخبر عن انتقاض أبي دبوس وتغلبه على مراكش ومهلك المرتضى وما كان في دولته من الأحداث)
3765	(وأما هسكورة)
3770	(الخبر عن بقايا قبائل الموحدين من المصامدة بجبال درن بعد انقراض دولتهم بمراكش وتصاريف أحوالهم)
3770	(هرغة)
3771	(تين ملل)
3771	(هنتاتة)
3775	(كدميوة)
3776	(وريكة)
3778	(الخبر عن بني يدر [١] أمراء السوس من الموحدين بعد انقراض بني عبد المؤمن وتصاريف أحوالهم)
3781	(الخبر عن دولة بني حفص ملوك افريقية من الموحدين ومبدإ أمرهم وتصاريف أحوالهم)
3784	(الخبر عن إمارة أبي محمد بن الشيخ أبي حفص بإفريقية وهي أولية أمرهم بها)
3786	(وقيعة تاهرت وما كان من أبي محمد في تلافيها واستنفاذ غنائمها)
3786	(واقعة نفوسة ومهلك العرب والملثمين بها)
3787	(الخبر عن مهلك الشيخ أبي محمد بن الشيخ أبي حفص وولاية عبد الرحمن ابنه)
3788	(الخبر عن ولاية السيد أبي العلا على افريقية وابنه أبي زيد من بعده وأخبارهم فيها واعتراضهم في الدولة الحفصية)
3790	(الخبر عن ولاية أبي محمد عبد الله بن أبي محمد بن الشيخ أبي حفص وما كان فيها من الأحداث)
3791	(الخبر عن ولاية الأمير أبي زكريا ممهد الدولة لآل أبي حفص بإفريقية ورافع الراية لهم بالملك واولية ذلك وبدايته)
3792	(الخبر عن استبداد الأمير أبي زكريا بالأمر لبني عبد المؤمن)
3792	(الخبر عن فتح بجاية وقسنطينة)
3793	(الخبر عن مهلك ابن غانية وحركة السلطان إلى بجاية وولاية ابنه الأمير أبي يحيى زكريا عليها)
3794	(الخبر عن سطوة السلطان بهوارة)
3795	(الخبر عن ثورة الهرغي بطرابلس ومنال أمره)
3796	(الخبر عن بيعة بلنسية ومرسية وأهل شرق الأندلس ووفدهم)
3800	(الخبر عن الجوهري وأوليته ومآل أمره)
3801	(الخبر عن فتح تلمسان ودخول بني عبد الواد في الدعوة الحفصية)
3803	(الخبر عن دخول أهل الأندلس في الدعوة الحفصية ووصول بيعة إشبيلية وكثير من أمصارها)
3805	(الخبر عن بيعة أهل سبتة وطنجة وقصر ابن عبد الكريم وتصاريف أحوالهم ومال أمرهم)
3806	(الخبر عن بيعة المرية)
3806	(الخبر عن بيعة ابن الأحمر)
3807	(الخبر عن بيعة سجلماسة وانتقاضها)
3808	(الخبر عن بيعة مكناسة وما تقدمها من طاعة بني مرين)
3809	(الخبر عن مهلك الأمير أبي يحيى زكريا ولي العهد بمكان إمارته من بجاية وتصيير العهد إلى أخيه محمد)
3811	(الخبر عن مهلك السلطان أبي زكريا وما كان عقبه من الاحداث)
3813	(الخبر عن بيعة السلطان أبي عبد الله المستنصر وما كان في أيامه من الحوادث)
3813	(الخبر عن ثورة ابن عمه محمد اللحياني ومقتله ومقتل أبيه)
3814	(الخبر عن الآثار التي أظهرها السلطان في أيامه)
3816	(الخبر عن فرار أخيه أبي إسحاق وبيعة رياح له وما قارن ذلك من الأحداث)
3817	(الخبر عن بني النعمان ونكبتهم والخروج أثرها إلى الزاب)
3818	(الخبر عن دعوة مكة ودخول أهلها في الدعوة الحفصية)
3828	(الخبر عن الوفود من بني مرين والسودان وغيرهم)
3829	(الخبر عن مقتل ابن الأبار وسياقة أوليته)
3830	(الخبر عن مقتل اللياني وأوليته وتصاريف أحواله)
3831	(الخبر عن انتقاض أبي علي الملياني بمليانة على يد الأمير أبي حفص)
3832	(الخبر عن فرار أبي القاسم بن أبي زيد ابن الشيخ أبي محمد وخروجه في رياح)
3833	(الخبر عن خروج السلطان إلى المسيلة)
3834	(الخبر عن مقتل مشيخة الدواودة)
3835	(الخبر عن طاغية الافرنجة ومنازلته تونس في أهل نصرانيته)
3841	(الخبر عن مهلك رئيس الدولة أبي عبد الله بن أبي الحسين وأبي سعيد العود الرطب)
3842	(الخبر عن انتقاض أهل الجزائر وفتحها)
3843	(الخبر عن مهلك السلطان المستنصر ووصف شيء من أحواله)
3844	(الخبر عن بيعة الواثق يحيى بن المستنصر وهو المشهور بالمخلوع وذكر أحواله)
3844	(الخبر عن نكبة ابن أبي الحسين واستبداد ابن الحببر على الدولة)
3845	(الخبر عن إجازة السلطان أبي إسحاق من الأندلس ودخول أهل بجاية في طاعته)
3846	(الخبر عن خروج الأمير أبي حفص بالعساكر للقاء السلطان أبي إسحاق ثم دخوله في طاعته وخلع الواثق)
3847	(الخبر عن استيلاء السلطان أبي إسحاق على الحضرة)
3848	(الخبر عن مقتل الواثق وولده)
3848	(الخبر عن ولاية الأمير أبي فارس ابن السلطان أبي إسحاق على بجاية بعهد أبيه والسبب في ذلك)
3850	(الخبر عن ثورة ابن الوزير بقسنطينة ومقتله)
3851	(الخبر عن قيادة ابن السلطان العساكر إلى الجهاد)
3852	(الخبر عن صهر السلطان مع عثمان بن يغمراسن)
3852	(الخبر عن ظهور الدعي أبي عمارة وما وقع من الغريب في أمره)
3853	(الخبر عن انفضاض عساكر السلطان وتقويضه عن تونس)
3854	(الخبر عن لحاق السلطان أبي إسحاق بجاية ودخول الدعي بن أبي عمارة إلى تونس وما كان من أمره بها)
3855	(الخبر عن استبداد الأمير أبي فارس بالأمر عند وصول أبيه إليه)
3855	(الخبر عن زحف الأمير أبي افرس للقاء الدعي ثم انهزامه أمامه واستلحامه وإخوته في المعركة وما كان أثر ذلك من مهلك أبيهم السلطان أبي إسحاق وفرار أخيهم الأمير أبي زكريا إلى تلمسان)
3856	(الخبر عن ظهور الأمير أبي حفص وبيعته وما كان على أثر ذلك من الأحداث)
3857	(الخبر عن خروج الدعي ورجوعه واستيلاء السلطان أبي حفص على ملكه وغلبه ومهلكه)
3858	(الخبر عن استيلاء العدو على جزيرة جربة وميورقة ومنازلته المهدية واجلابه على السواحل)
3859	(الخبر عن استيلاء الأمير أبي بكر زكريا على الثغر المغربي بجاية والجزائر وقسنطينة وأولية ذلك ومصايره)
3861	(الخبر عن حركة الأمير أبي زكريا إلى ناحية طرابلس ومنازلة عثمان بن يغمراسن بجاية في مغيبه)
3861	(الخبر عن فاتحة استبداد أهل الجزيرة)
3862	(الخبر عن خروج عثمان ابن السلطان أبي دبوس داعيا لنفسه بجهات طرابلس)
3863	(الخبر عن مهلك أبي الحسين بن سيد الناس حاجب بجاية وولاية ابن أبي حي [٢] مكانه)
3864	(الخبر عن خروج الزاب عن طاعة الأمير أبي حفص إلى طاعة الأمير أبي زكريا وانتظام بسكرة في جماعته)
3865	(الخبر عن مهلك عبد الله الفازازي شيخ الموحدين والحاجب أبي القاسم بن الشيخ رؤساء الدولة)
3866	(الخبر عن مهلك السلطان أبي حفص وعهده بالأمر من بعده)
3867	(الخبر عن دولة السلطان أبي عصيدة وما كان على أثرها من الأحوال)
3868	(الخبر عن نكبة عبد الحق بن سليمان وخبر بنيه من بعده)
3869	(الخبر عن مراسلة يوسف بن يعقوب سلطان بني مرين ومهاداته)
3870	(الخبر عن مقتل هداج وفتنة الكعوب وبيعتهم لابن أبي دبوس وما كان بعد ذلك من نكبتهم)
3871	(الخبر عن انتقاض أهل الجزائر واستبداد ابن علان بها)
3872	(الخبر عن مهلك الأمير أبي زكريا وبيعة ابنه الأمير أبي البقاء خالد)
3873	(الخبر عن سفارة القاضي الغبريني ومقتله)
3873	(الخبر عن سفارة الحاجب بن أبي حي [٤] إلى تونس وتنكر السلطان له بعدها وعزله)
3874	(الخبر عن حجابة أبي عبد الرحمن بن عمر ومصاير أمره)
3876	(الخبر عن ثورة ابن الأمير [١] بقسنطينة وبيعة السلطان أبي عصيدة ثم فتح السلطان أبي البقاء خالد لها وقتله)
3877	(الخبر عن حركة السلطان أبي البقاء إلى الجزائر)
3878	(الخبر عن السلف وشروطه بين صاحب تونس وصاحب بجاية)
3878	(الخبر عن سفر شيخ الدولة بتونس ابن اللحياني لحصار جربة ومضيه منها إلى الحج)
3879	(الخبر عن مهلك السلطان أبي عصيدة وخبر أبي بكر الشهيد)
3880	(الخبر عن استيلاء السلطان أبي البقاء على الحضرة وانفراده بالدعوة الحفصية)
3881	(الخبر عن بيعة ابن مزني يحيى بن خالد ومصاير أموره)
3882	(الخبر عن بيعة السلطان أبي بكر بقسنطينة على يد الحاجب ابن عمر وأولية ذلك)
3883	(الخبر عن استيلاء السلطان على بجاية ومقتل ابن مخلوف وما كان من الادارة في ذلك)
3886	(الخبر عن مهلك السلطان أبي البقاء خالد واستيلاء السلطان أبي يحيى بن اللحياني على الحضرة)
3887	(الخبر عن قدوم ابن عمر على السلطان ببجاية ونكبة ابن ثابت وظافر الكبير)
3888	(الخبر عن منازلة عساكر بني عبد الواد ببجاية وما كان في أثر ذلك من الاحداث)
3889	(الخبر عن استبداد ابن غمر ببجاية)
3890	(الخبر عن سفر السلطان أبي يحيى اللحياني إلى قابس وتجافيه عن الخلافة)
3891	(الخبر عن نهوض السلطان أبي بكر إلى الحضرة ورجوعه إلى قسنطينة)
3893	(الخبر عن استيلاء السلطان أبي بكر على الحضرة وإيقاعه بأبي ضربة وفرار أبيه من طرابلس إلى المشرق)
3895	(الخبر عن مهلك الحاجب ابن عمر ببجاية وولاية الحاجب محمد بن القالون عليها ثم الادالة منه بابن سيد الناس)
3896	(الخبر عن إمارة الأمير أبي عبد الله على قسنطينة وأخيه الأمير أبي زكريا على بجاية وتولية ابن القالون على حجابتها)
3897	(الخبر عن استقدام ابن القالون والادالة منه بابن سيد الناس في بجاية وبظافر الكبير في قسنطينة)
3898	(الخبر عن ظهور ابن أبي عمران وفرار ابن قالون إليه على عينه)
3899	(الخبر عن مقتل مولاهم بن عمر وأصحابه بن الكعوب)
3900	(الخبر عن واقعة رغيس مع ابن اللحياني وزناتة وواقعة الشقة مع ابن أبي عمران)
3901	(الخبر عن إجلاب حمزة بإبراهيم بن الشهيد وتغلبه على الحضرة)
3902	(الخبر عن حصار بجاية وبناء تيمرزدكت وانهزام عساكر السلطان عنها)
3904	(الخبر عن مهلك الحاجب المزوار وولاية ابن سيد الناس مكانه ومقتل ابن القالون)
3905	(الخبر عن ولاية الفضل على بونة)
3906	(الخبر عن واقعة الرياس وما كان قبلها من مقتل الأمير أبي فارس أخي السلطان)
3908	(الخبر عن مراسلة ملك المغرب في الاستجاشة على بني عبد الواد وما يتبع ذلك من المصاهرة)
3909	(الخبر عن حركة السلطان إلى المغرب وفرار بني عبد الواد وتخريب تيمرزدكت)
3910	(الخبر عن نكبة الحاجب ابن سيد الناس وولاية ابن عبد العزيز وابن عبد الحكم من بعده)
3913	(الخبر عن فتح قفصة وولاية الأمير أبي العباس عليها)
3914	(الخبر عن ولاية الأميرين أبي فارس عزوز وأبي البقاء خالد سوسة ثم اضافة المهدية اليهما)
3915	(الخبر عن ولاية الأمير أبي عبد الله صاحب قسنطينة من الأبناء وولاية بنيه من بعده)
3917	(الخبر عن شأن العرب ومهلك حمزة ثم إجلاب بنيه على الحضرة وانهزامهم ومقتل معزوز بن همر وما قارن ذلك من الأحداث)
3919	(الخبر عن مهلك الحاجب ابن عبد العزيز وولاية أبي محمد بن تافراكين من بعد وما كان على تفيئة ذلك من نكبة ابن الحكيم)
3922	(الخبر عن شان الجريد واستكمال فتحه وولاية أحمد بن مكي على جزيرة جربة)
3925	(الخبر عن مهلك الوزير أبي العباس بن تافراكين)
3926	(الخبر عن مهلك الأمير أبي زكريا صاحب بجاية من الانباء وما كان بعد ذلك من ثورة أهل بجاية بأخيه الأمير أبي حفص وولاية ابنه الأمير أبي عبد الله)
3928	(الخبر عن مهلك مولانا السلطان أبي بكر وولاية ابنه الأمير أبي حفص)
3929	(الخبر عن زحف الأمير أبي العباس ولي العهد من مكان إمارته بالجريد إلى الحضرة وما كان من مقتله ومقتل أخويه الأميرين أبي فارس عزوز وأبي البقاء خالد)
3931	(الخبر عن استيلاء السلطان أبي الحسن على افريقية ومهلك الأمير أبي حفص وانتقال الأبناء من بجاية وقسنطينة إلى المغرب وما تخلل ذلك من الاحداث)
3933	(الخبر عن ولاية الأمير أبي العباس الفضل على بونة وأولية ذلك ومصايره)
3934	(الخبر عن بيعة العرب لابن أبي دبوس وواقعتهم مع السلطان أبي الحسن بالقيروان وما قارن ذلك كله من الأحداث)
3935	(الخبر عن حصار القصبة بتونس ثم الإفراج عن القيروان وعنها وما تخلل ذلك)
3937	(الخبر عن استيلاء الأمير الفضل على قسنطينة وبجاية ثم استيلاء أمرائهما بتمهيد الملك)
3939	(الخبر عن حركة الفضل إلى تونس بعد رحيل السلطان أبي الحسن إلى المغرب)
3940	(الخبر عن مهلك الفضل وبيعة أخيه المولى أبي إسحاق في كفالة أبي محمد بن تافراكين وتحت استبداده)
3942	(الخبر عن حركة صاحب قسنطينة وما كان من حجابة أبي العباس بن مكي وتصاريف ذلك)
3943	(الخبر عن وفادة صاحب بجاية على أبي عنان واستيلائه عليه وعلى بلده ومطلبه قسنطينة)
3946	(الخبر عن حادثة طرابلس واستيلاء النصارى عليها ثم رجوعها إلى ابن مكي)
3947	(الخبر عن بيعة السلطان أبي العباس أمير المؤمنين ومفتتح أمره السعيدة بقسنطينة)
3949	(الخبر عن واقعة موسى بن إبراهيم واستيلاء أبي عنان بعد على قسنطينة وما تخلل ذلك من الأحداث)
3952	(الخبر عن انتقاض الأمير أبي يحيى زكريا بالمهدية ودخوله في دولة أبي عنان ثم نزوله عنها إلى الطاعة وتصاريف ذلك)
3953	(الخبر عن استيلاء السلطان أبي إسحاق على بجاية وإعادة الدعوة الحفصية إليها)
3954	(الخبر عن فتح جربة ودخولها في دعوة السلطان أبي إسحاق صاحب الحضرة)
3956	(الخبر عن دعوة الأمراء من المغرب واستيلاء السلطان أبي العباس على قسنطينة)
3957	(الخبر عن وصول الأمير أبي يحيى زكريا من تونس وافتتاحه بونة واستيلائه عليها)
3967	(الخبر عن انتقاض منصور بن حمزة واجلابه بالعم أبي يحيى زكريا على الحضرة وما كان عقب ذلك من نكبة ابن تافراكين)
3969	(الخبر عن فتح سوسة والمهدية)
3970	(الخبر عن فتح جربة وانتظامها في ملك السلطان)
3971	(الخبر عن استقلال الأمراء من الأبناء بولاية الثغور الغربية)
3973	(الخبر عن فتح قفصة وتوزر وانتظام أعمال قسنطينة في طاعة السلطان)
3975	(الخبر عن ثورة أهل قفصة ومهلك ابن الخلف)
3976	(الخبر عن فتح قابس وانتظامها في ملكة السلطان)
3979	(الخبر عن استقامة ابن مزني وانقياده وما اكتنف ذلك من الأحوال)
3982	(الخبر عن انتقاض أولاد أبي الليل ثم مراجعتهم الطاعة)
3983	(تغلب ابن يملول على توزر وارتجاعها منه)
3984	(ولاية الأمير زكريا ابن السلطان على توزر)
3984	(وفاة الأمير أبي عبد الله صاحب بجاية)
3985	(حركة السلطان إلى الزاب)
3986	(حركة السلطان إلى قابس)
3987	(رجوع المنتصر إلى ولايته بتوزر وولاية أخيه زكريا على نفطة ونفزاوة)
3987	(فتنة الأمير إبراهيم صاحب قسنطينة مع الزواودة ووفاة يعقوب بن علي ثم وفاة الأمير إبراهيم أثرها)
3989	(منازلة نصارى الإفرنج المهدية)
3990	(انتقاض قفصة وحصارها)
3992	(ولاية ابن السلطان على صفاقس واستيلاؤه منها على قابس وجزيرة جربة)
3993	(وفاة السلطان أبي العباس وولاية ابنه أبي فارس عزوز)
3995	(الخبر عن بني مزني أمراء بسكرة وما إليها من الزاب)
4005	(الخبر عن رياسة بني يملول بتوزر وبني الخلف بنفطة وبني أبي المنيع بالحامة)
4015	(الخبر عن بني مكي رؤساء قابس وأعمالها)
4022	(الخبر عن بني ثابت رؤساء مدينة طرابلس واعمالها)
4027	المجلد السابع
4027	تتمة كتاب الثالث
4027	الخبر عن زناتة من قبائل البربر وما كان بين أجيالهم من العز والظهور وما تعاقب فيهم من الدول القديمة والحديثة
4028	(الخبر عن نسبة زناتة وذكر الخلاف الواقع فيه وتعديد شعوبهم)
4034	(فصل في تسمية زناتة ومبنى هذه الكلمة)
4035	(فصل في أولية هذا الجيل وطبقاته)
4036	(الخبر عن الكاهنة وقومها جراوة من زناتة وشأنهم مع المسلمين عند الفتح)
4037	(الخبر عن مبتدإ دول زناتة في الإسلام ومصير الملك اليهم بالمغرب وافريقية)
4039	(الطبقة الأولى من زناتة ونبدأ منها بالخبر عن بني يفرن وأنسابهم وشعوبهم وما كان لهم من الدول بإفريقية والمغرب)
4041	(الخبر عن أبي قرة وما كان لقومه من الملك بتلمسان ومبدإ ذلك ومصائره)
4042	(الخبر عن أبي يزيد الخارجي صاحب الحمار من بني يفرن ومبدإ أمره مع الشيعة ومصائره)
4048	(الخبر عن الدولة الأولى لبني يفرن بالمغرب الأوسط والأقصى ومبادئ أمورهم ومصايرها)
4049	(الخبر عن الدولة الثانية لبني يفرن بسلا من المغرب الأقصى وأولية ذلك وتصاريفه)
4055	(الخبر عن أبي نور بن أبي قرة وما كان له من الملك بالأندلس أيام الطوائف)
4055	(الخبر عن مرنجيصة من بطون بني يفرن وشرح أحوالهم)
4056	(الخبر عن مغراوة من أهل الطبقة الأولى من زناتة وما كان لهم من الدول بالمغرب ومبدإ ذلك وتصاريفه)
4062	(الخبر عن آل زيري بن عطية ملوك فاس وأعمالها من الطبقة الأولى من مغراوة وما كان لهم بالمغرب الأقصى من الملك والدولة ومبادئ ذلك وتصاريفه)
4073	(الخبر عن بني خزرون ملوك سجلماسة من الطبقة الاولى من مغراوة وأولية ملكهم ومصائره)
4076	(الخبر عن ملوك طرابلس من بني خزرون بن فلفول من الطبقة الأولى وأولية أمرهم وتصاريف أحوالهم)
4083	الخبر عن بني يعلى ملوك تلمسان من آل خزر من أهل الطبقة الاولى والإلمام ببعض دولهم ومصائرها
4085	(الخبر عن أمراء اغمات من مغراوة)
4086	الخبر عن بني سنجاس وريغة والاغواط وبني ورا من قبائل مغراوة من أهل الطبقة الاولى وتصاريف أحوالهم
4089	(الخبر عن بني يرنيان اخوة مغراوة وتصاريف أحوالهم)
4090	(الخبر عن وجديجن وأوغمرت من قبائل زناتة ومبادئ أحوالهم وتصاريفهم)
4092	(الخبر عن بني واركلا من بطون زناتة والمصر المنسوب إليهم بصحراء افريقية وتصاريف أحوالهم)
4094	(الخبر عن دمر من بطون زناتة ومن ولي منهم بالأندلس وأولية ذلك ومصائره)
4095	(الخبر عن بني برزال إحدى بطون دمر وما كان لهم من الحال بقرمونة وأعمالها من الأندلس أيام الطوائف وأولية ذلك ومصائره)
4097	(الخبر عن بني وماتوا وبني يلومي من الطبقة الأولى من زناتة وما كان لهم من الملك والدولة بأعمال المغرب الأوسط ومبدإ ذلك وتصاريفه)
4101	(أخبار الطبقة الثانية من زناتة وذكر أنسابهم وشعوبهم وأوليتهم ومصائر ذلك)
4105	(الخبر عن أحوال هذه الطبقة قبل الملك وكيف كانت تصاريف أحوالهم إلى أن غلبوا على الملك والدول)
4107	(الخبر عن أولاد منديل من الطبقة الثانية وما أعادوا لقومهم مغراوة من الملك بموطنهم الأول من شلب وما إليه من نواحي المغرب الأوسط)
4118	الخبر عن بني عبد الواد من هذه الطبقة الثانية وما كان لهم بتلمسان وبلاد المغرب الأوسط من الملك والسلطان وكيف كان مبدأ أمرهم ومصائر أحوالهم
4122	الخبر عن تلمسان وما تأدى إلينا من أحوالها من الفتح إلى أن تأثل بها سلطان بني عبد الواد ودولتهم
4125	(الخبر عن استقلال يغمراسن بن زيان بالملك والدولة بتلمسان وما اليها وكيف مهد الأمر لقومه وأصاره تراثا لبنيه)
4126	(الخبر عن استيلاء الأمير أبي زكريا على تلمسان ودخول يغمراسن في دعوته)
4129	(الخبر عن نهوض السعيد صاحب مراكش ومنازلته يغمراسن بجبل تامزردكت ومهلكه هنالك)
4131	(الخبر عما كان بينه وبين بني مرين من الاحداث سائر أيامه)
4133	(الخبر عن كائنة النصارى وإيقاع يغمراسن بهم)
4134	(الخبر عن تغلب يغمراسن على سجلماسة ثم مصيرها بعد إلى إيالة بني مرين)
4135	(الخبر عن حروب يغمراسن مع يعقوب بن عبد الحق)
4136	(الخبر عن شأن يغمراسن مع مغراوة وبني توجين وما كان بينهم من الأحداث)
4138	(الخبر عن انتزاء الزعيم بن مكن ببلد مستغانم)
4139	(الخبر عن شأن يغمراسن في معاقدته مع ابن الأحمر والطاغية على فتنة يعقوب بن عبد الحق والأخذ بحجزته)
4140	(الخبر عن شأن يغمراسن مع الخلفاء من بني أبي حفص الذي كان يقيم بتلمسان دعوتهم ويأخذ قومه بطاعتهم)
4142	(الخبر عن مهلك يغمراسن بن زيان وولاية ابنه عثمان وما كان في دولته من الاحداث)
4143	(الخبر عن شأن عثمان بن يغمراسن مع مغراوة وبني توجين وغلبه على معاقلهم والكثير من أعمالهم)
4145	(الخبر عن منازلة بجاية وما دعا إليها)
4145	(الخبر عن معاودة الفتنة مع بني مرين وشأن تلمسان في الحصار الطويل)
4147	(الخبر عن مهلك عثمان بن يغمراسن وولاية ابنه أبي زيان وانتهاء الحصار من بعده إلى غايته)
4150	(الخبر عن شأن السلطان أبي زيان من بعد الحصار إلى حين مهلكه)
4151	(الخبر عن محو الدعوة الحفصية من منابر تلمسان)
4151	(الخبر عن دولة أبي حمو الأوسط وما كان فيها من الاحداث)
4153	(الخبر عن استنزال زيرم بن حماد من ثغر برشك وما كان قبله [١] )
4154	(الخبر عن طاعة الجزائر واستنزال ابن علان منها وذكر أوليته)
4155	(الخبر عن حركة صاحب المغرب إلى تلمسان وأولية ذلك)
4156	(الخبر عن مبدإ حصار بجاية وشرح الداعية اليه)
4158	(الخبر عن خروج محمد بن يوسف ببلاد بني توجين وحروب السلطان معه)
4159	(الخبر عن مقتل السلطان أبي حمو وولاية ابنه أبي تاشفين من بعده)
4162	الخبر عن نهوض السلطان أبي تاشفين لمحمد بن يوسف بجبل وانشريس واستيلاؤه عليه
4163	الخبر عن حصار بجاية والفتنة الطويلة مع الموحدين التي كان فيها حتفه وذهاب سلطانه وانقراض الأمر عن قومه برهة من الدهر
4166	(الخبر عن معاودة الفتنة بين بني مرين وحصارهم تلمسان ومقتل السلطان أبي تاشفين ومصائر ذلك)
4169	(الخبر عن رجال دولته وهم موسى بن علي ويحيى بن موسى ومولاه هلال وأوليتهم ومصاير أمورهم واختصاصهم بالذكر لما صار من شهرتهم وارتفاع صيتهم)
4173	الخبر عن انتزاء عثمان بن جرار على ملك تلمسان بعد نكبة السلطان أبي الحسن بالقيروان وعود الملك بذلك لبني زيان
4174	(الخبر عن دولة أبي سعيد وأبي ثابت من آل يغمراسن وما فيها من الأحداث)
4176	(الخبر عن لقاء أبي ثابت مع الناصر ابن السلطان أبي الحسن وفتح وهران بعدها)
4178	الخبر عن وصول السلطان أبي الحسن من تونس ونزوله بالجزائر وما دار بينه وبين أبي ثابت من الحروب ولحوقه بعد الهزيمة بالمغرب
4179	الخبر عن حروبهم مع مغراوة واستيلاء أبي ثابت على بلادهم ثم على الجزائر ومقتل علي بن راشد بتنس على أثر ذلك
4181	الخبر عن استيلاء السلطان أبي عنان على تلمسان وانقراض أمر بني عبد الواد ثانية
4182	الخبر عن دولة السلطان أبى حمو الأخير مديل الدولة بتلمسان في الكرة الثالثة لقومه وشرح ما كان فيها من الأحداث لهذا العهد
4184	(الخبر عن إجفال أبي حمو عن تلمسان أمام عساكر المغرب ثم عوده إليها)
4185	الخبر عن مقدم عبد الله بن مسلم من مكان عمله بدرعة ونزوله من ايالة بني مرين إلى أبي حمو وتقليده إياه الوزارة وذكر أوليته ومصاير أموره
4186	الخبر عن استيلاء السلطان أبي سالم على تلمسان ورجوعه إلى المغرب بعد أن ولى عليها أبو زيان حافد السلطان أبي تاشفين وما آل أمره
4187	الخبر عن قدوم أبي زيان ابن السلطان أبي سعيد من المغرب لطلب ملكه وما كان من أحواله
4189	الخبر عن قدوم أبي زيان حافد السلطان أبي تاشفين ثانية من المغرب إلى تلمسان لطلب ملكها وما كان من أحواله
4190	(الخبر عن حركة السلطان أبي حمو على ثغور المغرب)
4191	(الخبر عن حركة السلطان أبي حمو إلى بجاية ونكبته عليها)
4193	(الخبر عن خروج أبي زيان بالقاصية الشرقية من بلاد حصين وتغلبه على المرية والجزائر ومليانة وما كان من الحروب معه)
4196	(الخبر عن حركة السلطان عبد العزيز على تلمسان واستيلائه عليها ونكبة أبي حمو وبني عامر بالدوس من بلاد الزاب وخروج أبي زيان من تيطري إلى أحياء رياح)
4198	(الخبر عن اضطراب المغرب الأوسط ورجوع أبي زيان إلى تيطري واجلاب أبي حمو على تلمسان ثم انهزامهما وتشريدهما على سائر النواحي)
4199	(الخبر عن عود السلطان أبي حمو الأخير إلى تلمسان الكرة الثالثة لبني عبد الواد في الملك)
4200	(الخبر عن رجوع أبي زيان ابن السلطان أبي سعيد إلى بلاد حصين ثم خروجه عنها)
4201	(الخبر عن اجلاب عبد الله بن صغير وانتقاض أبي بكر بن عريف وبيعتهما للأمير أبي زيان ورجوع أبي بكر إلى الطاعة)
4202	(الخبر عن وصول خالد بن عامر من المغرب والحرب التي دارت بينه وبين سويد وأبي تاشفين هلك فيها عبد الله بن صغير وإخوانه)
4203	(الخبر عن انتقاض سالم بن إبراهيم ومظاهرته خالد بن عامر على الخلاف وبيعتهما للأمير أبي زيان ثم مهلك خالد ومراجعة سالم الطاعة وخروج أبي زيان إلى بلاد الجريد)
4206	(قسمة السلطان للأعمال بين ولده وما حدث بينهم من التنافس)
4207	(وثبة أبي تاشفين بيحيى بن خلدون كاتب أبيه)
4208	(حركة أبي حمو على ثغور المغرب الأوسط ودخول ابنه أبي تاشفين إلى جهات مكناسة)
4209	(نهوض السلطان أبي العباس صاحب المغرب إلى تلمسان واستيلاؤه عليها واعتصام أبي حمو بجبل تاحجموت [٣] )
4210	(رجوع السلطان أبي العباس إلى المغرب واختلال دولته ورجوع السلطان أبي حمو إلى ملكه بتلمسان)
4211	(تجدد المنافسة بين أولاد السلطان أبي حمو ومجاهرة أبي تاشفين بذلك لهم ولأبيه)
4211	(خلع السلطان أبي حمو واستبداد ابنه أبي تاشفين بالملك واعتقاله إياه)
4212	(خروج السلطان أبي حمو من الاعتقال ثم القبض عليه وتغريبه إلى المشرق)
4213	(نزول السلطان أبي حمو ببجاية من السفين واستيلاؤه على تلمسان ولحاق أبي تاشفين بالمغرب)
4214	(نهوض أبي تاشفين بعساكر بني مرين ومقتل السلطان أبي حمو)
4216	(مسير أبي زيان بن أبي حمو لحصار تلمسان ثم اجفاله عنها ولحاقه بصاحب المغرب)
4216	(وفاة أبي تاشفين واستيلاء صاحب المغرب على تلمسان)
4217	(وفاة أبي العباس صاحب المغرب واستيلاء أبي زيان بن أبي حمو على تلمسان والمغرب الأوسط)
4219	(الخبر عن بني كمي أحد بطون بني القاسم بن عبد الواد وكيف نزعوا إلى بني مرين وما صار لهم بنواحي مراكش وأرض السوس من الرئاسة)
4222	(الخبر عن بني راشد بن محمد بن يادين وذكر أوليتهم وتصاريف أحوالهم)
4224	(الخبر عن بني توجين من شعوب بني يادين من أهل هذه الطبقة الثالثة من زناتة وما كان لهم من الدولة والسلطان بالمغرب الأوسط وأولية ذلك ومصايره)
4234	(الخبر عن بني سلامة أصحاب قلعة تاوغزوت رؤساء بني يدللتن من بطون توجين من هذه الطبقة الثانية وأوليتهم ومصايرهم)
4236	الخبر عن بني يرناتن إحدى بطون توجين من هذه الطبقة الثانية وما كان لهم من التقلب والامارة وذكر أوليتهم ومصايره
4239	الخبر عن بني مرين وأنسابهم وشعوبهم وما تأثلوا بالمغرب من السلطان والدولة التي استعملت سائر زناتة وانتظمت كراسي الملك بالعدوتين وأولية ذلك ومصايره
4241	الخبر عن إمارة عبد الحق بن محيو المستقرة في بنيه وإمارة ابنه عثمان من بعده ثم أخيه محمد بن عبد الحق بعدهما وما كان فيها من الأحداث
4244	الخبر عن دولة الأمير أبي يحيى بن عبد الحق مديل الأمر لقومه بني مرين وفاتح الأمصار ومقيم الرسوم الملوكية من الآلة وغيرها لمن بعده من امرائهم
4247	الخبر عن انتقاض أهل فاس على أبي يحيى بن عبد الحق وظفره بهم بعد إيقاعه بيغمراسن وقومه بايسلى
4249	الخبر عن تغلب الأمير أبي يحيى على مدينة سلا وارتجاعها من يده وهزيمة المرتضى بعدها
4250	(الخبر عن فتح سجلماسة وبلاد القبلة وما كان في ذلك من الاحداث)
4251	الخبر عن مهلك أبي يحيى وما كان اثر ذلك من الاحداث التي تمحضت عن استبداد أخيه يعقوب بن عبد الحق بالأمر
4252	(الخبر عن فجأة العدو مدينة سلا واستنقاذها من أيديهم)
4254	الخبر عن منازلة السلطان أبي يوسف حضرة مراكش دار الخلافة وعنصر الدولة وما كان أثر ذلك من نزوع أبي دبوس إليه وكيف نصبه للامر وكان مهلك المرتضى على يده ثم انتقض عليه
4255	الخبر عن وقيعة تلاغ بين السلطان يعقوب بن عبد الحق ويغمراسن بن زيان بإغراء أبي دبوس وتضريبه
4256	الخبر عن السفارة والمهاداة التي وقعت بين السلطان يعقوب ابن عبد الحق وبين المستنصر الخليفة بتونس لن آل أبي حفص
4258	(الخبر عن فتح مراكش ومهلك أبي دبوس وانقراض دولة الموحدين من المغرب)
4259	الخبر عن عهد السلطان لابنه أبي مالك وما كان عقب ذلك من خروج القرابة عليه أولاد أخيه إدريس واجازتهم إلى الأندلس
4260	الخبر عن حركة السلطان أبي يوسف إلى تلمسان وواقعيته على يغمراسن وقومه بايسيلى
4262	الخبر عن افتتاح مدينة طنجة وطاعة أهل سبتة وفرض الاتاوة عليهم وما قارن ذلك من الاحداث
4265	الخبر عن فتح سجلماسة الثاني ودخولها عنوة على بني عبد الواد والمنبات من عرب المعقل
4267	الخبر عن شأن الجهاد وظهور السلطان أبي يوسف على النصارى وقتل زعيمهم ذننه وما قارن ذلك
4273	(الخبر عن اختطاط البلد الجديد بفاس وما كان على بقية ذلك من الأحداث)
4276	(الخبر عن إجازة أمير المسلمين ثانية وما كان فيها من الغزوات)
4278	(الخبر عن تملك السلطان مدينة مالقة من يد ابن اشقيلولة)
4279	الخبر عن تظاهر ابن الأحمر والطاغية على منع السلطان أبي يوسف من إجازة ابن الأحمر واصفاق يغمراسن بن زيان معهم من وراء البحر على الأخذ بحجزته عنهم وواقعة السلطان على يغمراسن بخرزوزة
4287	الخبر عن اجازة السلطان أبي يوسف صريخا للطاغية لخروج ابنه شانجة عليه وافتراق كلمة النصرانية وما كان في هذه الأخبار من الغزوات
4288	الخبر عن شأن السلم مع ابن الأحمر وتجافي السلطان له عن مالقة ثم تجدد الغزو بعد ذلك
4290	الخبر عن إجازة السلطان أبي يوسف الرابعة ومحاصرة شريش وما تخلل ذلك من الغزوات
4293	(الخبر عن وفادة الطاغية شانجة وانعقاد السلم ومهلك السلطان على تفيئة ذلك)
4295	(الخبر عن دولة السلطان وما كان فيها من الاحداث وشأن الخوارج لأول دولته)
4297	(الخبر عن دخول وادي آش في طاعة السلطان ثم رجوعها إلى طاعة ابن الأحمر)
4298	(الخبر عن خروج الأمير أبي عامر ونزوعه إلى مراكش ثم فيئته إلى الطاعة)
4299	(الخبر عن تجدد الفتنة مع عثمان بن يغمراسن وغزو السلطان مدينة تلمسان ومنازلته إياها)
4301	(الخبر عن انتقاض الطاغية واجازة السلطان لغزوه)
4302	(الخبر عن انتقاض ابن الأحمر ومظاهرته للطاغية على طريف أعادها الله للمسلمين)
4303	(الخبر عن وفادة ابن الأحمر على السلطان والتقائهما بطنجة)
4304	(الخبر عن انتزاء الوزير الوساطي بحصن تازوطا من جهات الريف واستنزال السلطان إياه)
4305	(الخبر عن نزوع أبي عامر ابن السلطان إلى بلاد الريف وجهات غمارة)
4306	(الخبر عن حصار تلمسان الكبير وما تخلل ذلك من الاحداث)
4308	(الخبر عن الحصار الكبير لتلمسان وما تخلل ذلك من الأحداث)
4310	(الخبر عن افتتاح بلاد مغراوة وما تخلل ذلك من الأحداث)
4312	(الخبر عن افتتاح بلاد توجين وما تخلل ذلك)
4313	(الخبر عن مراسلة الموحدين ملوك افريقية بتونس وبجاية لزناتة وأحوالهم معهم)
4315	الخبر عن مراسلة ملوك المشرق الأقصى ومهاداتهم ووقادة أمراء الترك على السلطان وما تخلل ذلك
4318	الخبر عن انتقاض ابن الأحمر واستيلاء الرئيس سعيد على سبتة وخروج عثمان بن العلاء في غمارة
4320	(الخبر عن انتقاض بني كمي من بني عبد الواد وخروجهم بأرض السوس)
4322	(الخبر عن مهلك المشيخة من المصامدة بتلبيس أبي الملياني)
4324	(الخبر عن رياسة اليهود بني رقاصة ومقتلهم)
4324	(الخبر عن مهلك السلطان أبي يعقوب)
4325	(الخبر عن ولاية السلطان أبي ثابت) واستلحامه المرشحين وما تخلل ذلك من الاحداث
4328	(الخبر عن انتزاء يوسف بن أبي عياد بمراكش وتغلب السلطان عليه)
4329	(الخبر عن غزاة السلطان لمدافعة عثمان بن أبي العلاء ببلاد الهبط ومهلكه بطنجة بعد ظهوره)
4331	(الخبر عن دولة السلطان أبي الربيع وما كان فيها من الاحداث)
4332	(الخبر عن مقتل عبد الله بن أبي مدين)
4333	(الخبر عن ثورة أهل سبتة بالأندلسيين ومراجعتهم طاعة السلطان)
4335	(الخبر عن بيعة عبد الحق بن عثمان بممالأة الوزير والمشيخة وظهور السلطان عليهم ثم مهلكه باثر ذلك)
4336	(الخبر عن دولة السلطان أبي سعيد وما كان فيها من الأحداث)
4337	(الخبر عن حركة السلطان أبي سعيد إلى تلمسان أولى حركاته اليها)
4338	(الخبر عن انتقاض الأمير أبي علي وما كان بينه وبين أبيه من الواقعات)
4341	(الخبر عن نكبة منديل الكتاني ومقتله)
4343	(الخبر عن انتقاض العزفي بسبتة ومنازلته ثم مصيرها إلى طاعة السلطان بعد مهلكه)
4345	(الخبر عن استقدام عبد المهيمن للكتابة والعلامة)
4346	(الخبر عن صريخ أهل الأندلس ومهلك بطرة على غرناطة)
4348	(الخبر عن صهر الموحدين والحركة إلى تلمسان على اثره وما تخلل ذلك من الاحداث)
4351	(الخبر عن مهلك السلطان أبي سعيد عفا الله عنه وولاية السلطان أبي الحسن وما تخلل ذلك من الاحداث)
4352	(الخبر عن حركة السلطان أبي الحسن إلى سجلماسة وانكفائه عنها إلى تلمسان بعد الصلح مع أخيه والاتفاق)
4353	(الخبر عن انتقاض الأمير أبي علي ونهوض السلطان أبي الحسن اليه وظفره به)
4354	(الخبر عن منازلة جبل الفتح واستئثار الأمير أبي مالك والمسلمين به)
4356	(الخبر عن حصار تلمسان وتغلب السلطان أبي الحسن عليها وانقراض أمر بني عبد الواد بمهلك أبي تاشفين)
4359	(الخبر عن نكبة الأمير عبد الرحمن بمتيجة وتقبض السلطان عليه ثم مهلكه آخرا)
4360	(الخبر عن خروج ابن هيدور وتلبسيه بابي عبد الرحمن)
4361	(الخبر عن شأن الجهاد واغزاء السلطان ابنه الأمير ابا مالك واستشهاده)
4362	(الخبر عن واقعة الملند والظفر به وظهور اساطيل المسلمين على اسطول النصارى)
4363	(الخبر عن واقعة طريف وتمحيص المسلمين)
4364	(الخبر عن منازلة الطاغية الجزيرة، ثم تغلبه عليها بعد أن غلب على القلعة من ثغور ابن الأحمر)
4366	(الخبر عن شفاعة صاحب تونس في أولاد أبي العلاء ووصولهم إلى السلطان)
4367	(الخبر عن هدية السلطان إلى المشرق وبعثه بنسخ المصحف من خطه إلى الحرمين والقدس)
4369	(الخبر عن هدية السلطان إلى ملك مالي من السودان المجاورين للمغرب)
4370	(الخبر عن اصهار السلطان إلى صاحب تونس)
4371	(الخبر عن حركة السلطان إلى إفريقية واستيلائه عليها)
4378	الخبر عن واقعة العرب مع السلطان أبي الحسن بالقيروان وما تخللها من الأحداث
4383	(الخبر عن انتقاض الثغور الغربية ورجوعها إلى دعوة الموحدين)
4385	الخبر عن انتزاء أولاد السلطان بالمغرب الأوسط والأقصى ثم استقلال أبي عنان بملك المغرب
4388	الخبر عن انتقاض النواحي وانتزاء بني عبد الواد بتلمسان ومغراوة بشلف وتوجين بالمرية
4390	(الخبر عن رجوع الثغور الغربية لأمراء الموحدين ببجاية وقسنطينة)
4391	الخبر عن نهوض الناصر ابن السلطان ووليه عريف بن يحيى من تونس إلى المغرب الأوسط
4392	الخبر عن رحلة السلطان أبي الحسن إلى المغرب وتغلب المولى الفضل على تونس وما دعا إلى ذلك من الأحوال
4395	الخبر عن استيلاء السلطان على سجلماسة ثم فراره عنها امام ابنه إلى مراكش واستيلائه عليها وما تخلل ذلك
4396	الخبر عن استيلاء السلطان على مراكش ثم انهزامه أمام الأمير أبي عنان ومهلكه بجبل هنتاتة عفا الله عنه
4398	الخبر عن حركة السلطان أبي عنان إلى تلمسان وإيقاعه ببني عبد الواد بانكاد ومهلك سلطانهم سعيد
4399	الخبر عن شأن أبي ثابت وإيقاع بني مرين به بوادي شلف وتقبض الموحدين عليه بجاية
4400	(الخبر عن تملك السلطان أبي عنان بجاية وانتقال صاحبها إلى المغرب)
4400	(الخبر عن ثورة أهل بجاية ونهوض الحاجب اليها في العساكر)
4403	الخبر عن الحاجب ابن أبي عمرو وما عقد له السلطان على ثغر بجاية وعلى منازلة قسنطينة ونهوضه لذلك
4405	الخبر عن خروج أبي الفضل ابن السلطان أبي الحسن بجبل السكسيوي ومكر عامل درعة به ومهلكه
4407	(الخبر عن انتقاض عيسى بن الحسن بجبل الفتح ومهلكه)
4409	(الخبر عن نهوض السلطان إلى فتح قسنطينة وفتحها ثم فتح تونس عقبها)
4412	(الخبر عن وزارة سليمان بن داود ونهوضه بالعساكر إلى إفريقية)
4413	الخبر عن مهلك السلطان أبي عنان ونصب السعيد للأمر باستبداد الوزير حسن بن عمر في ذلك
4414	الخبر عن تجهيز العساكر إلى مراكش ونهوض الوزير سليمان بن داود لمحاربة عامر بن محمد
4415	الخبر عن ظهور أبي حمو بنواحي تلمسان وتجهيز العساكر لمدافعته، ثم تغلبه وما تخلل ذلك من الأحداث
4417	الخبر عن نهوض الوزير مسعود بن ماسي إلى تلمسان وتغلبه عليها ثم انتقاضه ونصبه سليمان بن منصور للامر
4419	الخبر عن نزول المولى أبي سالم بجبال غمارة واستيلائه على ملك المغرب ومقتل منصور بن سليمان
4422	(الخبر عن خلع ابن الأحمر صاحب غرناطة ومقتل رضوان ومقدمه على السلطان)
4427	(الخبر عن انتقاض الحسن بن عمر وخروجه بتادلا وتغلب السلطان عليه ومهلكه)
4428	(الخبر عن وفد السودان وهديتهم وأغرابهم فيها بالزرافة)
4429	الخبر عن حركة السلطان إلى تلمسان واستيلائه عليها وإيثار أبي زيان حافد أبي تاشفين بملكها وما كان من ذلك من صرف أمراء الموحدين إلى بلادهم
4430	الخبر عن مهلك السلطان أبي سالم واستيلاء عمر بن عبد الله على ملك المغرب ونصبه للملوك واحدا بعد واحد إلى أن هلك
4433	الخبر عن الفتك بابن أنطول قائد العسكر من النصارى ثم خروج يحيى بن رحو وبني مرين عن الطاعة
4435	(الخبر عن وصول عبد الحليم ابن السلطان من تلمسان وحصار البلد الجديد)
4437	الخبر عن قدوم الأمير محمد ابن الأمير عبد الرحمن وبيعته بالبلد الجديد في كفالة عمر بن عبد الله
4438	الخبر عن تجهيز السلطان عبد الحليم واخوته إلى سجلماسة بعد الواقعة عليهم بمكناسة
4439	الخبر عن قدوم عامر بن محمد ومسعود بن ماسي من مراكش وما كان من وزارة ابن ماسي واستبداد عامر بمراكش
4440	(الخبر عن زحف الوزير عمر بن عبد الله إلى سجلماسة)
4441	(الخبر عن بيعة العرب لعبد المؤمن وخروج عبد الحليم إلى المشرق)
4442	(الخبر عن نهوض ابن ماسي بالعساكر إلى سجلماسة واستيلائه عليها ولحاق عبد المؤمن بمراكش)
4442	(الخبر عن انتقاض عامر ثم انتقاض الوزير ابن ماسي على أثره)
4444	(الخبر عن نهوض الوزير عمر وسلطانه إلى مراكش)
4445	(الخبر عن مهلك السلطان محمد بن أبي عبد الرحمن وبيعة عبد العزيز ابن السلطان أبي الحسن)
4446	(الخبر عن مقتل الوزير عمر بن عبد الله واستبداد السلطان عبد العزيز بأمره)
4447	(الخبر عن انتزاء أبي الفضل بن المولى أبي سالم ثم نهوض السلطان اليه ومهلكه)
4448	(الخبر عن نكبة الوزير يحيى بن ميمون بن مصمود ومقتله)
4448	(الخبر عن حركة السلطان إلى عامر بن محمد ومنازلته بجبله ثم الظفر به)
4450	(الخبر عن ارتجاع الجزيرة الخضراء)
4452	(الخبر عن حركة السلطان إلى تلمسان واستيلائه عليها وعلى سائر بلادها وفرار أبي حمو عنها)
4455	(الخبر عن اضطراب المغرب الأوسط ورجوع أبي زيان إلى تيطرا واجلاب العرب بأبي حمو على تلمسان إلى أن غلبهم السلطان جميعا على الأمر واستوسق له الملك)
4457	(الخبر عن قدوم ابن الخطيب على السلطان بتلمسان نازعا اليه عن سلطانه ابن الأحمر صاحب الأندلس)
4463	الخبر عن مهلك السلطان عبد العزيز وبيعة ابنه السعيد واستبداد أبي بكر بن غازي عليه ورجوع بني مرين إلى المغرب
4463	(الخبر عن استيلاء أبي حمو على تلمسان والمغرب الأوسط)
4464	الخبر عن إجازة الأمير عبد الرحمن بن أبي يفلوسن إلى المغرب واجتماع بطوية إليه وقيامهم بشأنه
4466	الخبر عن بيعة السلطان أبي العباس أحمد بن أبي سالم واستقلاله بالملك وما كان خلال ذلك من الأحداث
4469	(الخبر عن مقتل ابن الخطيب)
4471	(الخبر عن اجازة سليمان بن داود الأندلس ومقامه إلى أن هلك بها)
4472	الخبر عن شأن الوزير أبي بكر بن غازي وما كان من تغريبه إلى مايرقة ثم رجوعه وانتقاضه بعد ذلك
4474	الخبر عن انتقاض الصلح بين الأمير عبد الرحمن صاحب مراكش والسلطان أبي العباس صاحب فاس واستيلاء عبد الرحمن على أزمور ومقتل عاملها حسون بن على
4476	الانتقاض الثاني بين صاحب فاس وصاحب مراكش ونهوض صاحب فاس إليه وحصاره ثم عودهما إلى الصلح
4477	انتقاض علي بن زكريا شيخ الهساكرة على الأمير عبد الرحمن وفتكه بمولاه منصور ومقتل الأمير عبد الرحمن
4478	(اجلاب العرب على المغرب في مغيب السلطان بغرية من ولد أبي علي وأبي تاشفين بن أبي حمو صاحب تلمسان ومجيء أبي حمو على أثرهم)
4479	(نهوض السلطان إلى تلمسان وفتحها وتخريبها)
4480	اجازة السلطان موسى ابن السلطان أبي عنان من الأندلس إلى المغرب واستيلاؤه على الملك وظفره بابن عمه السلطان أبي العباس وإزعاجه إلى الأندلس)
4483	(نكبة الوزير محمد بن عثمان ومقتله)
4484	الخبر عن خروج الحسن بن الناصر بغمارة ونهوض الوزير ابن ماسي اليه بالعساكر
4484	(وفاة السلطان موسى والبيعة للمنتصر ابن السلطان أبي العباس)
4485	(إجازة الواثق محمد بن أبي الفضل ابن السلطان أبي الحسن من الأندلس والبيعة له)
4487	الفتنة بين الوزير ابن ماسي وبين السلطان ابن الأحمر واجازة السلطان أبي العباس إلى سبتة لطلب ملكه واستيلاؤه عليها
4488	مسير السلطان أبي العباس من سبتة لطلب ملكه بفاس ونهوض ابن ماسي لدفاعه ورجوعه منهزما
4490	(ظهور دعوة السلطان أبي العباس في مراكش واستيلاء أوليائه عليها)
4490	(ولاية المنتصر ابن السلطان أبي علي على مراكش واستقلاله بها)
4491	(حصار البلد الجديد وفتحها ونكبة الوزير ابن ماسي ومقتله)
4492	(وزارة محمد بن علال [٢] )
4493	(ظهور محمد بن السلطان عبد الحليم بسجلماسة)
4495	(نكبة ابن أبي عمر ومهلكه وحركات ابن حسون)
4496	(خلاف علي بن زكريا بجبل الهساكرة ونكبته)
4496	وفادة أبي تاشفين على السلطان أبي العباس صريخا على أبيه ومسيره بالعساكر ومقتل أبيه السلطان أبي حمو
4499	(وفاة أبي تاشفين واستيلاء صاحب المغرب على تلمسان)
4499	وفاة أبي العباس صاحب المغرب واستيلاء أبي زيان بن أبي حمو على تلمسان والمغرب الأوسط
4501	الخبر عن القرابة المرشحين من آل عبد الحق من الغزاة المجاهدين بالأندلس الذين قاسموا ابن الأحمر في ملكه وانفردوا برياسة جهاده
4503	الخبر عن موسى بن رحو فاتح هذه الرئاسة بالأندلس وخبر أخيه عبد الحق من بعده وابنه حمو بن عبد الحق بعدهما
4504	(الخبر عن عبد الحق بن عثمان شيخ الغزاة بالأندلس)
4506	(الخبر عن عثمان بن أبي العلاء من أمراء الغزاة المجاهدين بالأندلس)
4509	(الخبر عن رياسة ابنه أبي ثابت من بعده ومصير أمرهم)
4511	الخبر عن يحيى بن عمر بن رحو وإمارته على الغزاة بالأندلس أولا وثانيا ومبدإ ذلك وتصاريفه
4513	(الخبر عن إدريس بن عثمان بن أبي العلاء وإمارته بالأندلس ومصاير أمره)
4515	(الخبر عن إمارة علي بن بدر الدين على الغزاة بالأندلس ومصاير أمره)
4516	الخبر عن إمارة عبد الرحمن بن علي أبي يفلوسن ابن السلطان أبي علي على الغزاة بالأندلس ومصاير أمره
4519	(التعريف بابن خلدون مؤلف هذا الكتاب) [٢]
4548	(ولاية العلامة بتونس ثم الرحلة بعدها إلى المغرب والكتابة على السلطان أبي عنان)
4555	(حديث النكبة من السلطان أبي عنان)
4556	(الكتابة عن السلطان أبي سالم في السر والإنشاء)
4564	(الرحلة إلى الأندلس)
4573	(الرحلة من الأندلس إلى بجاية وولاية الحجابة بها على الاستبداد)
4577	(مشايعة أبي حمو صاحب تلمسان)
4596	(مشايعة السلطان عبد العزيز صاحب المغرب على بني عبد الواد)
4607	(فضل الوزير ابن الخطيب [٢] )
4648	(العودة إلى المغرب الأقصى)
4653	الاجازة الثانية إلى الأندلس ثم إلى تلمسان واللحاق بأحياء العرب والمقامة عند أولاد عريف
4655	(الفيئة إلى السلطان أبي العباس بتونس)
4664	(الرحلة إلى المشرق وولاية القضاء بمصر)
4673	(السفر لقضاء الحج)
4683	(ولاية الدروس والخوانق [١]
4706	(ولاية خانقاه بيبرس، والعزل منها)
4707	فتنة الناصري (وسياقه الخبر عنها بعد تقديم كلام في أحوال الدول يليق بهذا الموضع، ويطلعك على أسرار في تنقل أحوال الدول بالتدريج إلى الضخامة والاستيلاء، ثم إلى الضعف والاضمحلال، والله بالغ أمره)
4722	(السعاية في المهاداة والإتحاف بين ملوك المغرب والملك الظاهر)
4730	(ولاية القضاء الثانية بمصر)
4733	(سفر السلطان إلى الشام لمدافعة الططر عن بلاده)
4744	(لقاء الأمير تمر سلطان المغل والططر)
4753	(الرجوع عن هذا الأمير تمر إلى مصر)
4757	(ولاية القضاء الثالثة والرابعة والخامسة بمصر)
4759	المجلد الثامن
4759	فهرس الأعلام والقبائل
5308	القسم الثاني: فهرس الأماكن الجغرافية