4	مقدمة
4	الذهبي وكتابه سير أعلام النبلاء
9	الفصل الأول: حياة الذهبي ومنزلته العلمية
9	أولا - بيئة الذهبي ونشأته
17	ثانيا - بدء عنايته بطلب العلم
21	ثالثا - رحلاته في طلب العلم
29	رابعا - طبيعة دراساته
32	خامسا - صلاته الشخصية وأثرها في تكوينه الفكري
38	سادسا - نشاطه العلمي ومناصبه التدريسية
43	سابعا - منزلة الذهبي العلمية
70	ثامنا - وفاته وأولاده
72	تاسعا - آثار الذهبي
88	الفصل الثاني: سير أعلام النبلاء منهجه وأهميته
88	أولا - عنوان الكتاب وتأليفه
90	ثانيا - نطاق الكتاب وعدد مجلداته
94	ثالثا - ترتيب الكتاب
96	رابعا - مفهوم الطبقة في " السير " وغيره من مؤلفات الذهبي
106	خامسا - طبيعة تراجم " السير " وأسس انتقائها
112	سادسا - صياغة تراجم " السير " وعناصرها
115	سابعا - المنهج النقدي
116	١ - نقد المترجمين
120	٢- نقد الأحاديث والروايات
124	٣ - التعصب والإنصاف في النقد
132	ثامنا أهمية كتاب السير
135	أهميته في دارسة المجتمع
136	هذا التحقيق
138	مقدمة التحقيق
143	وصف النسخ
165	أسماء الأساتذة الذين قاموا بتحقيق كتاب سير أعلام النبلاء
167	[السيرة النبوية]
167	من مولده -صلى الله عليه وسلم- إلى هجرته الشريفة:
167	ذكر نسب سيد البشر:
171	مولده المبارك صلى الله عليه وسلم:
176	أسماء النبي صلى الله عليه وسلم وكنيته:
180	ذكر ما ورد في قصة سطيح
214	ذكر زيد بن عمرو بن نفيل، رحمه الله:
221	قصة سلمان الفارسي:
233	ذكر مبعثه صلى الله عليه وسلم:
240	فأول من آمن به خديجة رضي الله عنها:
242	من معجزاته الأول:
249	إسلام السابقين الأولين:
254	فصل: في دعوة النبي صلى الله عليه وسله عشيرته إلى الله وما لقى من قومه
271	إسلام أبي ذر، رضي الله عنه:
275	إسلام حمزة، رضي الله عنه:
276	إسلام عمر, رضي الله عنه:
284	الهجرة الأولى إلى الحبشة ثم الثانية:
296	إسلام ضماد:
297	إسلام الجن:
307	انشقاق القمر:
310	باب: ويسألونك عن الروح
312	ذكر أذية المشركين للنبي صلى الله عليه وسلم وللمسلمين:
317	ذكر شعب أبي طالب والصحيفة:
320	باب: إنا كفيناك المستهزئين
322	دعاء رسول الله صلى الله عليه وسلم على قريش بالسنة:
324	ذكر الروم:
327	ثم توفي عمه أبو طالب وزوجته خديجة:
335	ذكر الإسراء برسول الله صلى الله عليه وسلم إلى المسجد الأقصى:
345	ذكر معراج النبي صلى الله عليه وسلم إلى السماء:
367	زواجه صلى الله عليه وسلم بعائشة وسودة أمي المؤمنين:
369	عرض نفسه صلى الله عليه وسلم على القبائل:
377	ذكر مبدأ خبر الأنصار والعقبة الأولى:
385	العقبة الثانية:
396	ذكر أول من هاجر إلى المدينة:
403	سياق خروج النبي صلى الله عليه وسلم إلى المدينة مهاجرا:
421	السنة الأولى من الهجرة:
426	قصة إسلام ابن سلام:
428	قصة بناء المسجد:
434	سنة اثنتين من الهجرة:
434	غزوة الأبواء:
435	غزوة بواط، وغزوة العشيرة
435	غزوة بواط:
435	غزوة العشيرة:
436	بدر الأولى:
438	غزوة بدر الكبرى: من السيرة لابن إسحاق، رواية البكائي
481	ذكر غزوة بدر: من مغازي موسى بن عقبة فإنها من أصح المغازي
508	غزوة السويق: في ذي الحجة
512	ثم دخلت سنة ثلاث من الهجرة:
512	غزوة ذي أمر، وغزوة بحران
512	غزوة ذي أمر:
512	غزوة بحران:
515	غزوة بني النضير:
521	غزوة قرقرة الكدر:
528	غزوة أحد: وكانت في شوال
574	غزوة حمراء الأسد:
579	السنة الرابعة من الهجرة:
580	غزوة الرجيع:
585	غزوة بئر معونة:
592	غزوة بني لحيان:
593	غزوة ذات الرقاع:
596	غزوة بدر الموعد:
598	غزوة الخندق:
603	السنة الخامسة من الهجرة:
603	غزوات ذات الرقاع، وغزوة دومة الجندل بضم الدال
603	غزوة ذات الرقاع:
603	غزوة دومة الجندل:
604	غزوة المريسيع:
622	غزوة الخندق:
642	غزوة بني قريظة:
663	إسلام ابني سعية وأسد بن عبيد
664	سنة ست من الهجرة:
664	غزوة ذي قرد:
671	مقتل أبي رافع:
675	قتل ابن نبيح الهذلي:
677	غزوة بني المصطلق وهي غزوة المريسيع:
677	سرية نجد: قيل إنها كانت في المحرم سنة ست:
683	إسلام أبي العاص مبسوطا:
686	سرية عبد الله بن رواحة إلى أسير بن زارم في شوال:
687	قصة غزوة الحديبية وهي على تسعة أميال من مكة:
713	نزول سورة الفتح:
718	وفي سنة ست:
720	السنة السابعة:
720	غزوة خيبر:
728	فصل فيمن ذكر أن مرحبا قتله محمد بن مسلمة:
733	ذكر صفية:
740	ذكر من استشهد على خيبر:
741	قدوم جعفر بن أبي طالب ومن معه:
745	شان الشاة المسمومة:
749	غزوة وادي القرى:
753	سرية أبي بكر -رضي الله عنه- إلى نجد:
754	سرية عمر -رضي الله عنه- إلى عجز هوازن:
754	سرية بشير بن سعد:
755	سرية غالب بن عبد الله الليثي:
757	سرية حنان:
758	سرية أبي حدرد إلى الغابة:
759	سرية محلم بن جثامة:
762	سرية عبد الله بن حذافة بن قيس بن عدي السهمي:
762	عمرة القضية:
767	تزويجه -عليه السلام- بميمونة:
770	ثم دخلت سنة ثمان من الهجرة:
770	إسلام عمرو بن العاص وخالد بن الوليد:
776	سرية شجاع بن وهب الأسدي:
776	سرية نجد:
777	سرية كعب بن عمير:
777	غزوة مؤتة:
788	ترجمة جعفر بن أبي طالب:
789	ترجمة زيد بن حارثة:
792	ترجمة ابن رواحة:
795	واستشهد بمؤته:
795	ذكر رسل النبي صلى الله عليه وسلم:
805	غزوة ذات السلاسل:
809	غزوة سيف البحر:
811	سرية أبي قتادة إلى خضرة:
811	وفاة زينب بنت النبي صلى الله عليه وسلم:
812	فتح مكة شرفها الله وعظمها:
848	غزوة بني جذيمة:
851	غزوة حنين:
864	غزوة أوطاس:
866	غزوة الطائف:
872	قسم غنائم حنين وغير ذلك:
882	عمرة الجعرانة:
883	قصة كعب بن زهير:
890	السنة التاسعة:
891	وفي رجب غزوة تبوك:
909	أمر الذين خلفوا:
916	موت عبد الله بن أبي:
922	ذكر قدوم وفود العرب:
922	ثم بعد أشهر، قدم وفد ثقيف:
928	السنة العاشرة:
932	وافد بني سعد:
940	إسلام ملوك اليمن:
948	حجة الوداع:
957	سنة إحدى عشرة:
957	سرية أسامة:
959	فصل في معجزاته صلى الله عليه وسلم:
1008	باب جامع من دلائل النبوة:
1010	باب آخر سور نزلت:
1012	باب في النسخ والمحو من الصدور:
1013	ذكر صفة النبي صلى الله عليه وسلم:
1106	باب: في خصائصه صلى الله عليه وسلم وتحديثه أمته بها امتثالا لأمر الله تعالى، بقوله تعالى: {وأما بنعمة ربك فحدث}
1111	باب: مرض النبي صلى الله عليه وسلم
1147	باب: تركة رسول الله صلى الله عليه وسلم
1155	[سير الخلفاء الراشدين]
1155	- أبو بكر الصديق خليفة رسول الله صلى الله عليه وسلم:
1216	- سيرة عمر الفاروق رضي الله عنه:
1291	- سيرة ذي النورين عثمان رضي الله عنه:
1365	- سيرة أبي الحسنين علي رضي الله عنه:
1431	الجزء ١ [طبقة ١]
1431	الطبقة الأولى
1431	الصحابة
1431	١ - أبو عبيدة بن الجراح عامر بن عبد الله
1449	٢ - طلحة بن عبيد الله بن عثمان بن عمرو التيمي
1467	٣ - الزبير بن العوام بن خويلد بن أسد بن عبد العزى
1494	٤ - عبد الرحمن بن عوف بن عبد عوف الزهري
1518	٥ - سعد بن أبي وقاص مالك بن أهيب الزهري
1550	٦ - سعيد بن زيد بن عمرو بن نفيل العدوي
1570	- السابقون الأولون
1571	٧ - مصعب بن عمير بن هاشم بن عبد مناف البدري
1575	- ومن شهداء يوم أحد
1576	٨ - أبو سلمة بن عبد الأسد بن هلال
1579	٩ - عثمان بن مظعون بن حبيب بن وهب الجمحي
1587	١٠ - قدامة بن مظعون أبو عمرو الجمحي
1589	١١ - عبد الله بن مظعون الجمحي أبو محمد
1589	١٢ - السائب بن عثمان بن مظعون الجمحي
1590	١٣ - أبو حذيفة بن عتبة بن ربيعة القرشي العبشمي
1593	١٤ - سالم مولى أبي حذيفة
1597	١٥ - حمزة بن عبد المطلب بن هاشم بن عبد مناف القرشي
1611	١٦ - عاقل بن البكير بن عبد يا ليل بن ناشب الليثي
1612	١٧ - خالد بن البكير بن عبد يا ليل بن ناشب الليثي
1612	١٨ - إياس بن أبي البكير بن عبد يا ليل الليثي
1613	١٩ - عامر بن أبي البكير الليثي
1613	٢٠ - مسطح بن أثاثة بن عباد بن المطلب المطلبي
1614	٢١ - أبو عبس بن جبر بن عمرو الأوسي
1615	٢٢ - ابن التيهان أبو الهيثم مالك بن التيهان الأنصاري
1618	٢٣ - أبو جندل العاص بن سهيل بن عمرو العامري
1619	٢٤ - عبد الله بن سهيل بن عمرو العامري
1620	٢٥ - سهيل بن عمرو
1621	٢٦ - البراء بن مالك بن النضر بن ضمضم الأنصاري
1625	٢٧ - نوفل بن الحارث بن عبد المطلب الهاشمي
1625	٢٨ - الحارث بن نوفل بن الحارث الهاشمي
1626	٢٩ - عبد الله بن الحارث بن نوفل الهاشمي
1627	٣٠ - عبد الله بن عبد الله بن الحارث بن نوفل الهاشمي
1628	٣١ - سعيد بن الحارث بن عبد المطلب
1628	٣٢ - أبو سفيان بن الحارث، المغيرة بن الحارث الهاشمي
1631	٣٣ - جعفر بن أبي سفيان
1632	٣٤ - جعفر بن أبي طالب عبد مناف الهاشمي
1644	٣٥ - عقيل بن أبي طالب الهاشمي
1646	٣٦ - زيد بن حارثة الكلبي
1656	٣٧ - عبد الله بن رواحة بن ثعلبة بن امرئ القيس الأنصاري
1666	- فصل: شهداء يوم الرجيع
1667	- شهداء بئر معونة
1668	٣٨ - كلثوم بن الهدم بن امرئ القيس بن الحارث الأنصاري
1669	٣٩ - أبو دجانة الأنصاري سماك بن خرشة بن لوذان
1672	٤٠ - خبيب بن عدي بن عامر بن مجدعة الأنصاري
1675	٤١ - معاذ بن عمرو بن الجموح بن كعب الأنصاري
1678	٤٢ - معوذ بن عمرو بن الجموح الأنصاري السلمي
1678	٤٣ - خلاد بن عمرو بن الجموح الأنصاري
1678	٤٤ - عمرو بن الجموح بن زيد بن حرام السلمي
1682	٤٥ - عبيدة بن الحارث بن المطلب بن عبد مناف بن قصي القرشي المطلبي
1683	- أعيان البدريين
1683	٤٦ - ربيعة بن الحارث بن عبد المطلب بن هاشم الهاشمي
1685	٤٧ - عبد الله بن الحارث بن عبد المطلب الهاشمي
1685	٤٨ - خالد بن سعيد بن العاص بن أمية الأموي
1687	٤٩ - أبان بن سعيد الأموي
1687	٥٠ - عمرو بن سعيد بن العاص الأموي
1688	٥١ - العلاء بن الحضرمي
1692	٥٢ - سعد بن خيثمة بن الحارث الأنصاري الأوسي
1693	٥٣ - البراء بن معرور بن صخر بن خنساء بن سنان الخزرجي
1695	٥٤ - بشر بن البراء بن معرور الخزرجي
1696	٥٥ - سعد بن عبادة بن دليم بن حارثة الأنصاري
1705	٥٦ - سعد بن معاذ بن النعمان بن امرئ القيس الأنصاري
1723	٥٧ - زيد بن الخطاب بن نفيل بن عبد العزى بن رياح العدوي
1724	- من شهداء اليمامة
1725	٥٨ - أسعد بن زرارة بن عدس بن عبيد بن ثعلبة الأنصاري
1730	٥٩ - عتبة بن غزوان بن جابر بن وهيب أبو غزوان المازني
1733	٦٠ - عكاشة بن محصن أبو محصن الأسدي
1734	٦١ - ثابت بن قيس بن شماس بن زهير بن مالك الأنصاري
1742	٦٢ - طليحة بن خويلد بن نوفل الأسدي
1744	٦٣ - سعد بن الربيع بن عمرو بن أبي زهير الأنصاري
1746	٦٤ - معن بن عدي بن الجد بن العجلان الأنصاري
1747	٦٥ - عبد الله بن عبد الله بن أبي بن مالك الأنصاري
1749	٦٦ - عكرمة بن أبي جهل عمرو بن هشام المخزومي
1750	٦٧ - عبد الله بن عمرو بن حرام بن ثعلبة الأنصاري
1754	٦٨ - يزيد بن أبي سفيان بن حرب بن أمية الأموي
1756	٦٩ - أبو العاص بن الربيع بن عبد العزى القرشي
1760	٧٠ - زينب بنت محمد بن عبد الله - رسول الله صلى الله عليه وسلم -
1761	٧١ - أمامة بنت أبي العاص
1761	٧٢ - أبو زيد الأنصاري ثابت بن زيد بن قيس بن زيد
1763	٧٣ - عباد بن بشر بن وقش بن زغبة بن زعوراء الأنصاري
1766	٧٤ - أسيد بن الحضير بن سماك بن عتيك الأنصاري
1770	٧٥ - الطفيل بن عمرو بن طريف الدوسي
1773	٧٦ - بلال بن رباح
1786	٧٧ - ابن أم مكتوم القرشي العامري
1792	٧٨ - خالد بن الوليد المخزومي
1810	٧٩ - صفوان ابن بيضاء أبو عمرو القرشي الفهري
1810	٨٠ - سهيل ابن بيضاء الفهري أبو موسى
1811	٨١ - المقداد بن عمرو بن ثعلبة بن مالك الكندي
1815	٨٢ - أبي بن كعب بن قيس بن عبيد الأنصاري
1829	٨٣ - النعمان بن مقرن أبو عمرو المزني
1832	٨٤ - عمار بن ياسر بن عامر بن مالك العنسي
1854	٨٥ - النجاشي ملك الحبشة
1869	٨٦ - معاذ بن جبل بن عمرو بن أوس الأنصاري
1887	٨٧ - عبد الله بن مسعود بن غافل بن حبيب الهذلي
1926	٨٨ - عتبة بن مسعود الهذلي
1927	٨٩ - خبيب بن يساف بن عنبة بن عمرو الأنصاري
1929	٩٠ - عويم بن ساعدة بن عائش بن قيس الأنصاري
1931	٩١ - قصة سلمان الفارسي
1985	الجزء ٢ [طبقة ١]
1985	تابع: الطبقة الأولى - الصحابة
1985	١ - عبادة بن الصامت بن قيس بن أصرم الأنصاري
1991	٢ - أبو حذافة السهمي عبد الله بن حذافة بن قيس
1996	٣ - أبو رافع مولى رسول الله صلى الله عليه وسلم
1997	٤ - صهيب بن سنان أبو يحيى النمري
2007	٥ - أبو طلحة الأنصاري زيد بن سهل بن الأسود
2015	٦ - أبو بردة بن نيار بن عمرو بن عبيد البلوي
2016	٧ - جبر بن عتيك بن قيس بن هيشة بن الحارث الأنصاري
2017	٨ - الأشعث بن قيس بن معدي كرب الكندي
2023	٩ - حاطب بن أبي بلتعة عمرو بن عمير بن سلمة اللخمي
2026	١٠ - أبو ذر جندب بن جنادة الغفاري
2058	١١ - العباس عم رسول الله صلى الله عليه وسلم
2083	١٢ - عمير بن سعد الأنصاري الأوسي
2085	١٣ - أبو سفيان صخر بن حرب بن أمية الأموي
2087	١٤ - الحكم بن أبي العاص بن أمية الأموي أبو مروان
2089	١٥ - كسرى يزدجرد بن شهريار بن برويز
2089	١٦ - خديجة بنت خويلد بن أسد الأسدية أم المؤمنين
2098	١٧ - فاطمة بنت أسد بن هاشم بن عبد مناف بن قصي الهاشمية
2098	١٨ - فاطمة بنت رسول الله صلى الله عليه وسلم
2115	١٩ - عائشة بنت الصديق أبي بكر التيمية أم المؤمنين
2181	٢٠ - أم سلمة أم المؤمنين هند بنت أبي أمية المخزومية
2191	٢١ - زينب بنت جحش بن رياب أم المؤمنين
2198	٢٢ - زينب أم المؤمنين بنت خزيمة بن الحارث بن عبد الله الهلالية
2198	٢٣ - أم حبيبة أم المؤمنين رملة بنت أبي سفيان الأموية
2203	٢٤ - أم أيمن الحبشية بركة مولاة رسول الله -صلى الله عليه وسلم- وحاضنته
2207	٢٥ - حفصة بنت عمر بن الخطاب العدوية أم المؤمنين
2211	٢٦ - صفية بنت حيي بن أخطب بن سعية أم المؤمنين
2218	٢٧ - ميمونة أم المؤمنين بنت الحارث بن حزن الهلالية
2226	٢٨ - زينب بنت رسول الله صلى الله عليه وسلم
2230	٢٩ - رقية بنت رسول الله صلى الله عليه وسلم
2232	٣٠ - أم كلثوم بنت رسول الله صلى الله عليه وسلم
2233	- زوجاته صلى الله عليه وسلم
2234	٣١ - العالية امرأة من بني بكر بن كلاب
2235	٣٢ - أسماء بنت كعب الجونية
2235	٣٣ - أم شريك الأنصارية النجارية
2236	٣٤ - سناء بنت أسماء بن الصلت السلمية
2236	٣٥ - الكلابية فاطمة بنت الضحاك بن سفيان
2237	٣٦ - الكندية
2240	٣٧ - قتيلة أخت الأشعث بن قيس
2240	٣٨ - خولة بنت حكيم
2241	٣٩ - جويرية أم المؤمنين بنت الحارث بن أبي ضرار المصطلقية
2245	٤٠ - سودة أم المؤمنين بنت زمعة بن قيس العامرية
2249	٤١ - صفية بنت عبد المطلب الهاشمية عمة رسول الله صلى الله عليه وسلم
2252	٤٢ - أروى عمة رسول الله صلى الله عليه وسلم
2252	٤٣ - عاتكة بنت عبد المطلب عمة رسول الله -صلى الله عليه وسلم
2253	٤٤ - البيضاء أم حكيم بنت عبد المطلب عمة رسول الله صلى الله عليه وسلم
2253	٤٥ - برة بنت عبد المطلب عمة رسول الله صلى الله عليه وسلم
2253	٤٦ - أميمة بنت عبد المطلب عمة رسول الله -صلى الله عليه وسلم-
2254	٤٧ - ضباعة بنت الزبير بن عبد المطلب الهاشمية
2255	٤٨ - درة بنت أبي لهب بن عبد المطلب الهاشمية
2256	٤٩ - أم كلثوم بنت عقبة الأموية
2258	٥٠ - أم عمارة نسيبة بنت كعب بن عمرو الأنصارية
2262	٥١ - أسماء بنت عميس بن معبد بن الحارث الخثعمية
2267	٥٢ - أسماء بنت أبي بكر عبد الله بن أبي قحافة عثمان التيمية
2276	٥٣ - أسماء بنت يزيد بن السكن الأشهلية أم عامر
2277	٥٤ - بريرة مولاة أم المؤمنين عائشة
2284	٥٥ - أم سليم الغميصاء بنت ملحان الأنصارية
2291	٥٦ - أم هانىء بنت عم النبي -صلى الله عليه وسلم- أبي طالب
2294	٥٧ - أم الفضل لبابة بنت الحارث بن حزن بن بجير الهلالية
2296	٥٨ - أم حرام بنت ملحان بن خالد الأنصارية
2298	٥٩ - أم عطية الأنصارية نسيبة بنت الحارث
2299	٦٠ - فاطمة بنت قيس الفهرية
2300	فصل في بقية كبراء الصحابة
2300	٦١ - عثمان بن حنيف بن واهب الأنصاري
2303	٦٢ - خباب بن الأرت بن جندلة بن سعد التميمي
2305	٦٣ - سهل بن حنيف أبو ثابت الأنصاري الأوسي
2309	٦٤ - خوات بن جبير بن النعمان بن أمية بن البرك الأنصاري
2311	٦٥ - عبد الله بن جبير بن النعمان بن أمية الأنصاري
2311	٦٦ - قتادة بن النعمان بن زيد بن عامر الأنصاري
2313	٦٧ - عامر بن ربيعة بن كعب بن مالك أبو عبد الله العنزي
2315	٦٨ - أبو الدرداء عويمر بن زيد بن قيس الأنصاري
2334	٦٩ - عياض بن غنم بن زهير بن أبي شداد أبو سعد الفهري
2335	٧٠ - سلمة بن سلامة بن وقش بن زغبة الأشهلي
2336	٧١ - النعمان بن مقرن أبو حكيم المزني
2338	٧٢ - معاذ بن الحارث بن رفاعة الأنصاري
2339	٧٣ - معوذ بن الحارث بن رفاعة الأنصاري
2339	٧٤ - عوف بن الحارث بن رفاعة الأنصاري
2340	٧٥ - رفاعة بن الحارث بن رفاعة الأنصاري
2341	٧٦ - حذيفة بن اليمان بن جابر العبسي
2349	٧٧ - محمد بن مسلمة بن سلمة بن خالد الأنصاري
2354	٧٨ - عثمان بن أبي العاص، أبو عبد الله الثقفي
2355	٧٩ - عبد الله بن زيد بن عبد ربه بن ثعلبة الأنصاري
2357	٨٠ - عبد الله بن زيد بن عاصم بن كعب المازني
2358	٨١ - حارثة بن النعمان بن نفع بن زيد بن عبيد الخزرجي
2360	٨٢ - أبو موسى الأشعري عبد الله بن قيس
2382	٨٣ - أبو أيوب الأنصاري خالد بن زيد بن كليب
2393	٨٤ - عبد الله بن سلام بن الحارث الإسرائيلي
2406	٨٥ - زيد بن ثابت بن الضحاك بن زيد الخزرجي
2422	٨٦ - تميم الداري أبو رقية بن أوس بن خارجة
2429	٨٧ - أبو قتادة الأنصاري السلمي الحارث بن ربعي
2436	٨٨ - عمرو بن عبسة بن خالد بن حذيفة السلمي
2440	٨٩ - شداد بن أوس بن ثابت بن المنذر بن حرام الأنصاري
2447	٩٠ - عقبة بن عامر الجهني المصري
2449	٩١ - بريدة بن الحصيب بن عبد الله الأسلمي
2451	٩٢ - عبد الرحمن بن أبي بكر الصديق
2454	٩٣ - الحكم بن عمرو الغفاري
2457	٩٤ - رافع بن عمرو الغفاري الكناني
2458	٩٥ - رافع بن عمرو المزني البصري
2459	٩٦ - الأرقم بن أبي الأرقم بن أسد بن عبد الله المخزومي
2461	٩٧ - أبو حميد الساعدي الأنصاري المدني
2462	٩٨ - عبد الله بن الأرقم بن عبد يغوث القرشي
2463	٩٩ - عبد الله بن مغفل بن عبد نهم بن عفيف المزني
2465	١٠٠ - خزيمة بن ثابت بن الفاكه الأنصاري
2467	١٠١ - عوف بن مالك الأشجعي الغطفاني
2471	١٠٢ - معيقيب بن أبي فاطمة الدوسي
2476	١٠٤ - أسامة بن زيد بن حارثة بن شراحيل
2488	١٠٥ - عمران بن حصين بن عبيد بن خلف الخزاعي
2492	١٠٦ - حسان بن ثابت بن المنذر بن حرام الأنصاري
2503	١٠٧ - كعب بن مالك بن أبي كعب عمرو الأنصاري
2510	١٠٨ - جرير بن عبد الله بن جابر بن مالك البجلي
2517	١٠٩ - أبو اليسر كعب بن عمرو الأنصاري
2518	١١٠ - أبو أسيد الساعدي مالك بن ربيعة بن البدن
2520	١١١ - حويطب بن عبد العزى القرشي العامري
2522	١١٢ - سعيد بن يربوع القرشي
2522	١١٣ - مخرمة بن نوفل بن أهيب بن عبد مناف الزهري
2524	١١٤ - أبو الغادية الصحابي
2525	١١٥ - صفوان بن المعطل بن رحضة بن المؤمل السلمي
2530	١١٦ - دحية بن خليفة بن فروة بن فضالة الكلبي
2536	١١٧ - أبو جهم بن حذيفة القرشي العدوي
2537	١١٨ - عمير بن سعد بن شهيد بن قيس الأنصاري
2542	١١٩ - صفوان بن أمية بن خلف الجمحي
2547	١٢٠ - أبو ثعلبة الخشني
2551	١٢١ - عبد الرحمن بن سمرة بن حبيب العبشمي
2552	١٢٢ - وائل بن حجر بن سعد أبو هنيدة الحضرمي
2554	١٢٣ - أبو واقد الليثي الحارث بن عوف
2556	١٢٤ - معقل بن يسار المزني البصري
2556	١٢٥ - معقل بن سنان الأشجعي
2558	١٢٦ - أبو هريرة الدوسي عبد الرحمن بن صخر
2614	الجزء ٣ [طبقة ١]
2614	تابع: الطبقة الأولى - الصحابة
2614	١ - أبو بكرة الثقفي الطائفي نفيع بن الحارث
2619	٢ - عثمان بن طلحة بن أبي طلحة عبد الله العبدري
2621	٣ - شيبة بن عثمان بن أبي طلحة القرشي
2623	٤ - أبو رفاعة العدوي تميم بن أسيد
2627	٦ - عبد الله بن عامر بن كريز بن ربيعة بن حبيب العبشمي
2630	٧ - المغيرة بن شعبة بن أبي عامر بن مسعود بن معتب
2642	٨ - عبد الله بن سعد بن أبي سرح بن الحارث العامري
2645	٩ - رويفع بن ثابت الأنصاري النجاري
2646	١٠ - معاوية بن حديج بن جفنة بن قتيرة الكندي
2649	١١ - أبو برزة الأسلمي نضلة بن عبيد
2653	١٢ - حكيم بن حزام بن خويلد بن أسد الأسدي
2660	١٣ - هشام بن حكيم بن حزام الأسدي
2661	١٤ - كعب بن عجرة الأنصاري السالمي المدني
2663	١٥ - عمرو بن العاص بن وائل السهمي
2686	١٦ - هشام بن العاص السهمي
2688	١٧ - عبد الله بن عمرو بن العاص بن وائل السهمي
2704	١٨ - جبير بن مطعم بن عدي بن نوفل النوفلي
2708	١٩ - عقيل بن أبي طالب الهاشمي
2709	٢٠ - يعلى بن أمية بن أبي عبيدة التميمي المكي
2711	٢١ - قيس بن سعد بن عبادة بن دليم الأنصاري
2721	٢٢ - عبد المطلب بن ربيعة بن الحارث الهاشمي
2722	٢٣ - فضالة بن عبيد بن نافذ بن قيس الأنصاري
2726	٢٤ - أبو محذورة الجمحي أوس بن معير
2728	٢٥ - معاوية بن أبي سفيان صخر بن حرب الأموي
2771	٢٦ - عدي بن حاتم بن عبد الله بن سعد الطائي
2774	٢٧ - زيد بن أرقم بن زيد بن قيس الأنصاري
2777	٢٨ - أبو سعيد الخدري سعد بن مالك بن سنان
2781	٢٩ - سفينة مولى رسول الله -صلى الله عليه وسلم -
2783	٣٠ - جندب بن عبد الله بن سفيان البجلي
2784	٣١ - جندب الأزدي، أبي عبد الله
2786	٣٢ - النابغة الجعدي أبو ليلى
2788	٣٣ - عمرو بن أمية بن خويلد بن عبد الله الضمري
2790	٣٤ - رافع بن خديج بن رافع بن عدي بن تزيد الأنصاري
2792	٣٥ - سمرة بن جندب بن هلال الفزاري
2795	٣٦ - جابر بن سمرة بن جنادة بن جندب السوائي
2797	٣٧ - حبيب بن مسلمة بن مالك القرشي الفهري
2798	٣٨ - جابر بن عبد الله بن عمرو بن حرام السلمي
2803	٣٩ - البراء بن عازب بن الحارث الأنصاري الحارثي
2806	ومن بقايا صغار الصحابة
2806	٤٠ - عبد الله بن يزيد بن زيد بن حصين الخطمي
2807	٤١ - الربيع بنت معوذ بن عفراء الأنصارية
2809	٤٢ - زينب بنت أبي سلمة بن عبد الأسد بن هلال المخزومية
2810	٤٣ - عبد الرحمن بن أبزى الخزاعي
2811	٤٤ - أبو جحيفة السوائي الكوفي، وهب بن عبد الله
2812	٤٥ - عبد الله بن عمر بن الخطاب بن نفيل العدوي
2849	ومن صغار الصحابة
2849	٤٦ - الضحاك بن قيس بن خالد الفهري القرشي
2853	٤٧ - الحسن بن علي بن أبي طالب بن عبد المطلب
2888	٤٨ - الحسين الشهيد أبو عبد الله بن علي بن أبي طالب بن عبد المطلب
2929	٤٩ - عبد الله بن حنظلة الغسيل الأنصاري
2934	٥٠ - سلمة ابن الأكوع سنان بن عبد الله الأسلمي
2939	٥١ - عبد الله بن عباس البحر أبو العباس الهاشمي
2967	٥٢ - أبو أمامة الباهلي
2971	٥٣ - عبد الله بن الزبير بن العوام بن خويلد الأسدي
2989	٥٤ - المنذر بن الزبير الأسدي أبو عثمان
2989	٥٥ - عبد الله بن الزبير بن عبد المطلب الهاشمي
2991	٥٦ - عبد الله بن الزبير الأسدي
2991	٥٧ - واثلة بن الأسقع بن كعب بن عامر الليثي
2996	٥٩ - عبد الله بن السائب القرشي
2998	٦٠ - المسور بن مخرمة بن نوفل بن أهيب الزهري
3002	٦١ - سليمان بن صرد أبو مطرف الخزاعي الكوفي
3003	٦٢ - أنس بن مالك بن النضر بن ضمضم الأنصاري
3014	٦٣ - عمر بن أبي سلمة بن عبد الأسد القرشي
3016	٦٤ - سلمة بن أبي سلمة بن عبد الأسد القرشي
3017	٦٥ - بسر بن أرطاة القرشي العامري
3019	٦٦ - النعمان بن بشير بن سعد بن ثعلبة الأنصاري
3020	٦٧ - الوليد بن عقبة بن أبي معيط بن أبي عمرو الأموي
3024	٦٨ - عتبة بن عبد السلمي أبو الوليد
3025	٦٩ - عتبة بن الندر السلمي الشامي
3025	٧٠ - عمرو بن حريث بن عمرو بن عثمان المخزومي
3027	٧١ - العرباض بن سارية السلمي
3030	٧٢ - سهل بن سعد بن سعد بن مالك الخزرجي
3032	٧٣ - مسلمة بن مخلد بن الصامت الأنصاري
3034	٧٤ - عبد الله بن سرجس المزني
3035	٧٥ - المقدام بن معد يكرب بن عمرو بن يزيد
3036	٧٦ - عبد الله بن أبي أوفى علقمة بن خالد بن الحارث الأسلمي
3038	٧٧ - عبد الله بن بسر بن أبي بسر أبو صفوان المازني
3041	٧٨ - أبو عنبة الخولاني
3043	٧٩ - محمد بن حاطب بن الحارث الجمحي
3045	٨٠ - السائب بن يزيد بن سعيد بن ثمامة الكندي
3047	٨١ - جبير بن الحويرث بن نقيد بن بجير بن عبد بن قصي بن كلاب القرشي
3048	٨٢ - قثم بن العباس بن عبد المطلب بن هاشم الهاشمي
3050	٨٣ - معبد بن عباس بن عبد المطلب الهاشمي
3051	٨٤ - كثير بن العباس بن عبد المطلب الهاشمي
3051	٨٥ - تمام بن العباس بن عبد المطلب الهاشمي
3052	٨٦ - الفضل بن العباس بن عبد المطلب الهاشمي
3052	٨٧ - سعيد بن العاص بن أبي أحيحة الأموي
3057	٨٨ - عمرو الأشدق بن العاص الأموي
3059	٩٠ - قدامة بن عبد الله بن عمار الكلابي العامري
3060	٩١ - سفيان بن وهب الخولاني أبو أيمن المصري
3061	٩٢ - غضيف بن الحارث بن زنيم السكوني
3064	٩٣ - عبد الله بن جعفر بن أبي طالب الهاشمي
3070	٩٤ - قيس بن عائذ أبو كاهل الأحمسي
3070	٩٥ - حجر بن عدي بن جبلة بن عدي بن ربيعة الكندي
3075	٩٦ - حجر الشر حجر بن يزيد بن سلمة الكندي
3075	٩٧ - أبو الطفيل عامر بن واثلة الليثي الكناني
3078	٩٨ - أم خالد أمة بنت خالد الأموية
3080	٩٩ - عمرو بن الزبير
3081	١٠٠ - عمرو بن أخطب أبو زيد الأنصاري
3083	١٠١ - أبو عسيب
3084	كبار التابعين
3084	١٠٢ - مروان بن الحكم بن أبي العاص الأموي
3087	١٠٣ - محمد بن أبي حذيفة أبو القاسم العبشمي
3089	١٠٤ - محمد بن أبي بكر الصديق
3090	١٠٥ - عبد الله بن أبي طلحة زيد بن سهل الأنصاري
3092	١٠٦ - عبد الرحمن بن الحارث بن هشام المخزومي
3093	١٠٧ - محمود بن لبيد بن عقبة بن رافع الأنصاري
3094	١٠٨ - هاشم بن عتبة بن أبي وقاص الزهري
3094	١٠٩ - طارق بن شهاب بن عبد شمس بن سلمة الأحمسي
3096	١١٠ - عبد الله بن شداد بن الهاد الليثي أبو الوليد
3097	١١١ - كعب الأحبار كعب بن ماتع الحميري
3102	١١٢ - زياد بن أبيه زياد بن عبيد الثقفي
3105	١١٣ - صلة بن أشيم أبو الصهباء العدوي
3108	١١٤ - أم كلثوم بنت علي بن أبي طالب الهاشمية
3111	١١٥ - عبد الله بن ثعلبة بن صعير العذري
3112	وممن أدرك زمان النبوة
3112	١١٦ - عبد الله بن ربيعة بن فرقد السلمي
3113	١١٧ - الصنابحي عبد الرحمن بن عسيلة المرادي
3115	١١٨ - صفية بنت شيبة أم منصور القرشية
3117	١١٩ - يوسف بن عبد الله بن سلام بن الحارث الإبراهيمي
3118	١٢٠ - عبد الله بن عكيم الجهني
3120	١٢١ - عبيد الله بن العباس بن عبد المطلب الهاشمي
3122	١٢٢ - عبيد الله بن عدي بن الخيار النوفلي
3124	١٢٣ - ربيعة بن عبد الله بن الهدير القرشي
3124	١٢٤ - ربيعة بن عباد الديلي الحجازي
3125	١٢٥ - أبو أمامة بن سهل بن حنيف الأنصاري
3127	١٢٦ - محمود بن الربيع بن سراقة بن عمرو الأنصاري
3128	١٢٧ - قيس بن مكشوح أبو حسان المرادي
3129	١٢٨ - عبد الله بن عامر بن ربيعة أبو محمد العنزي
3130	١٢٩ - يزيد بن مفرغ زياد بن ربيعة الحميري
3131	١٣٠ - عمرو بن سلمة أبو بريد الجرمي
3132	١٣١ - عمرو بن سلمة الهمداني الكوفي
3132	١٣٢ - كعب بن سور الأزدي
3133	١٣٣ - زيد بن صوحان بن حجر بن الحارث العبدي
3136	١٣٤ - صعصعة بن صوحان أبو طلحة
3137	١٣٥ - عبد الله بن الحارث بن نوفل القرشي
3139	١٣٦ - حكيم بن جبلة العبدي
3140	١٣٧ - جبلة بن الأيهم الغساني أبو المنذر
3140	١٣٨ - عقبة بن نافع القرشي الفهري
3142	١٣٩ - الوليد بن عتبة بن أبي سفيان بن حرب
3142	١٤٠ - قيس بن ذريح الليثي
3143	١٤١ - أسماء بن خارجة بن حصن بن حذيفة بن بدر الفزاري
3145	١٤٢ - حسان بن مالك بن بحدل بن أنيف أبو سليمان الكلبي
3146	١٤٣ - شقيق بن ثور أبو الفضل السدوسي
3146	١٤٤ - المختار بن أبي عبيد الثقفي الكذاب
3153	١٤٥ - عبيد الله بن زياد بن أبيه أبو حفص
3158	الجزء ٤ [طبقة ١، ٢]
3158	تابع: الطبقة الأولى - الصحابة
3158	١ - المجنون قيس بن الملوح العامري
3160	٢ - أبو مسلم الخولاني عبد الله بن ثوب
3167	٣ - القاري عبد الرحمن بن عبد المدني
3168	٤ - عامر بن عبد قيس التميمي العنبري البصري
3172	٥ - أويس القرني أبو عمرو بن عامر بن جزء بن مالك المرادي
3187	٦ - الأشتر مالك بن الحارث النخعي
3188	٧ - إبراهيم بن الأشتر مالك بن الحارث النخعي
3188	٨ - يزيد بن معاوية بن أبي سفيان بن حرب بن أمية الأموي
3193	٩ - عبيدة بن عمرو السلماني المرادي الكوفي
3198	١٠ - عبد الرحمن بن غنم الأشعري
3199	١١ - كثير بن مرة أبو شجرة الحضرمي
3201	١٢ - هرم بن حيان العبدي البصري
3203	١٣ - الأسود بن يزيد بن قيس أبو عمرو النخعي
3206	١٤ - علقمة بن قيس بن عبد الله أبو شبل النخعي
3214	١٥ - علقمة بن وقاص بن محصن بن كلدة الليثي
3215	١٦ - جنادة بن أبي أمية الأزدي الدوسي
3216	١٧ - مسروق بن الأجدع بن مالك الوادعي الهمداني
3222	١٨ - سويد بن غفلة بن عوسجة بن عامر الجعفي
3226	١٩ - أبو تميم الجيشاني عبد الله بن مالك
3227	٢٠ - أبو سالم الجيشاني سفيان بن هانىء المصري
3227	٢١ - مرة الطيب بن شراحيل الهمداني الكوفي
3228	٢٢ - الحارث بن قيس الجعفي الكوفي
3229	٢٣ - جبير بن نفير بن مالك بن عامر الحضرمي
3231	٢٤ - عبد الرحمن بن يزيد بن قيس النخعي
3231	٢٥ - محمد بن عبد الرحمن بن يزيد النخعي
3232	٢٦ - عمرو بن الأسود العنسي
3234	٢٧ - عمير بن هانىء العنسي الداراني
3234	٢٨ - أبو الأسود الدؤلي ظالم بن عمرو
3239	٢٩ - الأحنف بن قيس بن معاوية بن حصين التميمي
3250	٣٠ - عاصم بن عمر بن الخطاب العدوي
3251	٣١ - أسلم العدوي العمري مولى عمر بن الخطاب
3253	٣٢ - شريح القاضي أبو أمية بن الحارث الكندي
3260	٣٣ - شريح بن هانىء أبو المقدام الحارثي
3262	٣٤ - خرشة بن الحر
3262	٣٥ - مالك السرايا أبو حكيم مالك بن عبد الله الخثعمي
3263	بقية الطبقة الأولى من كبراء التابعين
3263	٣٦ - ابن الحنفية أبو القاسم محمد بن علي بن أبي طالب القرشي
3282	٣٧ - عبد الله بن محمد ابن الحنفية الهاشمي
3283	٣٨ - الحسن بن محمد ابن الحنفية الهاشمي
3284	٣٩ - سليم بن عتر أبو سلمة التجيبي المصري
3286	٤٠ - أبو معمر عبد الله بن سخبرة الأزدي الكوفي
3287	٤١ - عمر بن علي بن أبي طالب الهاشمي
3288	٤٢ - أبو ميسرة عمر بن شرحبيل الهمداني
3289	٤٣ - الجرشي يزيد بن الأسود
3291	٤٤ - عبيد الله بن أبي بكرة الثقفي
3291	٤٥ - عياض بن عمرو الأشعري
3292	٤٦ - معاوية بن يزيد بن معاوية بن أبي سفيان، أبو ليلى
3293	٤٧ - حسان بن النعمان بن المنذر الغساني
3293	٤٨ - مصعب بن الزبير بن العوام القرشي الأسدي
3298	٤٩ - بشر بن مروان بن الحكم الأموي
3299	٥٠ - شبيب بن يزيد بن أبي نعيم الشيباني
3303	٥١ - شبث بن ربعي التميمي اليربوعي
3303	٥٢ - عبد الله بن صفوان بن أمية بن خلف الجمحي
3304	٥٣ - قطري بن الفجاءة أبو نعامة التميمي المازني
3305	٥٤ - الحارث الأعور أبو زهير بن عبد الله الهمداني
3309	٥٥ - الحارث بن سويد التيمي الكوفي أبو عائشة
3309	٥٦ - عبيد بن عمير بن قتادة الليثي الجندعي المكي
3310	٥٧ - عبد الله بن عبيد بن عمير الليثي
3311	٥٨ - عمرو بن ميمون الأودي المذحجي الكوفي
3314	٥٩ - شقيق بن سلمة أبو وائل الأسدي الكوفي
3319	٦٠ - زر بن حبيش بن حباشة بن أوس الأسدي
3323	٦١ - عبد الله بن أبي الهذيل العنزي
3324	٦٢ - مالك بن أوس بن الحدثان بن الحارث بن عوف النصري
3325	٦٣ - عمر بن عبيد الله بن معمر أبو حفص التيمي
3326	٦٤ - أبو عمرو الشيباني سعد بن إياس
3327	٦٥ - المعرور بن سويد أبو أمية الأسدي الكوفي
3327	٦٦ - طلحة بن عبد الله بن عوف الزهري
3328	٦٧ - أبو عثمان النهدي عبد الرحمن بن مل
3332	٦٨ - أبو الشعثاء سليم بن أسود المحاربي الكوفي
3332	٦٩ - عابس بن ربيعة النخعي
3333	٧٠ - سعيد بن وهب الهمداني الخيواني الكوفي
3334	٧١ - جميل بن عبد الله بن معمر أبو عمرو العذري
3334	٧٢ - القباع الحارث بن عبد الله بن أبي ربيعة المخزومي
3335	٧٣ - حمران بن أبان الفارسي
3336	٧٤ - ابن الأشعث عبد الرحمن بن محمد الكندي
3338	٧٥ - أعشى همدان عبد الرحمن بن عبد الله الهمداني
3338	٧٦ - معبد بن عبد الله بن عويمر الجهني
3340	٧٧ - مطرف بن عبد الله بن الشخير الحرشي العامري
3349	٧٨ - زيد بن وهب أبو سليمان الجهني الكوفي
3349	٧٩ - حفص بن عاصم بن عمر بن الخطاب القرشي
3350	٨٠ - أيوب القرية أيوب بن يزيد بن قيس النمري
3351	٨١ - قيس بن أبي حازم أبو عبد الله البجلي
3355	٨٢ - العلاء بن زياد بن مطر بن شريح العدوي
3359	٨٣ - عبد الله بن معقل بن مقرن المزني
3359	٨٤ - عبد الله بن معبد الزماني
3360	٨٥ - أبو العالية رفيع بن مهران الرياحي البصري
3367	٨٦ - عمران بن حطان بن ظبيان السدوسي
3370	٨٧ - عباد بن عبد الله بن الزبير بن العوام الأسدي
3370	٨٨ - سعيد بن المسيب بن حزن القرشي المخزومي
3399	٨٩ - عبد الملك بن مروان بن الحكم بن أبي العاص بن أمية الأموي
3402	٩٠ - عبد العزيز بن مروان بن الحكم المدني
3404	٩١ - روح بن زنباع بن روح بن سلامة أبو زرعة الجذامي
3405	٩٢ - ابن أم برثن عبد الرحمن بن آدم البصري
3406	٩٣ - أبو رجاء العطاردي عمران بن ملحان
3410	٩٤ - الأسود بن هلال أبو سلام المحاربي
3411	٩٥ - الربيع بن خثيم بن عائذ أبو يزيد الثوري
3415	٩٦ - عبد الرحمن بن أبي ليلى الأنصاري الكوفي
3420	٩٧ - أبو عبد الرحمن السلمي عبد الله بن حبيب
3425	٩٨ - أمية بن عبد الله بن خالد بن أسيد الأموي
3430	١٠٠ - أم الدرداء الصغرى هجيمة الحميرية
3432	١٠١ - أبو البختري الطائي مولاهم سعيد بن فيروز
3433	١٠٢ - زاذان أبو عمر الكندي مولاهم
3435	١٠٣ - قبيصة بن ذؤيب بن حلحلة الخزاعي المدني
3436	١٠٤ - همام بن الحارث النخعي الكوفي
3437	١٠٥ - مرثد بن عبد الله أبو الخير اليزني المصري
3438	١٠٦ - بلال بن أبي الدرداء الأنصاري
3439	١٠٧ - صفوان بن محرز المازني البصري
3440	الطبقة الثانية
3440	١٠٨ - أبو سلمة بن عبد الرحمن بن عوف الزهري
3445	١٠٩ - إبراهيم بن عبد الرحمن بن عوف الزهري
3446	١١٠ - وحميد بن عبد الرحمن الزهري
3446	١١١ - حميد بن عبد الرحمن الحميري
3447	١١٢ - حسان بن النعمان بن المنذر الغساني أمير المغرب
3447	١١٣ - الشعبي عامر بن شراحيل بن عبد بن ذي كبار
3472	١١٤ - عبد الرحمن بن أبي بكرة الثقفي
3473	١١٥ - خيثمة بن عبد الرحمن بن أبي سبرة المذحجي
3474	١١٦ - سعيد بن جبير بن هشام الوالبي مولاهم
3496	١١٧ - الحجاج بن يوسف الثقفي
3496	١١٨ - أبو بردة بن أبي موسى الأشعري عبد الله بن قيس
3499	١١٩ - أيوب ابن القرية النمري
3500	١٢٠ - الوليد بن عبد الملك بن مروان بن الحكم الأموي
3501	١٢١ - محمد بن سعد بن أبي وقاص مالك الزهري
3502	١٢٢ - عامر بن سعد بن أبي وقاص الزهري
3502	١٢٣ - عمر بن سعد بن أبي وقاص الزهري
3503	١٢٤ - عمرو بن سعد بن أبي وقاص الزهري
3503	١٢٥ - مصعب بن سعد الزهري
3503	١٢٦ - إبراهيم بن سعد الزهري
3503	١٢٧ - عمير بن سعد بن أبي وقاص الزهري
3504	١٢٨ - إسماعيل
3504	١٢٩ - ويحيى
3504	١٣٠ -عبد الرحمن أبناء سعد بن أبي وقاص الزهري
3504	١٣١ - بشير بن كعب بن أبي الحميري العدوي
3504	١٣٢ - أما: بشير بن كعب العلوي
3504	١٣٣ - أبان بن عثمان بن عفان الأموي المدني
3506	١٣٤ - عمرو بن عثمان بن عفان الأموي
3508	١٣٦ - أبو سلام ممطور الحبشي ثم الدمشقي
3510	١٣٧ - مالك بن أسماء بن خارجة الفزاري
3510	١٣٨ - أبو الأشعث الصنعاني شراحيل بن آدة
3515	١٤٠ - أبو ظبيان الجنبي الكوفي حصين بن جندب
3516	١٤١ - أبو عبيدة بن عبد الله بن مسعود الهذلي
3517	١٤٢ - طويس المدني أبو عبد المنعم عيسى بن عبد الله
3517	١٤٣ - موسى بن طلحة بن عبيد الله التيمي المدني
3520	١٤٤ - عيسى بن طلحة بن عبيد الله أبو محمد القرشي
3521	١٤٥ - محمد بن طلحة الملقب بالسجاد
3521	١٤٦ - إسحاق بن طلحة
3522	١٤٧ - عائشة بنت طلحة بن عبيد الله التيمية
3523	١٤٨ - عمران بن طلحة بن عبيد الله
3523	١٤٩ - عكرمة بن عبد الرحمن المخزومي
3524	١٥٠ - أبو الجوزاء أوس بن عبد الله الربعي البصري
3525	١٥١ - شهر بن حوشب أبو سعيد الأشعري
3532	١٥٢ - عمر بن عبد الله بن أبي ربيعة بن المغيرة المخزومي
3532	١٥٣ - يحيى بن وثاب الأسدي الكاهلي مولاهم
3535	١٥٤ - خالد ابن الخليفة يزيد بن معاوية بن أبي سفيان الأموي
3536	١٥٥ - المهلب بن أبي صفرة ظالم الأزدي
3538	١٥٦ - جميل بن عبد الله بن معمر أبو عمرو العذري
3539	١٥٧ - علي بن الحسين بن علي بن أبي طالب الهاشمي
3554	١٥٨ - أبو جعفر الباقر محمد بن علي بن الحسين
3563	١٦٠ - قتيبة بن مسلم بن عمرو بن حصين بن ربيعة الباهلي
3564	١٦١ - عبد الرحمن بن أبي بكرة نفيع بن الحارث الثقفي
3566	١٦٢ - تبيع بن عامر الحميري الحبر
3567	١٦٣ - أبو رافع الصائغ المدني ثم البصري نفيع
3568	١٦٤ - خالد بن مهاجر ابن سيف الله خالد بن الوليد المخزومي
3569	١٦٥ - أبو بكر بن عبد الرحمن بن الحارث المخزومي
3572	١٦٦ - عكرمة بن عبد الرحمن المخزومي
3572	١٦٧ - الحارث بن هشام المخزومي
3574	١٦٨ - عروة بن الزبير بن العوام بن خويلد القرشى الأسدى
3590	١٦٩ - خارجة بن زيد بن ثابت أبو زيد الأنصاري
3594	١٧٠ - يحيى بن يعمر أبو سليمان العدواني
3596	١٧١ - عمير بن سعيد النخعي الكوفي
3596	١٧٢ - يزيد بن أبي كبشة جبريل بن يسار البتلهي
3597	١٧٣ - سليمان بن يسار المدني مولى أم المؤمنين ميمونة
3601	١٧٤ - عطاء بن يسار المدني
3602	١٧٥ - مجاهد بن جبر أبو الحجاج المكي الأسود
3620	١٧٧ - أبو الطفيل عامر بن واثلة الكناني
3621	١٧٨ - أبو قلابة الجرمي عبد الله بن زيد
3628	١٧٩ - عبيد الله بن عبد الله بن عتبة الهذلي المدني
3632	١٨٠ - صالح بن أبي مريم أبو الخليل الضبعي مولاهم
3632	١٨١ - كريب بن أبي مسلم أبو رشدين الهاشمي
3633	١٨٢ - بشير بن نهيك أبو الشعثاء البصري
3634	١٨٣ - سعيد بن عبد الرحمن بن أبزى
3634	١٨٤ - أبو الشعثاء جابر بن زيد الأزدي اليحمدي
3636	١٨٥ - الحسن بن الحسن بن على بن أبى طالب القرشى الهاشمى، أبو محمد المدنى
3640	١٨٦ - زيد بن الحسن بن على بن أبى طالب القرشى الهاشمى المدنى
3642	١٨٨ - علي بن ربيعة أبو المغيرة الوالبي الكوفي
3643	١٨٩ - راشد بن سعد الحبراني
3644	١٩٠ - خلاس بن عمرو الهجري
3644	١٩١ - أبو أسماء الرحبي الدمشقي
3645	١٩٢ - حنش بن عبد الله بن عمرو بن حنظلة النسائي
3646	١٩٣ - يزيد بن عبد الله بن الشخير أبو العلاء العامري
3647	١٩٤ - عبد الله بن محيريز بن جنادة بن وهب القرشي
3649	١٩٥ - موسى بن نصير أبو عبد الرحمن اللخمي
3653	١٩٦ - طارق بن زياد مولى موسى بن نصير
3656	١٩٧ - يزيد بن المهلب بن أبي صفرة أبو خالد الأزدي
3660	١٩٨ - حفصة بنت سيرين أم الهذيل الفقيهة
3660	١٩٩ - عمرة بنت عبد الرحمن بن سعد الأنصارية
3661	٢٠٠ - معاذة بنت عبد الله أم الصهباء العدوية
3662	٢٠١ - صلة بن أشيم
3662	٢٠٢ - ربيعة بن لقيط التجيبي المصري
3663	٢٠٣ - مسلم بن يسار أبو عبد الله البصري
3667	٢٠٤ - مسلم بن يسار أبو عثمان المصري الطنبذي
3667	٢٠٥ - مسلم بن يسار الجهني
3667	٢٠٦ - مسلم بن يسار الدوسي
3668	٢٠٧ - زياد بن جبير بن حية الثقفي البصري
3668	٢٠٨ - عياض بن عبد الله بن سعد بن أبي سرح القرشي
3668	٢٠٩ - زرارة بن أوفى أبو حاجب العامري
3670	٢١٠ - صلة بن زفر العبسي الكوفي
3670	٢١١ - يزيد بن الأصم أبو عوف العامري
3672	٢١٢ - يزيد بن الحكم بن أبي العاص الثقفي البصري
3673	٢١٣ - إبراهيم النخعي أبو عمران بن يزيد بن قيس
3682	٢١٤ - أبو نضرة العبدي المنذر بن مالك بن قطعة
3685	٢١٥ - بكر بن عبد الله بن عمرو أبو عبد الله المزني
3689	٢١٦ - خالد بن معدان بن أبي كرب الكلاعي
3694	٢١٧ - نافع بن جبير بن مطعم بن عدي القرشي
3696	٢١٨ - محمد بن جبير بن مطعم القرشي
3697	٢١٩ - وهب بن منبه بن كامل بن سيج بن ذي كبار
3710	٢٢٠ - رجاء بن حيوة بن جرول الكندي
3715	٢٢١ - عمر بن هبيرة بن معاوية بن سكين الفزاري
3715	٢٢٢ - إبراهيم بن محمد بن طلحة بن عبيد الله القرشى التيمى، أبو إسحاق المدنى
3716	٢٢٣ - الحسن البصري أبو سعيد
3741	٢٢٤ - سعيد بن أبي الحسن يسار البصري
3742	٢٢٥ - الأخطل غياث بن غوث التغلبي النصراني
3743	٢٢٦ - الفرزدق أبو فراس همام بن غالب التميمي
3743	٢٢٧ - جرير أبو حزرة بن عطية بن الخطفى التميمي
3744	٢٢٨ - بشير بن يسار المدني
3746	٢٣٠ - الأحوص الشاعر أبو عاصم عبد الله بن محمد بن عبيد الله
3746	٢٣١ - يزيد بن أبي مسلم أبو العلاء بن دينار الثقفي
3747	٢٣٢ - أبو بحرية عبد الله بن قيس الكندي
3747	٢٣٣ - بسر بن سعيد المدني مولى بني الحضرمي
3748	٢٣٤ - سبلان سالم بن عبد الله مولى النصريين
3749	٢٣٥ - سليمان بن قتة التيمي * مولاهم البصري
3750	٢٣٦ - زياد الأعجم بن سليم العبدي مولاهم
3750	٢٣٧ - الراعي أبو جندل عبيد بن حصين النميري
3751	٢٣٨ - الضحاك بن مزاحم الهلالي
3754	٢٣٩ - طلق بن حبيب العنزي
3756	٢٤٠ - الضحاك بن عبد الرحمن بن عرزب الأشعري
3757	٢٤١ - الضحاك المشرقي
3757	٢٤٢ - عبد الله بن حنين المدني
3757	٢٤٣ - إبراهيم بن عبد الله بن حنين المدني
3758	٢٤٤ - عبيد بن حنين مولى آل زيد بن الخطاب
3758	٢٤٥ - زياد بن جبير بن حية الثقفي
3759	٢٤٦ - محمد بن سيرين أبو بكر الأنصاري
3775	٢٤٧ - أنس بن سيرين
3777	الجزء ٥ [طبقة ٢، ٣، ٤]
3777	تابع: الطبقة الثانية
3777	١ - أبو بردة بن أبي موسى الأشعري
3779	٢ - أبو حازم الأشجعي سلمان الكوفي
3780	٣ - أبو زرعة بن عمرو بن جرير بن عبد الله البجلي
3780	٤ - أبو المتوكل الناجي البصري علي بن داود
3781	٥ - سعد بن عبيد أبو حمزة السلمي
3781	٦ - سعيد بن أبي هند
3782	٧ - عبد الرحمن بن أبان الأموي
3783	٨ - عبد الرحمن بن الأسود بن يزيد النخعي
3784	٩ - عكرمة أبو عبد الله القرشي مولاهم
3808	١٠ - أبو صالح السمان ذكوان بن عبد الله
3809	١١ - أبو صالح باذام
3810	١٢ - أبو صالح الحنفي الكوفي
3810	١٣ - طاووس بن كيسان الفارسي
3821	١٤ - عبد الرحمن بن يزيد بن معاوية الأموي
3822	١٥ - عبد الله بن بريدة بن الحصيب الأسلمي
3824	١٦ - سليمان بن بريدة الأسلمي
3825	١٧ - عدي بن أرطاة الفزاري الدمشقي
3825	١٨ - القاسم بن محمد بن أبي بكر الصديق
3832	١٩ - إبراهيم بن يزيد بن شريك التيمي
3834	٢٠ - عبد الرحمن بن أبي نعم البجلي
3835	٢١ - عراك بن مالك الغفاري المدني
3836	٢٢ - عبد الرحمن بن حسان بن ثابت الأنصاري
3837	٢٣ - القرظي محمد بن كعب بن سليم
3840	٢٤ - يوسف بن ماهك الفارسي
3841	٢٥ - الأعرج عبد الرحمن بن هرمز المدني
3842	٢٦ - أبو السفر سعيد بن يحمد الهمداني
3843	٢٧ - أبو الضحى مسلم بن صبيح القرشي
3843	٢٨ - ميمون بن مهران الجزري
3850	٢٩ - عطاء بن أبي رباح أسلم القرشي مولاهم
3860	٣٠ - ابن أبي مليكة عبد الله بن عبيد الله
3862	٣١ - بلال بن سعد بن تميم السكوني
3865	٣٢ - أبو الحباب سعيد بن يسار المدني
3866	٣٣ - أبو المليح بن أسامة بن عمير الهذلي
3873	٣٥ - علي بن رباح بن قصير اللخمي
3874	٣٦ - المسيب بن رافع أبو العلاء الأسدي
3875	٣٧ - عون بن عبد الله بن عتبة الهذلي
3877	٣٨ - عون بن أبي جحيفة وهب السوائي
3877	٣٩ - محمد بن زيد بن عبد الله ابن أمير المؤمنين عمر بن الخطاب
3878	٤٠ - محمد بن عباد بن جعفر القرشي
3878	٤١ - موسى بن يسار المخرمي مولاهم
3879	٤٢ - عبادة بن الوليد بن عبادة بن الصامت الأنصاري
3879	٤٣ - موسى بن وردان العامري مولاهم
3880	٤٤ - سالم بن أبي الجعد رافع الأشجعي
3882	٤٥ - عدي بن الرقاع العاملي
3882	٤٦ - عدي بن زيد بن الحمار العبادي
3883	٤٧ - سليمان بن عبد الملك بن مروان الأموي
3886	٤٨ - عمر بن عبد العزيز بن مروان الأموي
3920	٤٩ - محمد بن مروان بن الحكم الأموي
3920	٥٠ - عبد العزيز ابن الخليفة الوليد بن عبد الملك
3921	٥١ - عبد الحميد بن عبد الرحمن بن زيد بن الخطاب
3921	٥٢ - عمر بن عبد الله بن أبي ربيعة المخزومي
3922	٥٣ - يزيد بن عبد الملك الخليفة أبو خالد القرشي
3924	٥٤ - كثير عزة بن عبد الرحمن بن الأسود الخزاعي
3925	٥٥ - معاوية بن قرة بن إياس بن هلال المزني
3925	الطبقة الثالثة
3927	٥٦ - إياس بن معاوية أبو واثلة المزني
3927	٥٧ - مكحول الدمشقي أبو عبد الله
3932	٥٨ - مكحول الأزدي البصري أبو عبد الله
3936	٥٩ - قيس بن مسلم أبو عمرو الجدلي
3936	٦٠ - سعيد بن الحارث بن أبي سعيد بن المعلى الأنصاري
3937	٦١ - عمرو بن شعيب بن محمد السهمي
3953	٦٢ - شعيب بن محمد بن عبد الله بن عمرو بن العاص القرشى السهمى الحجازى
3953	٦٣ - محمد بن عبد الله بن عمرو بن العاص القرشى السهمى الطائفى
3956	٦٤ - المنهال بن عمرو أبو عمرو الأسدي مولاهم
3957	٦٥ - سليم بن عامر الكلاعي الخبائري
3958	٦٦ - محمد بن يحيى بن حبان الأنصاري
3959	٦٧ - ابن موهب عثمان بن عبد الله التيمي
3960	٦٨ - عدي بن ثابت الأنصاري الكوفي
3961	٦٩ - الجراح بن عبد الله الحكمي أبو عقبة
3963	٧٠ - طلحة بن مصرف بن عمرو اليامي
3965	٧١ - أبو الزاهرية حدير بن كريب الحمصي
3966	٧٢ - القاسم بن عبد الرحمن الدمشقي
3967	٧٣ - القاسم بن عبد الرحمن بن عبد الله بن مسعود الهذلى المسعودى، أبو عبد الرحمن الكوفى
3968	٧٤ - عمرو بن مرة بن عبد الله المرادي
3972	٧٥ - سعيد بن عمرو بن سعيد الأموي
3973	٧٦ - يعلى بن عطاء العامري
3973	٧٧ - القاسم بن مخيمرة الهمداني
3976	٧٨ - ثمامة بن عبد الله بن أنس بن مالك الأنصاري
3977	٧٩ - معبد بن خالد الجدلي الكوفي
3977	٨٠ - جامع بن شداد أبو صخرة المحاربي
3978	٨١ - علقمة بن مرثد أبو الحارث الحضرمي
3978	٨٢ - علي بن زيد بن جدعان التيمي
3980	٨٣ - الحكم بن عتيبة الكندي مولاهم
3985	٨٤ - ابن أبي المهاجر إسماعيل بن عبيد الله الدمشقي
3986	٨٥ - أبو يعفور واقد العبدي الكوفي
3986	٨٦ - أبو قبيل المعافري حي بن هانىء
3987	٨٧ - زياد بن علاقة بن مالك أبو مالك الثعلبي
3988	٨٨ - سعيد المقبري أبو سعد بن كيسان
3989	٨٩ - محارب بن دثار بن كردوس بن قرواش السدوسي
3991	٩٠ - عامر بن عبد الله بن الزبير بن العوام الأسدي
3992	٩١ - ثابت بن أسلم أبو محمد البناني
3997	٩٢ - محمد بن عمرو بن عطاء العامري
3998	٩٣ - وهب بن كيسان أبو نعيم الأسدي
3999	٩٤ - نعيم بن عبد الله المجمر المدني
3999	٩٥ - يزيد بن صهيب الفقير أبو عثمان الكوفي
4000	٩٦ - عبد العزيز بن رفيع الأسدي الطائفي
4001	٩٧ - عبدة بن أبي لبابة أبو القاسم الأسدي
4002	٩٨ - يونس بن ميسرة بن حلبس الجبلاني
4003	٩٩ - حماد بن أبي سليمان مسلم الكوفي
4011	١٠٠ - غيلان بن جرير أبو يزيد الأزدي المعولي
4011	١٠١ - ربيعة بن يزيد أبو شعيب الإيادي الدمشقي
4012	١٠٢ - عاصم بن عمر بن قتادة بن النعمان الظفري
4013	١٠٣ - مسلمة بن عبد الملك بن مروان بن الحكم الأموي
4014	١٠٤ - عبيد الله بن أبي يزيد المكي
4015	١٠٥ - أبو جمرة نصر بن عمران الضبعي البصري
4016	١٠٦ - إياد بن لقيط السدوسي الكوفي
4016	١٠٧ - إياس بن سلمة بن الأكوع الأسلمي المدني
4017	١٠٨ - سعيد بن مينا الحجازي
4017	١٠٩ - سماك بن حرب بن أوس الذهلي البكري
4021	١١٠ - سماك بن الفضل الخولاني
4021	١١١ - سماك بن الوليد الحنفي اليمامي
4022	١١٢ - سماك بن عطية المربدي
4022	١١٣ - بكر بن سوادة أبو ثمامة الجذامي
4023	١١٤ - أبو طوالة الأنصاري عبد الله بن عبد الرحمن
4023	١١٥ - أبو التياح يزيد بن حميد الضبعي البصري
4024	١١٦ - علي بن عبد الله بن العباس بن عبد المطلب
4025	١١٧ - عبد الله بن دينار العدوي العمري مولاهم
4027	١١٨ - أبو عمران الجوني عبد الملك بن حبيب
4028	١١٩ - عاصم بن أبي النجود الأسدي مولاهم
4033	١٢٠ - عباس بن سهل بن سعد الأنصاري
4034	١٢١ - محمد بن زياد القرشي الجمحي البصري
4034	١٢٢ - سكينة بنت الحسين الشهيد
4035	١٢٣ - هارون بن رئاب أبو بكر التميمي
4036	١٢٤ - السدي إسماعيل بن عبد الرحمن
4037	١٢٥ - هلال بن أبي ميمونة علي العامري المدني
4038	١٢٦ - يزيد بن عبد الله بن قسيط الليثي المدني
4038	١٢٧ - نصيب بن رباح أبو محجن الأسود الشاعر
4039	١٢٨ - ذو الرمة غيلان بن عقبة بن بهيس
4039	١٢٩ - حمزة بن بيض الحنفي الكوفي
4040	١٣٠ - العرجي عبد الله بن عمر بن عمرو بن عفان
4040	١٣١ - البطال أبو محمد عبد الله
4041	١٣٢ - قتادة بن دعامة بن قتادة بن عزيز السدوسي
4055	١٣٣ - نافع بن مالك بن أبي عامر الأصبحي المدني
4056	١٣٤ - علي بن عبد الله بن عباس بن عبد المطلب
4058	١٣٥ - عبد الله بن أبي زكريا أبو يحيى الخزاعي
4059	١٣٦ - أبو جعفر القارئ يزيد بن القعقاع المدني
4060	١٣٧ - حبيب بن أبي ثابت أبو يحيى القرشي
4064	١٣٨ - عبد الله بن عامر بن يزيد اليحصبي
4065	١٣٩ - أبو سفيان طلحة بن نافع الإسكاف
4066	١٤٠ - محمد بن إبراهيم بن الحارث التيمي المدني
4068	١٤١ - زبيد بن الحارث اليامي الكوفي
4070	١٤٢ - سلمة بن كهيل بن حصين الحضرمي التنعي
4072	١٤٣ - أبو يونس سليم بن جبير
4072	١٤٤ - عمرو بن دينار أبو محمد الجمحي مولاهم
4079	١٤٥ - عمرو بن دينار البصري
4081	١٤٦ - سليمان بن حبيب المحاربي
4081	١٤٧ - حميد بن هلال بن سويد بن هبيرة العدوي
4083	١٤٨ - همام بن منبه بن كامل بن سيج الأبناوي
4085	١٤٩ - علي بن الأقمر بن عمرو بن الحارث الهمداني
4086	١٥١ - ولده: عبد الله بن أبي بكر بن محمد
4087	١٥٢ - جبلة بن سحيم التيمي
4088	١٥٣ - زيد بن أسلم أبو عبد الله العدوي العمري
4089	١٥٤ - المطلب بن عبد الله بن حنطب القرشي
4090	١٥٥ - عبد الله بن كثير بن عمرو بن عبد الله الكناني
4094	١٥٦ - عمرو بن قيس بن ثور بن مازن السكوني
4095	١٥٧ - عبادة بن نسي أبو عمر الكندي الأردني
4096	١٥٨ - عطية بن قيس أبو يحيى الكلبي
4097	١٥٩ - عطية بن سعد بن جنادة العوفي
4098	١٦٠ - محمد بن مسلم بن عبيد الله بن عبد الله بن شهاب الزهري
4122	١٦١ - يحيى البكاء البصري
4123	١٦٢ - هشام بن عبد الملك بن مروان أبو الوليد الأموي
4125	١٦٣ - محمد بن المنكدر بن عبد الله القرشي التيمي
4134	١٦٤ - مالك بن دينار
4136	١٦٥ - صفوان بن سليم القرشي الزهري المدني
4141	١٦٦ - زيد بن جبير الطائي الكوفي
4142	١٦٧ - الماجشون أبو يوسف يعقوب بن دينار المدني
4142	١٦٨ - الوليد بن يزيد بن عبد الملك بن مروان الأموي
4145	١٦٩ - الفأفاء خالد بن سلمة القرشي الكوفي
4146	١٧٠ - يزيد بن الوليد بن عبد الملك بن مروان الأموي
4148	١٧١ - إبراهيم بن الوليد بن عبد الملك القرشي الأموي
4150	١٧٢ - خالد بن أبي عمران التجيبي
4151	١٧٣ - إبراهيم الإمام إبراهيم بن محمد بن علي الهاشمي
4152	١٧٤ - أبو الزبير محمد بن مسلم بن تدرس
4159	١٧٥ - محمد بن عبد الرحمن بن عبد الله الأنصاري
4159	١٧٦ - أبو حمزة القصاب عمران بن أبي عطاء الواسطي
4160	١٧٧ - الكميت بن زيد الأسدي الكوفي
4161	١٧٨ - زيد بن علي بن الحسين بن علي
4163	١٧٩ - سيار بن وردان أبو الحكم العنزي مولاهم
4164	١٨٠ - أبو إسحاق السبيعي عمرو بن عبد الله
4174	الطبقة الرابعة
4174	١٨١ - منصور بن المعتمر أبو عتاب السلمي
4184	١٨٢ - أبو حصين عثمان بن عاصم بن حصين الأسدي
4189	١٨٣ - مخرمة بن سليمان الوالبي المدني
4190	١٨٤ - سعد بن إبراهيم بن عبد الرحمن بن عوف الزهري
4193	١٨٥ - عمير بن هانىء العبسي الداراني أبو الوليد
4194	١٨٦ - حصين بن عبد الرحمن أبو الهذيل السلمي
4196	١٨٧ - حصين بن عبد الرحمن بن عمرو بن سعد بن معاذ الأنصارى الأشهلى
4196	١٨٨ - حصين بن عبد الرحمن الجعفي الكوفي
4196	١٨٩ - حصين بن عبد الرحمن الحارثي الكوفي
4196	١٩٠ - حصين بن عبد الرحمن النخعي الكوفي
4197	١٩١ - القسري أبو الهيثم خالد بن عبد الله بن يزيد
4205	١٩٢ - الجعد بن درهم
4205	١٩٣ - سليمان بن موسى الدمشقي الأشدق
4209	١٩٤ - يزيد بن عبد الرحمن بن أبي مالك الهمداني
4210	١٩٥ - عبد الملك بن عمير بن سويد بن حارثة القرشي
4213	١٩٦ - منصور بن زاذان أبو المغيرة الثقفي مولاهم
4214	١٩٧ - يوسف بن عمر بن محمد بن الحكم بن أبي عقيل الثقفي
4216	١٩٨ - داود بن علي بن عبد الله بن عباس الهاشمي
4217	١٩٩ - أبو الزناد عبد الله بن ذكوان القرشي المدني
4223	٢٠٠ - يعلى بن حكيم الثقفي
4224	٢٠١ - يعلى بن عطاء الطائفي
4224	٢٠٢ - مطر الوراق أبو رجاء الخراساني
4226	٢٠٣ - صالح بن كيسان المدني المؤدب
4228	٢٠٤ - زياد بن أبي زياد مولى ابن عياش
4230	٢٠٥ - سهيل بن أبي صالح المدني
4234	٢٠٦ - سمي المدني
4234	٢٠٧ - عبد الحميد بن يحيى بن سعد الأنباري أبو يحيى
4235	٢٠٨ - عبد الملك بن مروان ابن فاتح الأندلس موسى بن نصير اللخمي
4235	٢٠٩ - نصر بن سيار أبو الليث المروزي
4236	٢١٠ - واصل بن عطاء أبو حذيفة المخزومي مولاهم
4237	٢١١ - أبو بشر جعفر بن أبي وحشية إياس اليشكري
4238	٢١٢ - حسان بن عطية أبو بكر المحاربي مولاهم
4240	٢١٣ - يحيى بن سعيد بن قيس بن عمرو الأنصاري
4254	٢١٤ - عبد ربه بن سعيد الأنصاري
4254	٢١٥ - سعد بن سعيد الأنصاري
4255	الجزء ٦ [طبقة ٤، ٥، ٦]
4255	تابع: الطبقة الرابعة
4255	١ - عبد الرحمن بن القاسم بن محمد بن أبى بكر الصديق القرشى التيمى أبو محمد المدنى الفقيه
4256	٢ - سالم أبو النضر بن أبي أمية المدني
4257	٣ - الخلال حفص بن سليمان الهمداني مولاهم
4258	٤ - عبيد الله بن أبي جعفر المصري الكناني مولاهم
4260	٥ - مغيرة بن مقسم أبو هشام الضبي مولاهم
4263	٦ - عاصم بن سليمان أبو عبد الرحمن البصري
4265	٧ - أيوب السختياني أبو بكر العنزي مولاهم
4276	٨ - جهم بن صفوان أبو محرز الراسبي مولاهم
4277	٩ - يحيى بن أبي كثير أبو نصر الطائي مولاهم
4281	١٠ - يزيد بن أبي حبيب الأزدي مولاهم، المصري
4283	١١ - إسحاق بن عبد الله ابن صاحب رسول الله -صلى الله عليه وسلم- أبي طلحة زيد بن سهل الأنصاري
4284	١٢ - هشام بن عروة بن الزبير بن العوام الأسدي
4297	١٣ - إسحاق بن سويد بن هبيرة التميمي
4297	١٤ - عطاء بن أبي ميمونة
4298	١٥ - أبو مسلم الخراساني عبد الرحمن بن مسلم
4323	١٦ - يزيد ابن الطثرية أبو المكشوح بن سلمة بن سمرة
4324	١٧ - مروان بن محمد بن عبد الملك بن مروان الأموي
4327	١٨ - السفاح عبد الله بن محمد بن علي العباسي
4330	١٩ - عبد الكريم بن مالك أبو سعيد الجزري الحراني
4333	١٩ - أبو أمية عبد الكريم بن أبي المخارق
4334	٢٠ - كرز أبو عبد الله بن وبرة الحارثي الكوفي
4336	٢١ - عطاء السليمي البصري
4339	٢٣ - ربيعة الرأي بن أبي عبد الرحمن فروخ التيمي
4346	٢٤ - أبو حازم سلمة بن دينار المديني المخزومي
4353	٢٥ - عبد العزيز بن صهيب البناني البصري
4353	٢٦ - عبد الله بن طاووس أبو محمد اليماني
4354	٢٧ - عمرو بن عبيد أبو عثمان البصري
4356	٢٨ - داود بن الحصين أبو سليمان الأموي
4357	٢٩ - عبد الملك بن أبي سليمان العرزمي
4360	٣٠ - عطاء بن السائب الثقفي مولاهم الكوفي
4364	٣١ - موسى بن عقبة بن أبي عياش القرشي مولاهم
4368	٣٢ - عمرو بن أبي عمرو أبو عثمان المدني
4369	٣٣ - محمد بن واسع بن جابر بن الأخنس الأزدي
4373	٣٤ - المختار بن فلفل
4373	٣٥ - إبراهيم بن ميسرة الطائفي
4374	٣٦ - بيان بن بشر أبو بشر الأحمسي الكوفي
4374	٣٧ - يعقوب بن عتبة بن المغيرة بن الأخنس بن شريق الثقفي
4375	٣٨ - عبد الله بن أبي نجيح يسار أبو يسار الثقفي
4377	٣٩ - مطرف بن طريف الكوفي
4378	٤٠ - إسماعيل بن محمد بن سعد بن أبي وقاص الزهري
4379	٤١ - يزيد بن أبي زياد الهاشمي مولاهم
4383	٤٢ - يزيد بن أبي سمية أبو صخر الأيلي
4383	٤٣ - عمر بن أبي سلمة بن عبد الرحمن بن عوف الزهري
4384	٤٤ - محمد بن سوقة أبو بكر الغنوي الكوفي
4385	٤٥ - أيوب بن موسى أبو موسى الأموي المكي
4386	٤٦ - محمد بن عمرو بن علقمة بن وقاص الليثي
4387	٤٧ - عروة بن رويم اللخمي الأردني
4388	٤٨ - عمار الدهني أبو معاوية بن معاوية البجلي
4388	٤٩ - عمارة بن أبي حفصة البصري
4389	٥٠ - عمارة بن غزية بن الحارث الأنصاري
4390	٥١ - عمارة بن القعقاع بن شبرمة الضبي الكوفي
4390	٥٢ - عطاء بن أبي مسلم الخراساني
4393	٥٣ - أيوب أبو العلاء القصاب الواسطي
4393	٥٤ - حبيب العجمي أبو محمد البصري
4394	٥٥ - الحسن بن عبيد الله بن عروة النخعي
4395	٥٦ - خصيف بن عبد الرحمن الخضرمي
4397	٥٧ - واهب بن عبد الله أبو عبد الله الكعبي المعافري
4397	٥٨ - زهرة بن معبد بن عبد الله التيمي المدني
4398	٥٩ - عبد الحميد صاحب الزيادي
4398	٦٠ - عثمان البتي أبو عمرو
4399	٦١ - جعفر بن ربيعة ابن الأمير شرحبيل بن حسنة الكندي
4400	٦٢ - أبو الأسود محمد بن عبد الرحمن الأسدي
4400	٦٣ - موسى بن أبي عائشة الهمداني الكوفي
4401	٦٤ - برد بن سنان أبو العلاء الدمشقي
4401	٦٥ - حجاج بن حجاج الباهلي البصري
4402	٦٦ - أبو هاشم الرماني الواسطي
4402	٦٧ - الحسن بن الحر النخعي
4403	٦٨ - الجريري أبو مسعود سعيد بن إياس
4406	٦٩ - رقبة بن مصقلة العبدي
4407	٧٠ - الزبير بن عدي أبو عدي الهمداني اليامي
4407	٧١ - يزيد بن عبد الله بن خصيفة بن يزيد الكندي
4408	٧٢ - يزيد بن يزيد بن جابر الأزدي
4409	٧٣ - شريك بن عبد الله بن أبي نمر المدني
4410	٧٤ - هاشم بن يزيد بن خالد ابن الخليفة يزيد بن معاوية السفياني
4411	٧٥ - عبد الله بن علي بن البحر عبد الله بن عباس
4412	٧٦ - رؤبة بن العجاج التميمي الراجز
4412	٧٧ - سليمان بن علي الأمير عم المنصور
4413	٧٨ - حميد بن أبي حميد الطويل البصري
4419	٧٩ - الربيع بن أنس بن زياد البكري الخراساني
4420	٨٠ - بكير بن عبد الله بن الأشج القرشي المدني
4424	٨١ - يعقوب بن عبد الله بن الأشج
4424	٨٢ - محمد بن جحادة الكوفي
4426	٨٣ - إسماعيل بن أبي خالد البجلي الأحمسي
4429	٨٤ - ليث بن أبي سليم بن زنيم الأموي مولاهم
4434	٨٥ - أبو مالك الأشجعي سعد بن طارق بن أشيم
4436	٨٦ - العلاء بن عبد الرحمن بن يعقوب المدني
4438	٨٧ - محمد بن زياد الألهاني
4438	٨٨ - يزيد بن عبد الله بن أسامة بن الهاد الليثي
4439	٨٩ - يحيى بن الحارث أبو عمرو الغساني
4440	٩٠ - خالد بن مهران أبو المنازل البصري الحذاء
4443	٩١ - أبو إسحاق الشيباني سليمان بن أبي سليمان
4445	٩٢ - سليمان بن طرخان أبو المعتمر التيمي
4452	٩٣ - زكريا بن أبي زائدة أبو يحيى الهمداني
4453	٩٤ - فضيل بن غزوان بن جرير الضبي
4453	٩٥ - بكر بن عمرو المعافري المصري
4454	٩٦ - عبد الرحمن بن حميد الزهري
4454	٩٧ - عبد المجيد بن سهيل الزهري
4454	٩٨ - ابن عقيل عبد الله بن محمد بن عقيل بن أبي طالب الهاشمي
4455	٩٩ - غالب القطان أبو سلمة بن خطاف
4456	١٠٠ - هاشم بن هاشم بن هاشم بن عتبة بن أبي وقاص القرشي
4456	١٠١ - يزيد بن أبي عبيد المدني
4457	١٠٢ - إبراهيم ابن هرمة أبو إسحاق بن علي الفهري
4457	١٠٣ - ابن هبيرة يزيد بن عمر بن هبيرة الفزاري
4458	١٠٤ - عبد الله بن المقفع
4460	١٠٥ - محمد بن عبد الله بن حسن ابن السيد الحسن بن علي بن أبي طالب الهاشمي
4468	١٠٦ - إبراهيم بن عبد الله بن حسن العلوي
4474	١٠٧ - الديباج أبو عبد الله محمد بن عبد الله بن عمرو العثماني
4475	١٠٨ - عمران بن مسلم البصري
4476	١٠٩ - خالد بن صفوان بن الأهتم أبو صفوان المنقري
4476	١١٠ - الأعمش سليمان بن مهران الكاهلي
4498	١١١ - الكلبي محمد بن السائب بن بشر
4500	١١٢ - عمرو بن قيس الكوفي الملائي البزاز
4501	١١٣ - بريد بن عبد الله بن أبي بردة الأشعري
4503	١١٤ - بهز بن حكيم بن معاوية بن حيدة القشيري
4503	١١٥ - حاتم بن أبي صغيرة أبو يونس القشيري
4504	١١٦ - حبيب المعلم بن أبي قريبة دينار البصري
4505	الطبقة الخامسة
4505	١١٧ - جعفر بن محمد بن علي القرشي الهاشمي
4520	١١٨ - موسى الكاظم أبو الحسن العلوي
4524	١١٩ - أشعث بن عبد الله بن جابر الأزدي
4525	١٢٠ - أشعث بن سوار الكندي
4528	١٢١ - أشعث بن عبد الملك أبو هانىء الحمراني
4531	١٢٢ - الزبيدي محمد بن الوليد بن عامر
4534	١٢٣ - مجالد بن سعيد بن عمير بن بسطام الهمداني
4538	١٢٤ - يونس بن عبيد بن دينار العبدي مولاهم
4546	١٢٥ - زيد بن واقد القرشي مولاهم
4547	١٢٦ - يونس بن يزيد بن أبي النجاد مشكان الأيلي
4551	١٢٧ - عقيل بن خالد أبو خالد الأيلي
4554	١٢٩ - عبيد الله بن عمر العدوي
4557	١٣٠ - يزيد بن عبيدة السكوني
4558	١٣١ - أبان بن تغلب الربعي الكوفي
4559	١٣٢ - أيمن بن نابل أبو عمران الحبشي
4560	١٣٣ - ابن أبي ليلى محمد بن عبد الرحمن الأنصاري
4566	١٣٤ - كهمس بن الحسن التميمي الحنفي البصري
4567	١٣٥ - محمد بن عجلان القرشي المدني
4573	١٣٦ - زياد بن سعد الخراساني
4573	١٣٧ - إبراهيم بن أبي عبلة العقيلي
4575	١٣٨ - ابن جريج الأموي عبد الملك بن عبد العزيز بن جريج
4586	١٣٩ - حنظلة بن أبي سفيان الجمحي
4588	١٤٠ - سيف بن سليمان المكي
4589	١٤١ - عثمان بن الأسود المكي مولى بني جمح
4589	١٤٢ - العلاء بن المسيب بن رافع الأسدي الكوفي
4590	١٤٣ - زكريا بن إسحاق المكي
4590	١٤٤ - مقاتل بن حيان بن دوال دور أبو بسطام النبطي
4592	١٤٥ - أسامة بن زيد أبو زيد الليثي
4594	١٤٦ - ثور بن يزيد أبو يزيد الكلاعي
4595	١٤٧ - حسين المعلم ابن ذكوان العوذي
4596	١٤٨ - عمرو بن ميمون بن مهران الجزري
4597	١٤٩ - عبد الله بن شبرمة الضبي
4599	١٥٠ - عمرو بن الحارث بن يعقوب بن عبد الله الأنصاري
4604	١٥١ - الحارث بن يعقوب بن عبد الله الأنصاري
4604	١٥٢ - العوام بن حوشب بن يزيد الربعي الواسطي
4605	١٥٣ - العوام بن حمزة المازني
4605	١٥٤ - هشام بن حسان أبو عبد الله القردوسي
4613	١٥٥ - عمران بن حدير السدوسي
4614	١٥٦ - عبد الله بن عون بن أرطبان المزني مولاهم
4625	١٥٧ - عبد الله بن عون الهلالي
4626	١٥٨ - داود بن أبي هند دينار بن عذافر الخراساني
4629	١٥٩ - ابن هرمز عبد الله بن يزيد الأصم
4630	١٦٠ - صفوان بن عمرو بن هرم السكسكي
4633	١٦١ - عوف بن أبي جميلة أبو سهل الأعرابي
4635	١٦٢ - عمر بن ذر بن عبد الله بن زرارة الهمداني
4640	١٦٣ - أبو حنيفة النعمان بن ثابت التيمي
4654	١٦٤ - روح بن القاسم أبو غياث التميمي
4654	١٦٥ - حيوة بن شريح بن صفوان التجيبي
4656	١٦٦ - أبو سنان البرجمي سعيد بن سنان
4657	١٦٧ - أبو عمرو بن العلاء بن عمار بن العريان التميمي
4660	١٦٨ - أبو شجاع القتباني سعيد بن يزيد
4661	١٦٩ - الإفريقي عبد الرحمن بن زياد بن أنعم
4663	الطبقة السادسة
4663	١٧٠ - ابن أبي عروبة سعيد بن أبي عروبة مهران العدوي
4669	الجزء ٧ [طبقة ٦، ٧]
4669	تابع: الطبقة السادسة
4669	١ - معمر بن راشد أبو عروة الأزدي مولاهم
4682	٢ - صالح بن علي بن عبد الله بن عباس بن عبد المطلب
4684	٣ - أبو العميس المسعودي عتبة بن عبد الله بن عتبة
4684	٤ - عبد الحميد بن جعفر بن عبد الله الأنصاري
4686	٥ - إبراهيم بن نافع أبو إسحاق المخزومي
4686	٦ - سعيد بن أبي أيوب مقلاص الخزاعي مولاهم
4687	٧ - أبو أيوب المورياني سليمان بن أبي سليمان الخوزي
4688	٨ - بشار بن برد أبو معاذ البصري الضرير
4689	٩ - أبو الغصن ثابت بن قيس الغفاري مولاهم
4690	١٠ - يونس بن أبي إسحاق عمرو بن عبد الله الهمداني
4691	١١ - يوسف بن إسحاق ابن الإمام أبي إسحاق السبيعي
4692	١٢ - أبو عامر الخزاز صالح بن رستم المزني
4693	١٣ - مصعب بن ثابت ابن الخليفة عبد الله بن الزبير بن العوام الأسدي
4694	١٤ - فطر بن خليفة أبو بكر المخزومي
4697	١٥ - ابن إسحاق محمد بن إسحاق بن يسار بن خيار الأخباري
4719	١٦ - إبراهيم بن محمد بن المنتشر بن الأجدع الهمداني
4720	١٧ - حبيب بن الشهيد البصري مولى قريبة
4721	١٨ - حبيب بن الشهيد التجيبي أبو مرزوق المصري
4721	١٩ - صدقة بن يزيد الخراساني ثم الدمشقي
4722	٢٠ - محمد بن أبي حفصة أبو سلمة المدني
4724	٢١ - هشام بن الغاز بن ربيعة الجرشي الدمشقي
4725	٢٢ - أبان بن صمعة الأنصاري البصري
4726	٢٣ - عتبة الغلام بن أبان البصري
4727	٢٤ - الوليد بن كثير المخزومي مولاهم المدني
4728	٢٥ - ابن أبي مريم أبو بكر بن عبد الله الغساني
4730	٢٦ - أشعب الطمع بن جبير المدني ابن أم حميدة
4732	٢٧ - حجاج بن أرطاة بن ثور بن هبيرة النخعي
4739	٢٨ - حجاج بن أبي عثمان الصواف
4739	٢٩ - حجاج بن أبي زينب الواسطي
4740	٣١ - حجاج الأسود القسملي ابن أبي زياد
4740	٣٠ - حجاج بن حجاج الباهلي البصري الأحول
4741	٣٢ - حجاج بن حسان القيسي
4741	٣٣ - حجاج بن دينار الواسطي
4742	٣٤ - حجاج بن فرافصة الباهلي العابد
4743	٣٥ - حريز بن عثمان أبو عثمان الرحبي
4745	٣٦ - الحسين بن مطير مولى بني أسد
4747	٣٧ - المنصور الخليفة أبو جعفر عبد الله بن محمد بن علي الهاشمي
4754	٣٨ - حمزة بن حبيب بن عمارة التيمي
4756	٣٩ - عبد الله بن شوذب البلخي ثم البصري
4757	٤٠ - المسعودي عبد الرحمن بن عبد الله بن عتبة
4759	٤١ - قرة بن خالد السدوسي البصري
4761	٤٢ - معن بن زائدة أبو الوليد الشيباني
4762	٤٣ - جرير بن حازم بن زيد بن عبد الله بن شجاع الأزدي
4768	٤٤ - حسين بن واقد أبو عبد الله القرشي
4769	٤٥ - عباد بن منصور أبو سلمة الناجي البصري
4770	٤٦ - عباد بن كثير الثقفي البصري
4771	٤٧ - أما: عباد بن كثير الرملي
4771	٤٨ - الأوزاعي عبد الرحمن بن عمرو بن يحمد
4771	٤٧ - عباد بن كثير الرملي
4798	٤٩ - عكرمة بن عمار أبو عمار العجلي
4803	٥٠ - ابن أبي ذئب محمد بن عبد الرحمن العامري
4813	٥١ - هشام الدستوائي أبو بكر بن سنبر البصري
4820	٥٢ - حماد عجرد أبو عمرو بن عمر السوائي مولاهم
4821	٥٣ - حماد بن سابور بن مبارك الشيباني
4822	٥٤ - معاوية بن صالح بن حدير بن سعيد الحضرمي
4827	٥٥ - مسعر بن كدام بن ظهير بن عبيدة الهلالي
4838	٥٦ - مالك بن مغول بن عاصم بن غزية بن خرشة البجلي
4840	٥٧ - عبد الرحمن بن يزيد بن جابر الأزدي
4841	٥٨ - عبد الرحمن بن يزيد بن تميم السلمي الدمشقي
4842	٥٩ - عبد الواحد بن زيد أبو عبيدة البصري
4844	٦٠ - عاصم بن محمد بن زيد بن عبد الله العدوي
4845	٦١ - عاصم بن عمر العمري
4845	٦٢ - عباد بن راشد البصري
4846	٦٣ - عبد الرحمن بن شريح أبو شريح المعافري
4848	٦٤ - عبد العزيز بن أبي رواد الأزدي
4851	٦٥ - شعيب بن أبي حمزة دينار أبو بشر الأموي
4856	٦٦ - حرب بن ميمون أبو الخطاب الأنصاري
4857	٦٧ - حرب بن ميمون صاحب الأغمية
4857	٦٨ - حرب بن أبي العالية أبو معاذ البصري
4858	٦٩ - حرب بن شداد اليشكري
4858	٧٠ - خالد بن أبي عثمان بن عبد الله بن خالد الأموي
4859	٧١ - خليد بن دعلج أبو حلبس السدوسي
4860	٧٢ - مجاعة بن الزبير البصري
4861	٧٣ - ابن أخي الزهري محمد بن عبد الله بن مسلم
4861	٧٤ - المغيرة بن زياد أبو هاشم الموصلي
4862	٧٥ - وهيب بن الورد المكي
4863	٧٦ - عيسى بن عمر أبو عمر الهمداني
4864	٧٧ - عيسى بن عمر أبو عمر الثقفي البصري
4865	٧٨ - عوانة بن الحكم بن عياض بن وزر الكلبي
4865	٧٩ - مقاتل بن سليمان البلخي أبو الحسن
4866	٨٠ - شعبة بن الحجاج بن الورد الأزدي العتكي
4892	٨١ - خالد بن برمك أبو العباس الفارسي
4893	٨٢ - سفيان بن سعيد بن مسروق الثوري
4944	٨٣ - عمران القطان أبو العوام بن داور العمي
4945	٨٤ - مبارك بن فضالة بن أبي أمية القرشي
4949	٨٥ - زياد بن سعد أبو عبد الرحمن الخراساني
4950	٨٦ - أبو الأشهب جعفر بن حيان العطاردي
4951	٨٧ - الربيع بن صبيح البصري
4954	٨٨ - الربيع بن مسلم أبو بكر القرشي
4954	٨٩ - القاسم بن الفضل أبو المغيرة الحداني
4956	٩٠ - يزيد بن إبراهيم التستري أبو سعيد
4958	٩١ - سليمان بن كثير العبدي البصري
4958	الطبقة السابعة
4959	٩٢ - محمد بن مطرف بن داود أبو غسان المدني
4960	٩٣ - همام بن يحيى بن دينار العوذي المحلمي
4965	٩٤ - أبو مخنف لوط بن يحيى الكوفي
4966	٩٥ - سفيان بن حسين بن الحسن الواسطي
4967	٩٦ - صالح بن أبي الأخضر اليمامي
4968	٩٧ - سعيد بن بشير أبو عبد الرحمن الأزدي
4969	٩٨ - ثابت بن يزيد أبو زيد البصري الأحول
4970	٩٩ - ثابت بن يزيد أبو السري الأودي
4970	١٠٠ - المقنع عطاء الساحر العجمي
4972	١٠١ - ابن علاثة محمد بن عبد الله العقيلي
4973	١٠٢ - الماجشون عبد العزيز بن عبد الله التيمي
4977	١٠٣ - ابن ثوبان عبد الرحمن بن ثابت العنسي
4978	١٠٤ - صدقة بن عبد الله الدمشقي السمين
4981	١٠٥ - عبيد الله بن إياد بن لقيط السدوسي
4981	١٠٦ - جويرية بن أسماء بن عبيد الضبعي
4982	١٠٧ - معقل بن عبيد الله الجزري أبو عبد الله
4983	١٠٨ - أيوب بن عتبة اليمامي أبو يحيى قاضي اليمامة
4986	١٠٩ - محمد بن جعفر بن أبي كثير الأنصاري
4987	١١٠ - الأخفش الكبير عبد الحميد بن عبد المجيد
4987	١١١ - ابن الغسيل الأنصاري عبد الرحمن بن سليمان
4989	١١٢ - عثمان البري أبو سلمة بن مقسم الكندي
4990	١١٣ - خارجة بن مصعب بن خارجة الضبعي
4992	١١٤ - المخرمي عبد الله بن جعفر بن عبد الرحمن
4994	١١٥ - عبد الله بن جعفر بن نجيح
4994	١١٦ - ابن أبي سبرة أبو بكر بن عبد الله العامري
4997	١١٧ - أبو بكر النهشلي الكوفي
4997	١١٨ - عبد الله بن عياش بن عباس القتباني
4998	١١٩ - عبد الحميد بن بهرام الفزاري المدائني
4999	١٢٠ - الربيع بن يونس أبو الفضل الأموي
5000	١٢١ - نافع بن أبي نعيم أبو رويم الأصبهاني
5002	١٢٢ - محمد بن طلحة بن مصرف اليامي
5003	١٢٣ - عبد الله بن عمر بن حفص بن عاصم العدوي
5006	١٢٤ - فضيل بن مرزوق العنزي
5007	١٢٥ - محمد بن راشد المكحولي الدمشقي
5008	١٢٦ - هشام بن سعد أبو عباد القرشي
5010	١٢٧ - أبو جعفر الرازي عيسى بن ماهان
5013	١٢٨ - فتح بن محمد بن وشاح الأزدي الموصلي
5014	١٢٩ - أبو نصر فتح بن سعيد الموصلي
5014	١٣٠ - ابن زبر عبد الله بن العلاء الربعي
5015	١٣١ - عبد الله بن العلاء بن خالد البصري
5015	١٣٢ - فليح بن سليمان بن أبي المغيرة بن حنين الخزاعي
5019	١٣٣ - إسرائيل بن يونس بن أبي إسحاق عمرو بن عبد الله الهمداني
5025	١٣٤ - الحسن بن صالح بن صالح بن حي الهمداني
5035	١٣٥ - علي بن صالح بن حي أبو الحسن الهمداني
5037	١٣٦ - صالح بن صالح الهمداني
5037	١٣٧ - صالح بن حيان القرشي الكوفي
5038	١٣٨ - أبو دلامة زند بن الجون
5039	١٣٩ - زائدة بن قدامة أبو الصلت الثقفي
5042	١٤٠ - إبراهيم بن طهمان بن شعبة الهروي
5049	١٤١ - أبو حمزة السكري محمد بن ميمون
5051	١٤٢ - إبراهيم بن أدهم بن منصور بن يزيد بن جابر العجلي
5061	١٤٣ - معاوية بن سلام الحبشي العربي الشامي
5062	١٤٤ - أبو عبيد الله الوزير معاوية بن عبيد الله بن يسار الأشعري
5062	١٤٥ - عافية بن يزيد بن قيس الأودي الكوفي الحنفي
5064	١٤٦ - مفضل بن مهلهل السعدي
5064	١٤٧ - المهدي محمد بن المنصور
5067	١٤٨ - النضر بن عربي الباهلي مولاهم
5070	١٤٩ - صالح بن راشد
5070	١٥٠ - شيبان بن عبد الرحمن التميمي النحوي
5073	١٥١ - عيسى بن علي ابن ترجمان القرآن عبد الله بن العباس الهاشمي
5074	١٥٢ - صخر بن جويرية أبو نافع التميمي
5075	١٥٣ - موسى بن علي بن رباح اللخمي مولاهم
5076	١٥٤ - علي بن رباح بن قصير بن قشيب بن يثيع
5078	١٥٥ - سلام بن مسكين بن ربيعة الأزدي
5079	١٥٦ - سليمان بن المغيرة أبو سعيد القيسي
5083	١٥٧ - ورقاء بن عمر بن كليب اليشكري
5086	١٥٨ - داود الطائي أبو سليمان بن نصير
5089	١٥٩ - سليمان بن بلال القرشي التيمي مولاهم
5092	١٦٠ - سلام بن أبي مطيع الخزاعي مولاهم
5093	١٦١ - الخليل بن أحمد الفراهيدي أبو عبد الرحمن
5095	١٦٢ - أبان بن يزيد العطار أبو يزيد
5097	١٦٣ - نافع بن عمر بن عبد الله بن جميل الجمحي
5098	١٦٤ - عيسى بن موسى بن محمد بن علي بن عبد الله بن العباس الهاشمي
5099	١٦٥ - أبو معشر نجيح بن عبد الرحمن السندي
5105	١٦٦ - روح بن حاتم بن قبيصة بن المهلب بن أبي صفرة المهلبي
5105	١٦٧ - الهادي الخليفة أبو محمد موسى بن المهدي
5108	١٦٨ - حماد بن سلمة بن دينار البصري
5120	١٦٩ - حماد بن زيد بن درهم الأزدي
5131	الجزء ٨ [طبقة ٧، ٨]
5131	تابع: الطبقة السابعة
5131	١ - يحيى بن أيوب أبو العباس الغافقي
5136	٢ - يحيى بن أيوب بن أبي زرعة البجلي
5136	٣ - مهدي بن ميمون أبو يحيى الكردي الأزدي
5137	٤ - عبد الله بن لهيعة بن عقبة الحضرمي
5158	٥ - سعيد بن عبد العزيز بن أبي يحيى التنوخي
5164	٦ - زفر بن الهذيل بن قيس بن سلم العنبري أبو الهذيل
5167	٧ - قيس بن الربيع أبو محمد الأسدي
5170	٨ - السيد الحميري إسماعيل بن محمد بن يزيد
5172	٩ - صالح المري أبو بشر بن بشير القاص
5174	١٠ - مالك بن أنس بن مالك المدني
5261	١١ - عبد القدوس بن حبيب أبو سعيد الكلاعي
5262	١٢ - الليث بن سعد بن عبد الرحمن الفهمي
5290	١٣ - محمد بن موسى الفطري
5290	١٤ - ميسرة التراس بن عبد ربه الفارسي
5290	الطبقة الثامنة
5292	١٥ - المغيرة بن عبد الرحمن بن عبد الله القرشي
5293	١٦ - ابن أبي الزناد عبد الرحمن بن عبد الله المدني
5297	١٧ - مفضل بن فضالة بن عبيد القتباني المصري
5298	١٨ - جحا أبو الغصن دجين بن ثابت اليربوعي
5300	١٩ - رياح بن عمرو القيسي أبو المهاصر
5301	٢٠ - محمد بن النضر أبو عبد الرحمن الحارثي
5302	٢١ - محمد بن مسلم الطائفي المكي أبو عبد الله
5302	٢٢ - الزنجي أبو خالد مسلم بن خالد
5304	٢٣ - سليمان الخواص
5305	٢٤ - سلم بن ميمون الخواص
5306	٢٥ - صالح بن موسى بن عبد الله التيمي
5307	٢٦ - زهير بن معاوية بن حديج بن الرحيل الجعفي
5313	٢٧ - زهير بن محمد أبو المنذر التميمي
5316	٢٨ - القاسم بن معن بن عبد الرحمن الهذلي
5317	٢٩ - يونس أبو عبد الرحمن بن حبيب الضبي
5318	٣٠ - عبد العزيز بن مسلم القسملي
5319	٣١ - المغيرة بن مسلم القسملي السراج
5319	٣٢ - سلم الخاسر بن عمرو بن حماد
5320	٣٣ - أبو المليح الحسن بن عمر الرقي
5321	٣٤ - قزعة بن سويد بن حجير الباهلي
5321	٣٥ - بكر بن مضر بن محمد المصري
5323	٣٦ - جعفر بن سليمان أبو سليمان الضبعي
5326	٣٧ - شريك بن عبد الله أبو عبد الله النخعي
5342	٣٨ - غسان بن برزين أبو المقدام الطهوي
5343	٣٩ - أبو عوانة الوضاح بن عبد الله الواسطي
5349	٤٠ - وهيب بن خالد بن عجلان الكرابيسي
5352	٤١ - أبو شهاب الحناط عبد ربه بن نافع
5353	٤٢ - عبثر بن القاسم أبو زبيد الزبيدي
5354	٤٣ - إسماعيل بن جعفر بن أبي كثير الأنصاري
5357	٤٤ - حفص بن ميسرة الصنعاني
5357	٤٥ - الوليد بن طريف الشيباني
5359	٤٦ - يزيد بن حاتم بن قبيصة بن المهلب بن أبي صفرة الأزدي
5361	٤٧ - الأمير روح بن حاتم
5361	٤٨ - أيوب بن جابر السحيمي اليمامي
5362	٤٩ - أيوب بن عتبة أبو يحيى
5364	٥٠ - محمد بن جابر بن سيار السحيمي اليمامي
5365	٥١ - جعفر بن سليمان بن علي ابن حبر الأمة عبد الله بن عباس العباسي
5366	٥٢ - محمد بن سليمان العباسي
5367	٥٣ - رابعة العدوية أم عمرو بنت إسماعيل العتكية
5369	٥٤ - رابعة الشامية
5370	٥٥ - عبد الرحمن بن معاوية بن هشام الأموي
5379	٥٦ - هشام بن عبد الرحمن بن معاوية المرواني
5379	٥٧ - الحكم بن هشام ابن الداخل عبد الرحمن الأموي
5386	٥٨ - عبد الرحمن بن الحكم بن هشام بن الداخل
5388	٥٩ - محمد بن عبد الرحمن بن الحكم الأموي المرواني
5389	٦٠ - المنذر بن محمد بن عبد الرحمن بن الحكم أبو الحكم المرواني
5390	٦١ - عبد الله بن محمد بن عبد الرحمن المرواني
5391	٦٢ - عبد الرحمن بن محمد بن عبد الله بن محمد الأموي
5395	٦٣ - الحكم بن عبد الرحمن بن محمد المستنصر بالله
5397	٦٤ - هشام بن الحكم بن عبد الرحمن المؤيد بالله
5397	٦٥ - يعلى بن الأشدق العقيلي
5399	٦٦ - العطاف بن خالد بن عبد الله المخزومي
5400	٦٧ - إبراهيم بن صالح بن علي بن عبد الله بن عباس العباسي
5401	٦٨ - الفيض بن أبي صالح شيرويه
5401	٦٩ - عمارة بن حمزة الهاشمي
5402	٧٠ - عبيس بن ميمون أبو عبيدة التميمي
5403	٧١ - خالد بن عبد الله بن عبد الرحمن بن يزيد
5406	٧٢ - موسى بن أعين الحراني
5406	٧٣ - المفضل بن فضالة بن أبي أمية
5407	٧٤ - أبو الأحوص سلام بن سليم الحنفي
5410	٧٥ - شهاب بن خراش بن حوشب الشيباني
5413	٧٦ - هشيم بن بشير بن أبي خازم أبو معاوية السلمي
5420	٧٧ - عباد بن عباد بن حبيب أبو معاوية الأزدي
5422	٧٨ - يزيد بن زريع أبو معاوية العيشي البصري
5425	٧٩ - يعقوب بن عبد الله بن سعد القمي
5426	٨٠ - عبد الوارث بن سعيد بن ذكوان العنبري
5430	٨١ - إبراهيم بن سعد بن إبراهيم القرشي الزهري
5436	٨٢ - عبيد الله بن عمرو بن أبي الوليد الأسدي
5438	٨٣ - إسماعيل بن عياش بن سليم العنسي
5454	٨٤ - ابن السماك أبو العباس محمد بن صبيح العجلي
5456	٨٥ - مرحوم بن عبد العزيز بن مهران الأموي
5458	٨٦ - المطلب بن زياد بن أبي زهير الثقفي
5461	٨٧ - عبد السلام بن حرب الملائي البصري
5462	٨٨ - عمر بن عبيد بن أبي أمية الكوفي الطنافسي
5463	٨٩ - أما: عمر بن عبيد البصري الخزاز
5463	٩٠ - يحيى بن زكريا بن أبي زائدة الوادعي
5467	٩١ - خلف بن خليفة بن صاعد الأشجعي
5468	٩٢ - علي بن هاشم بن البريد العائذي
5472	٩٣ - يعقوب بن داود بن طهمان الفارسي
5475	٩٤ - عبد الرحمن بن زيد بن أسلم العمري
5476	٩٥ - سفيان بن حبيب أبو محمد البزاز
5476	٩٦ - سفيان بن موسى البصري
5477	٩٧ - سيبويه أبو بشر عمرو بن عثمان بن قنبر الفارسي
5479	٩٨ - الهيثم بن حميد الغساني مولاهم الدمشقي
5480	٩٩ - يحيى بن حمزة بن واقد الحضرمي
5482	١٠٠ - يحيى بن يمان أبو زكريا العجلي
5483	١٠١ - عبد الرحيم بن سليمان أبو علي الرازي
5484	١٠٢ - عبد الرحيم بن زيد بن الحواري العمي
5485	١٠٤ - بشر بن منصور أبو محمد الأزدي
5489	١٠٥ - عبد العزيز بن أبي حازم سلمة بن دينار المدني
5491	١٠٦ - صريع الغواني مسلم بن الوليد الأنصاري
5492	١٠٧ - عبد العزيز بن محمد بن عبيد
5495	١٠٨ - عبد العزيز بن عبد الصمد العمي البصري
5496	١٠٩ - الهقل بن زياد أبو عبد الله الدمشقي
5497	١١٠ - يوسف بن يعقوب بن أبي سلمة الماجشون
5499	١١١ - العمري عبد الله بن عبد العزيز بن عبد الله
5504	١١٢ - عبد الله بن المبارك بن واضح الحنظلي
5547	١١٣ - ضيغم بن مالك أبو بكر الراسبي البصري
5547	١١٤ - الفضيل بن عياض بن مسعود بن بشر التميمي
5568	١١٥ - علي بن الفضيل بن عياض التميمي
5575	١١٦ - فضيل بن عياض الخولاني
5575	١١٧ - فضيل بن عياض الصدفي
5575	١١٨ - النعمان بن عبد السلام بن حبيب التيمي
5576	١١٩ - إبراهيم بن محمد بن أبي يحيى الأسلمي
5580	١٢٠ - سفيان بن عيينة بن أبي عمران ميمون الهلالي
5601	١٢١ - إبراهيم بن عيينة أبو إسحاق
5601	١٢٢ - الخلقاني إسماعيل بن زكريا
5603	١٢٣ - معتمر بن سليمان بن طرخان التيمي
5605	١٢٤ - مروان بن أبي حفصة الأموي
5607	١٢٥ - مروان بن أبي الجنوب بن مروان
5607	١٢٦ - مبارك بن سعيد بن مسروق الثوري
5608	١٢٧ - معاذ بن مسلم أبو مسلم الكوفي
5610	١٢٨ - علي بن مسهر أبو الحسن القرشي
5613	١٢٩ - غنجار عيسى بن موسى البخاري
5615	١٣٠ - عيسى بن يونس بن أبي إسحاق عمرو بن عبد الله الهمداني
5621	١٣١ - أبو بكر بن عياش بن سالم الأسدي
5634	١٣٢ - عبيدة بن حميد بن صهيب الكوفي
5637	١٣٣ - عبدة بن سليمان أبو محمد الكلابي
5637	١٣٤ - عباد بن العوام بن عمر بن عبد الله بن المنذر الكلابي
5639	١٣٥ - عمر بن علي بن عطاء بن مقدم الثقفي
5640	١٣٦ - الأشجعي عبيد الله بن عبيد الرحمن
5643	١٣٧ - عبد الله بن مصعب بن ثابت الأسدي الزبيري
5644	١٣٨ - حاتم بن إسماعيل الكوفي ثم المدني
5644	١٣٩ - بقية بن الوليد بن صائد بن كعب بن حريز الحميري
5660	١٤٠ - العباس بن محمد بن علي بن عبد الله بن عباس العباسي
5661	١٤١ - القاضي أبو يوسف يعقوب بن إبراهيم الأنصاري
5665	١٤٢ - أبو إسحاق الفزاري إبراهيم بن محمد
5671	الجزء ٩ [طبقة ٨، ٩، ١٠]
5671	تابع: الطبقة الثامنة
5671	١ - البكائي زياد بن عبد الله بن الطفيل
5673	٢ - عبد الواحد بن زياد العبدي مولاهم البصري
5675	٣ - جرير بن عبد الحميد بن يزيد الضبي
5684	٤ - سويد بن عبد العزيز أبو محمد السلمي
5685	٥ - أبو خالد الأحمر سليمان بن حيان الأزدي
5688	٦ - حفص بن غياث بن طلق بن معاوية النخعي
5688	الطبقة التاسعة
5700	٧ - مروان بن شجاع الأموي
5701	٨ - مروان بن سالم الجزري
5702	٩ - بشر بن المفضل بن لاحق الرقاشي
5705	١٠ - أبو سفيان المعمري محمد بن حميد
5706	١١ - حسان بن إبراهيم أبو هشام الكوفي
5708	١٢ - عبد الله بن إدريس بن يزيد بن عبد الرحمن الأودي
5715	١٣ - محمد بن سلمة أبو عبد الله الحراني
5715	١٤ - الأبرش سلمة بن الفضل الرازي
5717	١٥ - مروان بن معاوية بن الحارث الفزاري
5720	١٦ - معاذ بن معاذ بن نصر بن حسان التميمي
5723	١٧ - محمد بن حرب أبو عبد الله الخولاني
5725	١٨ - البرمكي أبو الفضل جعفر الوزير الملك
5737	١٩ - يزيد بن مزيد بن زائدة أبو خالد الشيباني
5739	٢٠ - أبو معاوية محمد بن خازم السعدي الكوفي
5744	٢١ - أبو معاوية الأسود
5745	٢٢ - إبراهيم الموصلي أبو إسحاق بن ماهان بن بهمن
5746	٢٣ - المعافى بن عمران بن نفيل بن جابر بن جبلة الأزدي
5752	٢٤ - المعافى بن عمران الحمصي أبو عمران الحميري
5752	٢٥ - أبو ضمرة أنس بن عياض الليثي المدني
5754	٢٦ - حكام بن سلم أبو عبد الرحمن الكناني
5754	٢٧ - ابن الإمام محمد بن إبراهيم بن محمد الهاشمي
5755	٢٨ - يحيى بن خالد بن برمك أبو علي الفارسي
5757	٢٩ - الفضل بن يحيى البرمكي
5758	٣٠ - الأحمر علي بن المبارك
5759	٣١ - منصور بن عمار بن كثير أبو السري السلمي
5764	٣٢ - العباس بن الأحنف بن أسود بن طلحة الحنفي
5764	٣٣ - غندر محمد بن جعفر الهذلي
5769	٣٤ - شعيب بن إسحاق بن عبد الرحمن القرشي
5769	٣٥ - السيناني أبو عبد الله الفضل بن موسى
5772	٣٦ - يزيد بن سمرة الرهاوي المذحجي أبو هران
5772	٣٧ - يزيد بن شجرة أبو شجرة الرهاوي
5773	٣٨ - ابن علية إسماعيل بن إبراهيم بن مقسم الأسدي
5786	٣٩ - عبد الرحمن بن القاسم العتقي
5791	٤٠ - محمد بن يوسف بن معدان الأصبهاني
5792	٤١ - خالد بن الحارث بن عبيد بن سليمان الهجيمي
5794	٤٢ - إبراهيم بن الأغلب التميمي
5795	٤٣ - عبد الصمد بن علي ابن حبر الأمة عبد الله بن العباس
5797	٤٤ - الكسائي أبو الحسن علي بن حمزة بن عبد الله
5800	٤٥ - محمد بن الحسن بن فرقد أبو عبد الله الشيباني
5802	٤٦ - المحاربي أبو محمد عبد الرحمن بن محمد
5805	٤٧ - يحيى بن سعيد بن أبان بن سعيد الأموي
5806	٤٨ - وكيع بن الجراح بن مليح بن عدي الرؤاسي
5834	٤٩ - الجراح بن مليح بن عدي الرؤاسي
5835	٥٠ - يوسف بن أسباط
5837	٥١ - إسحاق الأزرق أبو محمد بن يوسف
5839	٥٢ - محمد بن فضيل بن غزوان الضبي
5841	٥٣ - يحيى القطان بن سعيد بن فروخ أبو سعيد
5854	٥٤ - شعيب بن حرب أبو صالح المدائني
5858	٥٥ - بهز بن أسد أبو الأسود العمي البصري
5858	٥٦ - عبد الرحمن بن مهدي بن حسان بن عبد الرحمن العنبري
5875	٥٧ - مسكين بن بكير أبو عبد الرحمن الحراني
5876	٥٨ - معمر بن سليمان النخعي الرقي
5876	٥٩ - أبو تميلة يحيى بن واضح المروزي
5877	٦٠ - الوليد بن مسلم أبو العباس الدمشقي
5886	٦١ - محمد بن أبي عدي السلمي مولاهم البصري
5887	٦٢ - عبد الملك بن صالح بن علي بن عبد الله بن عباس
5889	٦٣ - عبد الله بن وهب بن مسلم الفهري
5900	٦٤ - محمد بن حمير بن أنيس القضاعي
5902	٦٥ - مخلد بن الحسين أبو محمد الأزدي
5903	٦٦ - مخلد بن يزيد الحراني
5903	٦٧ - عبد الوهاب بن عبد المجيد بن الصلت الثقفي
5908	٦٩ - عبد الأعلى بن عبد الأعلى السامي القرشي
5910	٧٠ - عبد الله بن نمير أبو هشام الهمداني
5911	٧١ - يونس بن بكير بن واصل الكوفي
5915	٧٢ - علي بن عاصم بن صهيب التيمي
5928	٧٣ - عاصم بن علي بن عاصم التيمي
5931	٧٤ - محمد بن بشر بن الفرافصة بن المختار بن رديح العبدي
5933	٧٥ - عمر بن هارون بن يزيد بن جابر بن سلمة الثقفي
5943	٧٦ - أبو أسامة حماد بن أسامة بن زيد الكوفي
5945	٧٧ - أبو نواس أبو علي الحسن بن هانىء الحكمي
5947	٧٨ - أبو يزيد القاسم بن يزيد الجرمي الموصلي
5949	٧٩ - حذيفة بن قتادة المرعشي
5950	٨٠ - أبو الحسن علي بن عبد الله بن خالد السفياني
5952	٨١ - أبو جعفر هارون ابن المهدي الرشيد
5961	٨٢ - ورش عثمان بن سعيد بن عبد الله بن عمرو القبطي
5962	٨٣ - أبو زكير يحيى بن محمد بن قيس المدني
5966	٨٤ - الخليل بن موسى الباهلي
5966	٨٥ - ابن مغراء أبو زهير بن مغراء بن عياض الدوسي
5967	٨٦ - مبشر بن إسماعيل أبو إسماعيل الحلبي
5968	٨٧ - محمد بن ثور أبو عبد الله الصنعاني
5968	٨٨ - محمد بن يزيد الخولاني
5969	٨٩ - محمد بن الحسن بن عمران المزني
5970	٩٠ - محمد بن الحسن الهمداني الكوفي
5970	٩١ - معن بن عيسى بن يحيى بن دينار المدني
5973	٩٢ - الطائفي أبو زكريا يحيى بن سليم القرشي
5974	٩٣ - سلم بن قتيبة أبو قتيبة الخراساني
5975	٩٤ - صفوان بن عيسى أبو محمد الزهري
5975	٩٥ - مورج بن عمرو أبو فيد السدوسي
5976	٩٦ - حفص بن عبد الرحمن بن عمر بن فروخ البلخي
5977	٩٧ - شبطون أبو عبد الله زياد بن عبد الرحمن اللخمي
5979	٩٨ - شقيق أبو علي بن إبراهيم الأزدي البلخي
5982	٩٩ - زيد بن أبي الزرقاء أبو محمد الموصلي
5983	١٠٠ - سعد بن الصلت بن برد بن أسلم البجلي الكوفي
5985	١٠١ - القداح أبو عثمان سعيد بن سالم المكي
5986	١٠٢ - عبد الله بن ميمون القداح المكي
5987	١٠٣ - سلم بن سالم البلخي أبو محمد
5988	١٠٤ - الغازي بن قيس أبو محمد الأندلسي
5990	١٠٥ - القاسم بن مالك أبو جعفر المزني
5991	١٠٦ - سالم بن نوح البصري العطار
5991	١٠٧ - ضمرة بن ربيعة أبو عبد الله الرملي
5994	١٠٨ - النضر بن شميل بن خرشة بن زيد المازني
5998	١٠٩ - بشر بن السري الأفوه البصري
6000	١١٠ - الأمين أبو عبد الله محمد ابن الرشيد هارون
6005	١١١ - معروف الكرخي أبو محفوظ البغدادي
6012	١١٢ - أبو قرة موسى بن طارق الزبيدي
6012	١١٣ - الخريبي عبد الله بن داود بن عامر بن ربيع
6018	١١٤ - خالد بن عبد الرحمن الخراساني
6019	١١٥ - شجاع بن الوليد بن قيس السكوني
6021	١١٦ - أسباط بن محمد أبو محمد القرشي
6022	١١٧ - حماد بن مسعدة أبو سعيد التميمي
6024	١١٨ - يزيد بن هارون بن زاذي السلمي
6038	الطبقة العاشرة
6038	١١٩ - معاذ بن هشام بن أبي عبد الله سنبر البصري
6040	١٢٠ - أبو البختري وهب بن وهب بن كثير الأسدي
6041	١٢١ - سليم بن عيسى بن سليم بن عامر الحنفي
6042	١٢٢ - محمد بن شعيب بن شابور الدمشقي
6044	١٢٣ - الطيالسي سليمان بن داود بن الجارود
6051	١٢٤ - سعيد بن عامر الضبعي البصري
6053	١٢٥ - علي الرضى ابن موسى الكاظم الهاشمي العلوي
6059	١٢٦ - زيد بن الحباب بن الريان
6061	١٢٧ - العوفي أبو عبد الله الحسين بن الحسن بن عطية
6062	١٢٨ - يحيى بن سلام بن أبي ثعلبة أبو زكريا البصري
6063	١٢٩ - الحسين بن علي بن الوليد الجعفي
6068	١٣٠ - أبو بكر الأصم
6068	١٣١ - روح بن عبادة بن العلاء القيسي البصري
6074	١٣٢ - الهجيمي أحمد بن عطاء البصري
6076	١٣٣ - خالد بن يزيد بن خالد بن عبد الله بن أسد البجلي
6077	١٣٤ - خالد بن يزيد بن معاوية بن أبي سفيان
6078	١٣٥ - خالد بن يزيد بن الوليد بن عبد الملك
6078	١٣٦ - خالد بن يزيد بن صالح بن صبيح أبو هاشم المري
6079	١٣٧ - خالد بن يزيد بن عبد الرحمن بن أبي مالك الهمداني
6079	١٣٨ - خالد بن يزيد أبو الهيثم العدوي العمري المكي
6080	١٣٩ - خالد بن يزيد بن مسلم الغنوي البصري
6080	١٤٠ - خالد بن يزيد الكاهلي أبو الهيثم الكحال
6080	١٤١ - خالد بن يزيد بن عمر بن هبيرة الفزاري
6080	١٤٢ - خالد بن يزيد أبو عبد الرحيم المصري
6081	١٤٣ - وخالد بن يزيد العتكي
6081	١٤٤ - وخالد بن يزيد السلمي
6081	١٤٥ - الحفري أبو داود عمر بن سعد
6083	١٤٦ - بشر بن عمر أبو محمد الزهراني
6085	١٤٧ - الوليد بن مزيد أبو العباس العذري
6087	١٤٨ - محمد بن بكر بن عثمان البرساني
6088	١٤٩ - عمر بن يونس أبو حفص اليمامي
6089	١٥٠ - أحمد بن محمد بن عمر اليمامي
6089	١٥١ - يحيى بن عيسى التميمي النهشلي
6090	١٥٢ - الجارود بن يزيد أبو الضحاك العامري
6092	١٥٣ - عثمان بن عبد الرحمن بن مسلم الحراني
6094	١٥٤ - عثمان بن عبد الرحمن الوقاصي الزهري
6094	١٥٥ - عثمان بن عبد الرحمن الجمحي
6094	١٥٦ - عمر بن شبيب أبو حفص المسلي
6096	١٥٧ - عمر بن عبد الله بن رزين السلمي
6096	١٥٨ - أيوب بن سويد أبو مسعود الحميري
6098	١٥٩ - أبو سفيان الحميري سعيد بن يحيى
6099	١٦٠ - سلمة بن سليمان المروزي
6099	١٦١ - سلمويه أبو صالح سليمان بن صالح الليثي
6100	١٦٢ - عبد المجيد ابن الإمام عبد العزيز بن أبي رواد
6102	١٦٣ - محمد بن عبيد بن أبي أمية الطنافسي
6104	١٦٤ - الوليد بن القاسم بن الوليد الهمداني
6105	١٦٥ - جعفر بن عون بن جعفر المخزومي العمري
6107	١٦٦ - أزهر بن سعد أبو بكر الباهلي
6108	١٦٧ - وهب بن جرير بن حازم بن زيد الأزدي
6111	١٦٨ - أبو عبيدة معمر بن المثنى التيمي
6113	١٦٩ - حجاج بن محمد أبو محمد المصيصي
6116	١٧٠ - عبد الله بن بكر بن حبيب السهمي الباهلي
6117	١٧١ - عبد الوهاب بن عطاء البصري الخفاف
6120	١٧٢ - محمد بن عمر بن واقد الأسلمي
6135	١٧٣ - أبو عامر عبد الملك بن عمرو القيسي
6138	١٧٤ - يحيى بن سعيد العطار أبو زكريا الأنصاري
6139	١٧٥ - يونس بن محمد المؤدب البغدادي
6142	١٧٦ - يعلى بن عبيد بن أبي أمية الطنافسي
6143	١٧٧ - أبو حذيفة إسحاق بن بشر بن محمد الهاشمي
6146	١٧٨ - أبو عاصم الضحاك بن مخلد الشيباني
6151	١٧٩ - حفص بن عبد الله بن راشد السلمي
6153	١٨١ - أبو علي الحنفي عبيد الله بن عبد المجيد
6155	١٨٢ - أبو بكر الحنفي عبد الكبير بن عبد المجيد
6156	١٨٣ - عمر بن حبيب العدوي البصري
6157	١٨٤ - يعقوب بن إبراهيم بن سعد بن إبراهيم الزهري
6159	١٨٥ - أخوه: سعد بن إبراهيم الزهري
6160	١٨٦ - أبو زيد الأنصاري سعيد بن أوس
6162	١٨٧ - أبو زيد الهروي سعيد بن الربيع
6163	١٨٨ - يحيى بن أبي بكير بن نسر بن أسيد العبدي
6165	١٨٩ - يحيى بن الضريس بن يسار البجلي
6166	١٩٠ - أشهب بن عبد العزيز بن داود بن إبراهيم القيسي
6169	١٩١ - إسحاق بن الفرات أبو نعيم التجيبي
6171	١٩٢ - عبد العزيز بن أبي رزمة غزوان اليشكري
6171	١٩٣ - يحيى بن إسحاق أبو زكريا السيلحيني
6173	١٩٤ - بشر بن بكر أبو عبد الله البجلي
6174	١٩٥ - ابن كناسة محمد بن عبد الله الأسدي
6176	١٩٦ - مروان بن محمد بن حسان الأسدي
6179	١٩٧ - شبابة بن سوار أبو عمرو الفزاري
6182	١٩٨ - عبد الصمد بن عبد الوارث بن سعيد بن ذكوان التميمي
6183	١٩٩ - عبد الصمد بن حسان المروزي
6184	٢٠٠ - عبد الصمد بن النعمان
6184	٢٠١ - قراد عبد الرحمن بن غزوان الخزاعي
6186	٢٠٢ - حسين بن الوليد أبو عبد الله القرشي
6187	٢٠٣ - أبو العاص الحكم بن هشام الأموي
6188	٢٠٤ - يحيى بن آدم بن سليمان الأموي
6195	٢٠٥ - أبو أحمد الزبيري محمد بن عبد الله
6198	٢٠٦ - أبو عبد الله محمد بن عبد الله بن المثنى الأنصاري
6204	٢٠٧ - يحيى بن كثير بن درهم أبو غسان العنبري
6205	٢٠٨ - يحيى بن كثير أبو النضر
6205	٢٠٩ - أبو سعيد أحمد بن خالد الوهبي الحمصي
6206	٢١٠ - محمد بن خالد الوهبي
6207	٢١١ - خلف بن أيوب أبو سعيد العامري
6209	٢١٢ - الحسن بن زياد أبو علي الأنصاري
6211	٢١٣ - أبو النضر هاشم بن القاسم الليثي الخراساني
6215	٢١٤ - مكي بن إبراهيم بن بشير بن فرقد التميمي
6219	٢١٥ - عبيد الله بن موسى بن أبي المختار باذام العبسي
6223	٢١٦ - عثمان بن عمر بن فارس بن لقيط بن قيس العبدي
6225	٢١٧ - الأشيب الحسن بن موسى البغدادي
6226	٢١٨ - منصور بن سلمة بن عبد العزيز بن صالح الخزاعي
6228	٢١٩ - اليزيدي أبو محمد يحيى بن المبارك بن المغيرة
6229	٢٢٠ - عبد الرزاق بن همام بن نافع الحميري
6246	٢٢١ - هشام بن يوسف الصنعاني
6249	٢٢٢ - بكر بن بكار أبو عمرو القيسي البصري
6250	٢٢٣ - علي بن بكار أبو الحسن البصري
6252	٢٢٤ - النباجي أبو عبد الله سعيد بن بريد الصوفي
6254	الجزء ١٠ [طبقة ١٠، ١١، ١٢]
6254	تابع: الطبقة العاشرة
6254	١ - الإمام الشافعي محمد بن إدريس بن العباس
6348	٢ - الفضل بن سهل السرخسي
6350	٣ - ابن الكلبي أبو المنذر هشام بن محمد بن السائب
6352	٤ - الهيثم بن عدي بن عبد الرحمن بن زيد بن أسيد بن جابر الطائي
6353	٥ - محمد بن جعفر الصادق بن محمد الباقر العلوي
6355	٦ - نفيسة بنت الحسن بن زيد بن الحسن بن علي العلوية
6357	٧ - طاهر بن الحسين بن مصعب بن رزيق الخزاعي
6358	٨ - الفضل بن الربيع بن يونس
6359	٩ - مؤمل بن إسماعيل العدوي
6361	١٠ - شاذان أسود بن عامر الشامي
6363	١١ - الفريابي محمد بن يوسف بن واقد بن عثمان
6367	١٢ - الفراء أبو زكريا يحيى بن زياد الأسدي
6370	١٣ - هوذة بن خليفة بن عبد الله الثقفي
6373	١٤ - مظفر بن مدرك البغدادي
6376	١٥ - يحيى بن حسان بن حيان البكري
6379	١٦ - قبيصة بن عقبة بن محمد بن سفيان السوائي
6384	١٧ - سفيان بن عقبة السوائي
6385	١٨ - موسى بن داود أبو عبد الله الضبي
6386	١٩ - أبو حذيفة موسى بن مسعود النهدي
6388	٢٠ - يحيى بن حماد بن أبي زياد الشيباني
6391	٢١ - أبو نعيم الفضل بن دكين التيمي الطلحي
6406	٢٢ - أحمد بن حفص أبو حفص البخاري الحنفي
6408	٢٣ - أبو عبد الله محمد بن أحمد بن حفص البخاري
6408	٢٤ - منبه بن عثمان الدمشقي اللخمي
6409	٢٥ - يحيى بن هاشم الغساني السمسار
6411	٢٦ - أسد السنة أسد بن موسى الأموي
6413	٢٧ - خلاد بن يحيى بن صفوان السلمي
6414	٢٨ - إدريس بن يحيى أبو عمرو الأموي
6415	٢٩ - المقرئ عبد الله بن يزيد الأهوازي
6418	٣٠ - يعقوب بن إسحاق بن زيد الحضرمي
6423	٣١ - أحمد بن إسحاق الحضرمي
6424	٣٢ - الأصمعي أبو سعيد عبد الملك بن قريب
6431	٣٤ - أبو سليمان الداراني عبد الرحمن بن أحمد
6435	٣٥ - أبو سليمان الداراني الكبير
6436	٣٦ - علية بنت المهدي
6437	٣٧ - الليث بن عاصم بن كليب أبو زرارة القتباني
6438	٣٨ - الليث بن عاصم بن العلاء الخولاني
6438	٣٩ - المهلبي محمد بن عباد بن عباد بن حبيب
6440	٤٠ - محمد بن القاسم بن علي بن عمر العلوي الحسيني
6441	٤١ - العكوك علي بن جبلة بن مسلم الخراساني
6443	٤٢ - الجوزجاني موسى بن سليمان الحنفي
6444	٤٣ - أبو العتاهية إسماعيل بن قاسم بن سويد العنزي
6448	٤٥ - المريسي بشر بن غياث بن أبي كريمة العدوي
6448	٤٤ - أبو عباد الكاتب ثابت بن يحيى بن يسار الرازي
6452	٤٦ - بشر بن المعتمر أبو سهل الكوفي ثم البغدادي
6452	٤٧ - ثمامة بن أشرس أبو معن النميري البصري
6455	٤٨ - الأخفش سعيد بن مسعدة البلخي
6458	الطبقة الحادية عشرة
6458	٤٩ - عثمان بن الهيثم بن جهم بن عيسى العصري
6460	٥٠ - علي بن الحسين بن واقد أبو الحسن المروزي
6461	٥١ - خلف بن تميم التميمي الكوفي
6462	٥٢ - عمرو بن أبي سلمة أبو حفص التنيسي
6463	٥٣ - معاوية بن عمرو بن المهلب بن عمرو الأزدي
6465	٥٤ - أبو أحمد المؤدب حسين بن محمد المروذي
6466	٥٥ - خالد بن مخلد أبو الهيثم البجلي
6468	٥٦ - سريج بن النعمان بن مروان الجوهري
6469	٥٧ - عبد الله بن عبد الحكم بن أعين بن ليث المصري
6472	٥٨ - أبو المغيرة عبد القدوس بن الحجاج الخولاني
6474	٥٩ - أسد بن الفرات أبو عبد الله الحراني ثم المغربي
6477	٦٠ - أبو مسهر عبد الأعلى بن مسهر الغساني
6487	٦١ - زينب بنت الأمير سليمان عم المنصور العباسية
6488	٦٢ - حبان بن هلال أبو حبيب الباهلي
6489	٦٣ - طلق بن غنام بن طلق بن معاوية النخعي
6490	٦٤ - زبيدة أم جعفر بنت جعفر بن المنصور
6491	٦٥ - عفان بن مسلم بن عبد الله البصري الصفار
6504	٦٦ - أحمد بن أبي خالد الأحول
6505	٦٧ - عمرو بن عاصم الكلابي القيسي البصري
6506	٦٨ - القعنبي عبد الله بن مسلمة بن قعنب
6514	٦٩ - إسماعيل بن مسلمة أبو بشر القعنبي
6514	٧٠ - عارم محمد بن الفضل السدوسي البصري
6519	٧١ - عبدان عبد الله بن عثمان بن جبلة الأزدي
6521	٧٢ - المأمون عبد الله بن هارون الرشيد
6539	٧٣ - المعتصم محمد بن هارون الرشيد
6555	٧٤ - الواثق بالله هارون ابن المعتصم بالله
6563	٧٥ - مسلم بن إبراهيم أبو عمرو الأزدي
6567	٧٦ - البابلتي يحيى بن عبد الله بن الضحاك الأموي
6568	٧٧ - أبو اليمان الحكم بن نافع البهراني الحمصي
6575	٧٨ - حجين بن المثنى اليماني
6575	٧٩ - قالون أبو موسى عيسى بن مينا
6576	٨٠ - سعيد بن أبي مريم أبو محمد الجمحي
6579	٨١ - سليمان بن حرب بن بجيل الواشحي
6584	٨٢ - آدم بن أبي إياس أبو الحسن الخراساني
6587	٨٣ - علي بن عياش بن مسلم الألهاني
6590	٨٤ - أبو الوليد الطيالسي هشام بن عبد الملك
6596	٨٥ - إسماعيل بن أبان الوراق الكوفي
6597	٨٦ - الغنوي إسماعيل بن أبان
6598	٨٧ - علي بن الحسن بن شقيق بن دينار بن مشعب العبدي
6601	٨٨ - حجاج بن منهال أبو محمد البصري
6603	٨٩ - الحوضي حفص بن عمر بن الحارث بن سخبرة
6605	٩٠ - الحسين بن حفص بن الفضل بن يحيى بن ذكوان الهمداني
6606	٩١ - عبد الله بن يوسف الكلاعي
6608	٩٢ - ابن الماجشون عبد الملك بن عبد العزيز التيمي
6609	٩٣ - التبوذكي أبو سلمة موسى بن إسماعيل
6614	٩٤ - موسى بن إسماعيل البجلي الجبلي
6614	٩٥ - معلى بن منصور الرازي أبو يعلى الحنفي
6620	٩٦ - عبد الله بن نافع الصائغ
6623	٩٧ - عبد الله بن نافع الزبيري
6625	٩٨ - دينار أبو مكيس الحبشي الأسود
6625	٩٩ - عبد الله بن رجاء أبو عمر الغداني
6628	١٠٠ - عبد الله بن رجاء أبو عمران البصري
6629	١٠١ - محمد بن كثير بن أبي عطاء الصنعاني
6632	١٠٢ - محمد بن كثير أبو عبد الله العبدي
6634	١٠٣ - محمد بن كثير بن مروان الفهري
6634	١٠٤ - العوقي محمد بن سنان الباهلي
6635	١٠٥ - ابن الطباع محمد بن عيسى بن نجيح
6638	١٠٦ - الأويسي عبد العزيز بن عبد الله بن يحيى
6639	١٠٧ - الصوري محمد بن المبارك بن يعلى
6640	١٠٨ - إسماعيل بن أبي أويس عبد الله الأصبحي
6645	١٠٩ - الهيثم بن جميل أبو سهل الأنطاكي
6646	١١٠ - السوريني أبو إسحاق إبراهيم بن نصر
6646	١١١ - بكار بن محمد بن عبد الله البصري
6648	١١٢ - الحسن بن الربيع أبو علي البجلي
6649	١١٣ - المدائني أبو الحسن علي بن محمد بن عبد الله
6652	١١٤ - عبد الله بن صالح بن مسلم بن صالح العجلي
6654	١١٥ - عبد الله بن صالح بن محمد بن مسلم الجهني
6665	١١٦ - حماد بن مالك بن بسطام بن درهم الأشجعي
6666	١١٧ - عمرو بن مرزوق الباهلي
6669	١١٨ - عمرو بن مرزوق الواشحي البصري
6669	١١٩ - محمد بن الرومي البصري
6670	١٢٠ - عبد الله الرومي
6670	١٢١ - عمر بن الرومي
6671	١٢٢ - سهل بن بكار أبو بشر البصري
6671	١٢٣ - سهل بن تمام بن بزيع أبو عمرو الطفاوي
6672	١٢٤ - عبد الله بن أبي بكر السكن بن الفضل العتكي
6673	١٢٥ - عبد الله بن خيران أبو محمد الكوفي
6673	١٢٦ - يحيى بن عبدويه البغدادي
6674	١٢٧ - عبد العزيز بن الخطاب أبو الحسن الكوفي
6675	١٢٨ - قرة بن حبيب أبو علي البصري الرماح
6675	١٢٩ - الصلت بن محمد بن محمد الخاركي
6676	١٣٠ - عمرو بن خالد بن فروخ التميمي
6677	١٣١ - عبد الملك بن هشام بن أيوب أبو محمد الذهلي
6679	١٣٢ - أبو غسان مالك بن إسماعيل بن درهم النهدي
6682	١٣٣ - شاذ بن فياض أبو عبيدة اليشكري
6683	١٣٤ - شاذ بن يحيى الواسطي
6683	١٣٥ - عبد الله بن سوار بن عبد الله بن قدامة العنبري
6684	١٣٦ - إسماعيل بن عمرو بن نجيح البجلي
6685	١٣٧ - عبد السلام بن مطهر بن حسام الأزدي
6686	١٣٨ - عبد الغفار بن عبيد الله بن عبد الأعلى القرشي
6687	١٣٩ - عبد الغفار بن داود بن مهران بن زياد البكري
6688	١٤٠ - عيسى بن دينار أبو محمد الغافقي القرطبي
6689	١٤١ - عيسى بن أبان
6690	١٤٢ - عون بن سلام أبو جعفر الكوفي
6691	١٤٣ - زكريا بن عدي التيمي
6694	١٤٤ - عبد الملك بن مسلمة أبو مروان الأموي
6695	١٤٥ - هشام بن عبيد الله الرازي
6697	١٤٦ - أبو الجماهر محمد بن عثمان التنوخي
6698	١٤٧ - أبو همام الدلال محمد بن محبب
6699	١٤٨ - عمرو بن عون بن أوس بن الجعد السلمي
6701	١٤٩ - الربيع بن يحيى بن مقسم الأشناني
6702	١٥٠ - الوحاظي أبو زكريا يحيى بن صالح
6706	١٥١ - أحمد بن يونس التميمي اليربوعي الكوفي
6708	١٥٢ - علي بن الجعد بن عبيد البغدادي
6718	الطبقة الثانية عشرة
6718	١٥٣ - بشر بن الحارث بن عبد الرحمن بن عطاء المروزي
6726	١٥٤ - الهيثم بن خارجة المروذي البغدادي
6728	١٥٥ - أبو خالد الفراء يزيد بن صالح النيسابوري
6729	١٥٦ - الفراء سعد بن يزيد النيسابوري
6730	١٥٧ - سعدويه سعيد بن سليمان الضبي
6732	١٥٨ - سعيد بن سليمان النشيطي
6732	١٥٩ - فتح الموصلي أبو نصر بن سعيد
6733	١٦٠ - يوسف بن عدي بن زريق بن إسماعيل التيمي
6736	١٦١ - أحمد بن عاصم أبو عبد الله الأنطاكي
6737	١٦٢ - خالد بن خداش بن عجلان المهلبي
6738	١٦٣ - صدقة بن الفضل أبو الفضل المروزي
6739	١٦٤ - أبو عبيد القاسم بن سلام بن عبد الله
6758	١٦٥- دار أم سلمة أحمد بن حميد الطريثيثي
6759	١٦٦ - الرمادي إبراهيم بن بشار
6761	١٦٧ - يحيى بن يحيى بن بكر بن عبد الرحمن التميمي
6768	١٦٨- يحيى بن يحيى بن كثير بن وسلاس بن شملال بن منغايا الليثي
6774	١٦٩ - أبو الجهم العلاء بن موسى بن عطية الباهلي
6775	١٧٠- يحيى بن عبد الحميد بن عبد الرحمن بن ميمون بن عبد الرحمن الحماني
6789	١٧١- فأما والده فهو: أبو يحيى الحماني
6790	١٧٢- النظام أبو إسحاق إبراهيم بن سيار
6791	١٧٣- أبو الهذيل العلاف محمد بن الهذيل البصري
6792	١٧٤- هشام بن الحكم الكوفي الرافضي
6793	١٧٥- ضرار بن عمرو
6795	١٧٦- أبو المعتمر معمر بن عمرو
6796	١٧٧ - هشام بن عمرو أبو محمد الفوطي
6797	١٧٨ - أبو موسى عيسى بن صبيح
6797	١٧٩- الوليد بن أبان الكرابيسي
6798	١٨١ - أبو الفضل جعفر بن حرب الهمذاني
6799	١٨٢ - الإسكافي محمد بن عبد الله
6800	١٨٣ - أبو سهل عباد بن سلمان البصري
6801	١٨٤ - أبو موسى عيسى بن الهيثم الصوفي
6801	١٨٥ - أبو يعقوب يوسف بن عبيد الله الشحام
6802	١٨٦ - أبو مخالد أحمد بن الحسين الضرير
6802	١٨٧ - الأستاذ أبو جعفر محمد بن النعمان الأحول
6803	١٨٨ - أبو عبد الله الحسين بن محمد
6803	١٨٩ - برغوث محمد بن عيسى الجهمي
6804	١٩٠ - أبو عبد الرحمن الشافعي
6805	١٩١ - إبراهيم بن مهدي المصيصي
6806	١٩٢ - إبراهيم بن المهدي
6810	١٩٣ - الجرمي أبو عمر صالح بن إسحاق
6812	١٩٤ - أبو دلف القاسم بن عيسى العجلي
6813	١٩٥ - العيشي عبيد الله بن محمد بن حفص
6816	١٩٦ - النضر بن عبد الجبار بن نضير المرادي
6817	١٩٧ - اللاحقي علي بن عثمان بن عبد الحميد
6818	١٩٨ - علي بن عثام بن علي أبو الحسن الكلابي
6820	١٩٩ - أبو نصر التمار عبد الملك بن عبد العزيز
6823	٢٠٠ - أبو المغيث الرافقي موسى بن سابق
6823	٢٠١ - الوكيعي أبو عبد الرحمن أحمد بن جعفر
6825	٢٠٢ - أحمد بن إشكاب أبو عبد الله الحضرمي
6825	٢٠٣ - خلف بن هشام بن ثعلب البغدادي
6830	٢٠٤ - بشار بن موسى أبو عثمان العجلي
6831	٢٠٥ - أبو بلال الأشعري
6832	٢٠٦ - سعيد بن كثير بن عفير بن مسلم بن يزيد المصري
6835	٢٠٧ - سعيد بن منصور بن شعبة الخراساني
6840	٢٠٨ - مسدد بن مسرهد بن مسربل الأسدي
6844	٢٠٩ - نعيم بن حماد بن معاوية الخزاعي
6861	٢١٠ - يحيى بن عبد الله بن بكير المخزومي
6864	٢١١ - أبو الينبغي
6865	٢١٢ - الحميدي عبد الله بن الزبير بن عيسى
6870	٢١٣ - يحيى بن أبي الخصيب زياد الرازي
6871	٢١٤ - المقعد المنقري عبد الله بن عمرو بن أبي الحجاج
6874	٢١٥ - سليمان بن داود الهاشمي العباسي
6875	٢١٦ - معلى بن أسد أبو الهيثم العمي
6876	٢١٧ - سنيد أبو علي حسين بن داود المصيصي
6877	٢١٨ - محمد بن سلام بن الفرج السلمي
6880	٢١٩ - علي بن معبد بن شداد العبدي الرقي
6881	٢٢٠ - علي بن معبد بن نوح أبو الحسن البغدادي
6883	٢٢١ - النفيلي عبد الله بن محمد بن علي بن نفيل بن زراع بن علي
6886	٢٢٢ - الجرمي سعيد بن محمد بن سعيد
6888	٢٢٣ - عمر بن حفص بن غياث أبو حفص
6889	٢٢٤ - خالد بن خلي أبو القاسم الكلاعي الحمصي
6890	٢٢٥ - محمد بن خالد بن خلي الحمصي
6891	٢٢٦ - محمد بن المنهال الضرير التميمي
6894	٢٢٧ - محمد بن المنهال البصري العطار
6895	٢٢٨ - ابن سماعة أبو عبد الله محمد بن سماعة التيمي
6896	٢٢٩ - يحيى بن بشر بن كثير أبو زكريا الأسدي
6897	٢٣٠ - ابن أبي الأسود عبد الله بن محمد البصري
6898	٢٣١ - الفروي أبو يعقوب إسحاق بن محمد
6899	٢٣٢ - عبد الرحمن بن سلام بن عبيد الله الجمحي
6900	٢٣٣ - محمد بن سلام الجمحي
6902	٢٣٤ - أحمد بن شبيب بن سعيد الحبطي
6902	٢٣٥ - أبو توبة الحلبي الربيع بن نافع
6904	٢٣٦ - الخوشي أبو عبد الله محمد بن أسد
6905	٢٣٧ - أصبغ بن الفرج بن سعيد بن نافع الأموي
6907	٢٣٨ - المسندي أبو جعفر عبد الله بن محمد
6909	٢٣٩ - المقدمي أبو عبد الله محمد بن أبي بكر
6910	٢٤٠ - أحمد بن عبد الله بن أبي شعيب الأموي
6911	٢٤١ - أحمد بن عبد الملك بن واقد الأسدي
6913	٢٤٢ - محمد بن سعد بن منيع أبو عبد الله البغدادي
6916	٢٤٣ - يزيد بن عبد ربه الجرجسي
6917	٢٤٤ - حوثرة بن أشرس بن عون بن مجشر بن حجين العدوي
6917	٢٤٥ - حيوة بن شريح بن يزيد الحضرمي
6918	٢٤٦ - محمد بن وهب بن عطية السلمي
6919	٢٤٧ - محمد بن الصباح الدولابي
6921	٢٤٨ - محمد بن الصباح بن سفيان الجرجرائي
6922	٢٤٩ - بشر بن الوليد بن خالد أبو الوليد الكندي
6925	٢٥٠ - الزهراني أبو الربيع سليمان بن داود
6928	٢٥١ - الشاذكوني أبو أيوب سليمان بن داود
6933	٢٥٢ - عبد الله بن طاهر بن الحسين بن مصعب
6934	٢٥٣ - عبد الله بن محمد بن أسماء الضبعي
6936	٢٥٤ - ابن الأعرابي أبو عبد الله محمد بن زياد الهاشمي
6938	٢٥٥ - إبراهيم بن المنذر بن عبد الله الأسدي
6941	٢٥٦ - سهل بن زنجلة أبو عمرو الرازي
6942	٢٥٧ - ابن أبي سمينة محمد بن إسماعيل الهاشمي
6944	الجزء ١١ [طبقة ١٢، ١٣]
6944	تابع: الطبقة الثانية عشرة
6944	١ - الحكم بن موسى أبو صالح البغدادي
6946	٢ - ابن شبوية أبو الحسن أحمد بن محمد
6947	٣ - أحمد بن محمد بن موسى السمسار المروزي
6948	٤ - أمية بن بسطام بن المنتشر البصري
6949	٥ - حبان بن موسى بن سوار السلمي
6951	٦ - علي بن بحر بن بري أبو الحسن الفارسي
6951	٧ - ابن الرماح عبد الله بن عمر بن ميمون البلخي
6952	٨ - قتيبة أبو رجاء بن سعيد بن جميل الثقفي
6964	٩ - أحمد بن جناب بن المغيرة المصيصي
6964	١٠ - طالوت بن عباد أبو عثمان البصري
6966	١١ - العباس بن الوليد بن نصر الباهلي
6967	١٢ - عبد الأعلى بن حماد بن نصر الباهلي
6969	١٣ - مصعب بن عبد الله بن مصعب الأسدي
6971	١٤ - أحمد بن حرب بن فيروز أبو عبد الله النيسابوري
6974	١٥ - أحمد بن إبراهيم بن خالد الموصلي
6975	١٦ - أحمد بن عمر بن حفص بن جهم بن واقد الكندي
6976	١٧ - أحمد بن جواس أبو عاصم الحنفي
6977	١٨ - الزمي أبو زكريا يحيى بن يوسف
6978	١٩ - المري جنادة بن محمد بن أبي يحيى
6978	٢٠ - إبراهيم بن الحجاج بن زيد السامي
6979	٢١ - أبو إسحاق إبراهيم بن الحجاج النيلي البصري
6980	٢٢ - ابن المديني علي بن عبد الله بن جعفر
6999	٢٣ - إبراهيم بن حمزة بن محمد بن حمزة الأسدي
7000	٢٤ - حاجب بن الوليد بن ميمون البغدادي
7001	٢٥ - إبراهيم بن يوسف بن ميمون بن قدامة البلخي
7002	٢٦ - أبو تمام حبيب بن أوس بن الحارث الطائي
7008	٢٧ - أبو معمر الهذلي إسماعيل بن إبراهيم
7010	٢٨ - يحيى بن معين أبو زكريا المري
7035	٢٩ - العتبي محمد بن عبيد الله بن عمرو بن معاوية
7036	٣٠ - هدبة بن خالد بن أسود بن هدبة القيسي
7040	٣١ - شيبان بن فروخ أبو محمد الحبطي
7042	٣٢ - ابن أبي الشوارب محمد بن عبد الملك القرشي
7043	٣٣ - محمد بن عائذ أبو عبد الله القرشي
7046	٣٤ - كامل بن طلحة أبو يحيى الجحدري البصري
7050	٣٥ - أبو كامل الفضيل بن الحسين بن طلحة الجحدري
7051	٣٦ - البرجلاني محمد بن الحسين بن أبي شيخ
7051	٣٧ - محمد بن بكار بن الريان الرصافي
7053	٣٨ - فأما: محمد بن بكار بن بلال العاملي
7053	٣٨ - محمد بن بكار بن بلال العاملي
7054	٣٩ - محمد بن بكار بن الزبير العيشي
7054	٤٠ - محمد بن أبان بن وزير، المعروف بحمدويه
7056	٤١ - محمد بن أبان بن عمران بن زياد السلمي
7057	٤٢ - إسحاق النديم أبو محمد بن إبراهيم بن ميمون الموصلي
7060	٤٣ - المعافى بن سليمان الرسعني
7061	٤٤ - ابن أبي شيبة عبد الله بن محمد العبسي
7067	٤٥ - إبراهيم بن عبد الله
7067	٤٦ - الحزامي عبد الرحمن بن عبد الملك بن شيبة
7068	٤٧ - هارون بن معروف أبو علي المروزي
7069	٤٨ - داود بن عمرو بن زهير بن عمرو الضبي
7072	٤٩ - داود بن رشيد أبو الفضل الخوارزمي
7075	٥٠ - سليمان ابن بنت شرحبيل بن مسلم الخولاني
7079	٥١ - إبراهيم بن موسى الفراء التميمي
7082	٥٢ - محمد بن مهران الجمال
7084	٥٣ - الخازن الحارث بن عبد الله بن إسماعيل بن عقيل
7085	٥٤ - سريج بن يونس بن إبراهيم المروزي
7086	٥٥ - عمرو الناقد عمرو بن محمد بن بكير
7087	٥٦ - خلف بن سالم أبو محمد السندي المهلبي
7089	٥٧ - جبارة بن المغلس أبو محمد الحماني
7090	٥٨ - عثمان بن أبي شيبة إبراهيم بن عثمان العبسي
7093	٥٩ - الزيادي محمد بن زياد بن عبيد الله
7094	٦٠ - مشكدانة عبد الله بن عمر بن محمد القرشي
7095	٦١ - يحيى بن حبيب بن عربي البصري
7096	٦٢ - سندول محمد بن عبد الجبار القرشي الهمذاني
7097	٦٣ - ابن كاسب يعقوب بن حميد المدني
7100	٦٤ - محمد بن أبي السري متوكل العسقلاني
7101	٦٥ - سالم بن حامد
7102	٦٧ - ديك الجن عبد السلام بن رغبان الكلبي
7104	٦٨ - ابن عمار أحمد بن عمار بن شاذي البصري
7104	٦٩ - إبراهيم بن محمد بن العباس بن عثمان بن شافع
7105	٧٠ - الخزاعي أبو عبد الله أحمد بن نصر بن مالك
7108	٧١ - أحمد بن أبي دواد فرج بن حريز الإيادي
7110	٧٣ - الحسن بن سهل أبو محمد
7111	٧٤ - ابن الزيات أبو جعفر محمد بن عبد الملك بن أبان
7112	٧٥ - العلاف محمد بن الهذيل بن عبيد الله البصري
7113	٧٦ - ابن كلاب عبد الله بن سعيد القطان البصري
7115	٧٧ - ابن بنت السدي إبراهيم بن موسى الفزاري
7116	٧٨ - أحمد بن حنبل أبو عبد الله
7297	٧٩ - إسحاق بن راهويه أبو يعقوب
7322	٨٠ - الحسين بن منصور بن جعفر بن عبد الله بن رزين السلمي
7323	٨١ - عبيد الله بن معاذ بن معاذ بن نصر بن حسان العنبري
7324	٨٢ - عمرو بن رافع بن الفرات البجلي
7325	٨٣ - يحيى بن أيوب أبو زكريا البغدادي
7328	٨٤ - حرملة بن يحيى بن عبد الله بن حرملة بن عمران
7331	٨٥ - سجادة أبو علي الحسن بن حماد بن كسيب
7333	٨٦ - أبو كريب محمد بن العلاء بن كريب الهمداني
7337	٨٧ - الحلواني أبو محمد الحسن بن علي بن محمد
7339	٨٨ - الحسين بن حريث بن الحسن بن ثابت بن قطبة
7340	٨٩ - عبد الجبار بن العلاء بن عبد الجبار
7341	٩٠ - أبو الحسن البصري العطار
7342	٩١ - المسيب بن واضح بن سرحان السلمي التلمنسي
7344	٩٢ - أبو قدامة السرخسي عبيد الله بن سعيد
7345	٩٣ - عمرو بن زرارة بن واقد الكلابي
7346	٩٤ - عمر بن زرارة أبو حفص الحدثي
7347	٩٥ - سويد بن نصر أبو الفضل المروزي
7348	٩٦ - الأنطاكي أبو عبد الله أحمد بن عاصم
7349	٩٧ - سويد بن سعيد بن سهل بن شهريار
7359	٩٨ - هشام بن عمار بن نصير بن ميسرة بن أبان
7374	٩٩ - عبد الله بن معاوية، أبو جعفر الجمحي
7375	١٠٠ - أبو مصعب أحمد بن القاسم بن الحارث الزهري
7380	١٠١ - العثماني أبو مروان محمد بن عثمان بن خالد
7381	١٠٢ - القواريري عبيد الله بن عمر بن ميسرة
7385	١٠٣ - أبو الصلت عبد السلام بن صالح الهروي
7388	١٠٤ - اللؤلؤي محمد بن إسحاق بن حرب البلخي
7388	١٠٥ - منصور ابن المهدي محمد بن منصور أبي جعفر العباسي
7389	١٠٦ - السمين أبو عبد الله بن حاتم بن ميمون المروزي
7390	١٠٧ - محمد بن حاتم المصيصي
7392	١٠٩ - صاحب البصري أبو أيوب سليمان بن أيوب
7393	١١٠ - سهل بن عثمان أبو مسعود العسكري
7394	١١١ - ابن نمير محمد بن عبد الله بن نمير الهمداني
7397	١١٢ - عبيد بن يعيش أبو محمد الكوفي المحاملي
7398	١١٣ - المرادي أبو شريك يحيى بن يزيد بن ضماد
7398	١١٤ - الطنافسي أبو الحسن علي بن محمد بن إسحاق
7400	١١٥ - محمود بن الحسن الوراق
7401	١١٦ - وهب بن بقية بن عثمان بن سابور بن عبيد بن آدم
7403	١١٧ - الغزي محمد بن عمرو
7404	١١٨ - هناد بن السري بن مصعب بن أبي بكر بن شبر بن صعفوق
7405	١١٩ - هناد بن السري الصغير الدارمي
7408	١٢٠ - محمد بن عبد لله بن عمار الموصلي
7409	١٢١ - الفلاس عمرو بن علي بن بحر بن كنيز
7411	١٢٢ - خليفة بن خياط بن خليفة بن خياط العصفري
7414	١٢٣ - صفوان بن صالح بن صفوان بن دينار
7415	١٢٤ - إسحاق بن أبي إسرائيل إبراهيم بن كامجر
7417	١٢٥ - إبراهيم بن عبد الله بن حاتم الهروي
7418	١٢٦ - إبراهيم بن محمد بن عرعرة بن البرند القرشي
7422	١٢٧ - أحمد بن منيع بن عبد الرحمن البغوي
7423	١٢٨ - حاتم الأصم بن عنوان بن يوسف البلخي
7428	١٣٠ - أبو خيثمة زهير بن حرب بن شداد الحرشي
7431	١٣١ - أبو بكر أحمد بن أبي خيثمة
7433	١٣٢ - محمد بن أبي بكر أحمد بن زهير البغدادي
7434	١٣٣ - مجاهد بن موسى بن فروخ الخوارزمي
7435	١٣٤ - أبو حسان الزيادي الحسن بن عثمان بن حماد
7437	١٣٥ - محمد بن رمح بن المهاجر التجيبي
7439	١٣٦ - لوين أبو جعفر محمد بن سليمان
7442	١٣٧ - محمد بن حميد بن حيان الرازي
7445	١٣٨ - زغبة أبو موسى عيسى بن حماد التجيبي
7446	١٣٩ - علي بن حجر بن إياس بن مقاتل السعدي
7453	الطبقة الثالثة عشر
7453	١٤٠ - دحيم عبد الرحمن بن إبراهيم الدمشقي
7457	١٤١ - دعبل بن علي أبو علي الخزاعي
7457	١٤٢ - أحمد بن المعذل بن غيلان بن حكم العبدي
7459	١٤٣ - زيد بن بشر أبو البشر الأزدي
7460	١٤٤ - ابن أخي الإمام عبد الرحمن بن عبيد الله الأسدي
7461	١٤٥ - ابن أخي الإمام الصغير عبد الرحمن بن عبيد الله الهاشمي
7461	١٤٦ - محمد بن كرام السجستاني المبتدع
7462	١٤٧ - يعقوب بن كعب بن حامد الأنطاكي
7463	١٤٨ - علي بن مسلم بن سعيد الطوسي
7464	١٤٩ - الجاحظ أبو عثمان عمرو بن بحر
7469	١٥٠ - أحمد بن خالد أبو جعفر الخلال
7469	١٥١ - أحمد بن الخليل أبو علي البزاز
7470	١٥٢ - أحمد بن الخليل النوفلي القومسي
7470	١٥٣ - ذو النون المصري ثوبان بن إبراهيم
7474	١٥٤ - ابن زياد الأمير محمد بن عبد الله
7474	١٥٥ - الرواجني أبو سعيد عباد بن يعقوب
7476	١٥٦ - صالح بن عبد الله بن ذكوان الباهلي
7477	١٥٧ - صالح بن محمد الترمذي
7477	١٥٨ - عتبة بن عبد الله بن عتبة اليحمدي
7479	١٥٩ - الدوري أبو عمر حفص بن عمر
7481	١٦٠ - سوار بن عبد الله بن سوار التميمي
7483	١٦١ - النخشبي أبو تراب عسكر بن الحصين
7484	١٦٢ - محمد بن عبيد بن عبد الملك الأسدي
7485	١٦٣ - الحسن بن عرفة بن يزيد العبدي
7490	١٦٤ - أحمد بن أبي سريج عمر بن الصباح الرازي
7490	١٦٥ - علي بن خشرم بن عبد الرحمن المروزي
7491	١٦٦ - أحمد بن بكار ابن أبي ميمونة زيد الأموي
7492	١٦٧ - الخطمي إسحاق بن موسى بن عبد الله
7494	الجزء ١٢ [طبقة ١٣، ١٤]
7494	تابع: الطبقة الثالثة عشرة
7494	١ - يحيى بن أكثم بن محمد بن قطن التميمي
7505	٢ - ابن السكيت يعقوب بن إسحاق البغدادي النحوي
7508	٣ - حميد بن زنجوية أبو أحمد الأزدي
7512	٤ - أبو همام الوليد بن أبي بدر السكوني
7513	٥ - أبو حذافة السهمي أحمد بن إسماعيل
7516	٦ - الحسن بن عيسى بن ماسرجس النيسابوري
7519	٧ - المتوكل على الله الخليفة جعفر بن المعتصم بالله
7531	٨ - المنتصر بالله محمد ابن المتوكل على الله
7535	٩ - المستعين بالله أحمد ابن المعتصم بالله
7539	١٠ - البزي أبو الحسن أحمد بن محمد بن عبد الله
7541	١١ - أبو عمير ابن النحاس، عيسى بن محمد
7543	١٢ - الحارث بن مسكين بن محمد بن يوسف الأموي
7547	١٣ - البويطي يوسف أبو يعقوب بن يحيى المصري
7551	١٤ - ابن السرح أحمد بن عمرو الأموي
7552	١٥ - سحنون أبو سعيد عبد السلام بن حبيب التنوخي
7559	١٦ - أحمد بن عيسى بن حسان، ابن التستري
7560	١٧ - أحمد بن عيسى بن عبد الله بن محمد العلوي
7561	١٨ - أحمد بن عيسى ابن الشهيد زيد بن علي الحسيني
7561	١٩ - أبو ثور إبراهيم بن خالد الكلبي
7565	٢٠ - إبراهيم بن خالد المروزي الجرميهني
7566	٢١ - إبراهيم بن خالد اليشكري
7566	٢٢ - الجوعي أبو عبد الملك القاسم بن عثمان العبدي
7568	٢٣ - الكرابيسي أبو علي الحسين بن علي بن يزيد
7571	٢٤ - الفتح بن خاقان أبو محمد التركي
7572	٢٥ - الفضل بن مروان الوزير الكبير
7574	٢٦ - أحمد بن أبي الحواري عبد الله بن ميمون الثعلبي
7583	٢٧ - محمد بن مصفى بن بهلول القرشي
7585	٢٨ - العدني محمد بن يحيى بن أبي عمر
7587	٢٩ - رجاء بن مرجى بن رافع المروزي
7589	٣٠ - البيكندي أبو زكريا يحيى بن جعفر بن أعين
7590	٣١ - البحراني العباس بن يزيد بن أبي حبيب
7591	٣٢ - ابن حبيب عبد الملك بن حبيب بن سليمان السلمي
7597	٣٣ - عبد الملك بن حبيب
7597	٣٤ - موسى بن معاوية أبو جعفر الصمادحي
7599	٣٥ - المحاسبي أبو عبد الله الحارث بن أسد البغدادي
7601	٣٦ - أبو قدامة السرخسي عبيد الله بن سعيد
7603	٣٧ - أحمد بن عبد الرحمن بن بكار البسري
7604	٣٨ - هارون بن عبد الله بن مروان الحمال
7605	٣٩ - موسى بن هارون أبو عمران البزاز
7608	٤٠ - الأعين أبو بكر محمد بن الحسن بن طريف
7609	٤١ - زياد بن أيوب بن زياد الطوسي
7612	٤٢ - أبو موسى العنزي محمد بن المثنى بن عبيد
7615	٤٣ - هارون بن إسحاق الهمداني
7617	٤٤ - السكري إسماعيل بن عبد الله بن خالد
7618	٤٥ - قلت: فأما: إسماعيل بن عبد الله بن زرارة الرقي
7619	٤٦ - أحمد بن إبراهيم بن كثير الدورقي
7622	٤٧ - نصر بن علي بن نصر بن علي بن صهبان بن أبي الأزدي
7625	٤٨ - نصر بن علي الجهضمي الكبير
7627	٤٩ - علي بن نصر بن علي الجهضمي
7627	٥٠ - علي بن نصر بن علي بن نصر بن علي بن صهبان
7630	٥١ - الدورقي يعقوب بن إبراهيم بن كثير
7633	٥٢ - بندار محمد بن بشار بن عثمان بن داود بن كيسان
7638	٥٣ - الجوهري إبراهيم بن سعيد البغدادي
7641	٥٤ - سفيان بن وكيع بن الجراح بن مليح الرؤاسي
7642	٥٥ - الرفاعي محمد بن يزيد بن محمد
7645	٥٦ - أحمد بن الحسن بن جنيدب الترمذي
7646	٥٧ - أحمد بن الحسن بن خراش البغدادي
7647	٥٨ - الهيثم بن سهل التستري
7649	٥٩ - أحمد بن صالح ابن الطبري
7667	٦٠ - عقبة بن مكرم بن أفلح العمي
7667	٦١ - عقبة بن مكرم الضبي الهلالي الكوفي
7668	٦٢ - محمود بن خداش الطالقاني
7670	٦٣ - عبد الحميد بن عصام أبو عبد الله الجرجاني
7671	٦٤ - الأشج أبو سعيد عبد الله بن سعيد بن حصين
7674	٦٥ - السري بن المغلس السقطي
7676	٦٦ - الحسن بن شجاع بن رجاء البلخي
7679	٦٧ - الحسين بن الحسن بن حرب السلمي
7680	٦٨ - الخليع أبو علي الحسين بن الضحاك الباهلي
7681	٦٩ - الحسن بن الصباح بن محمد الواسطي
7684	٧٠ - محمد بن أسلم بن سالم بن يزيد الكندي
7696	٧١ - الرباطي أحمد بن سعيد بن إبراهيم
7698	٧٢ - فضل بن سهل بن إبراهيم البغدادي
7701	٧٣ - محمد بن منصور بن داود بن إبراهيم الطوسي
7703	٧٤ - محمد بن رافع بن أبي زيد القشيري
7708	٧٥ - أحمد بن المقدام بن سليمان بن أشعث العجلي
7710	٧٦ - يوسف بن موسى بن راشد الكوفي
7712	٧٧ - محمود بن غيلان العدوي
7713	٧٨ - الدارمي عبد الله بن عبد الرحمن بن الفضل
7721	٧٩ - أحمد بن سعيد بن بشر أبو جعفر الهمداني
7722	٨٠ - الدارمي أحمد بن سعيد بن صخر
7724	٨١ - عبد بن حميد بن نصر الكسي
7728	٨٢ - أحمد بن نصر بن زياد القرشي
7729	٨٣ - أحمد بن نصر العتكي السمرقندي
7729	٨٤ - عبد الله بن الصباح الهاشمي
7730	٨٥ - علي بن سهل بن موسى أبو الحسن النسائي
7731	٨٦ - الإمام أبو عمران موسى بن سهل بن قادم الرملي
7731	٨٧ - عبد الرحمن رسته عبد الرحمن بن عمر الزهري
7732	٨٨ - الإمام المحدث أبو محمد عبد الله بن عمر الزهري
7733	٨٩ - أحمد بن سنان بن أسد بن حبان الواسطي
7735	٩٠ - مؤمل بن إهاب بن عبد العزيز بن قفل الربعي
7738	٩١ - محمد بن مسعود بن يوسف الطرسوسي
7739	٩٢ - خشيش بن أصرم بن الأسود النسائي
7740	٩٣ - علي بن حرب بن محمد بن علي الطائي
7742	٩٤ - أبو بكر أحمد بن حرب الطائي
7743	٩٥ - محمد بن حرب الطائي
7744	٩٦ - أبو سفيان معاوية بن حرب بن محمد الطائي الموصلي
7745	٩٧ - سلمة بن شبيب أبو عبد الرحمن الحجري
7747	٩٨ - الكوسج أبو يعقوب إسحاق بن منصور
7749	٩٩ - زيد بن أخزم أبو طالب الطائي
7751	١٠٠ - الزعفراني الحسن بن محمد بن الصباح
7754	١٠١ - المخرمي محمد بن عبد الله بن المبارك
7757	١٠٢ - أبو حاتم السجستاني سهل بن محمد بن عثمان
7759	١٠٣ - المازني أبو عثمان بكر بن محمد بن عدي
7762	الطبقة الرابعة عشرة
7762	١٠٤ - الذهلي محمد بن يحيى بن عبد الله
7774	١٠٥ - يحيى بن محمد بن يحيى الذهلي
7783	١٠٦ - محمد بن إسماعيل بن علية الأسدي
7784	١٠٧ - صاعقة أبو يحيى محمد بن عبد الرحيم
7785	١٠٨ - ابن كرامة أبو جعفر محمد بن عثمان
7787	١٠٩ - المقوم يحيى بن حكيم البصري
7790	١١٠ - حجاج بن يوسف بن حجاج أبو محمد بن الشاعر أبي يعقوب الثقفي
7791	١١١ - العباس بن عبد العظيم بن إسماعيل بن توبة
7792	١١٢ - أبو التقي اليزني هشام بن عبد الملك
7793	١١٣ - شعيب بن عمرو أبو محمد الضبعي
7793	١١٤ - شعيب ابن المحدث شعيب بن إسحاق الدمشقي
7794	١١٥ - عمرو بن عثمان بن سعيد بن كثير بن دينار الحمصي
7795	١١٦ - يحيى بن عثمان أبو سليمان الحمصي
7797	١١٧ - وأبوهما عثمان بن سعيد الحمصي
7797	١١٨ - المرار بن حمويه بن منصور الثقفي
7800	١١٩ - أحمد بن سعد بن الحكم بن أبي مريم المصري
7800	١٢٠ - الزبير بن بكار القرشي الأسدي الزبيري
7805	١٢١ - عبد الله بن منير أبو عبد الرحمن المروزي
7806	١٢٢ - بحشل أبو عبيد الله أحمد بن عبد الرحمن
7812	١٢٣ - عبد الوهاب بن عبد الحكم بن نافع البغدادي
7813	١٢٤ - أبو نشيط محمد بن هارون الربعي المروزي
7816	١٢٥ - محمد بن هارون أبو جعفر المخرمي الفلاس
7817	١٢٦ - عبد الله بن هاشم بن حيان الطوسي
7818	١٢٧ - البجلي محمد بن الهيثم بن خالد
7820	١٢٨ - أحمد بن بديل بن قريش بن بدير بن الحارث اليامي
7821	١٢٩ - أحمد بن إسرائيل بن الحسين الأنباري
7822	١٣٠ - المؤيد بالله إبراهيم بن المتوكل بن المعتصم
7822	١٣١ - الجروي أبو علي الحسن بن عبد العزيز
7824	١٣٢ - العتبي محمد بن أحمد بن عبد العزيز
7825	١٣٣ - ابن نذير عبد الرحمن بن إبراهيم بن عيسى الأموي
7826	١٣٤ - يعقوب بن إسحاق بن الصباح الكندي الأشعثي
7827	١٣٥ - يعقوب بن عبيد أبو يوسف النهرتيري
7827	١٣٦ - ابن شاكر محمد بن موسى بن شاكر
7828	١٣٧ - ابن يزداذ أبو صالح عبد الله بن محمد
7829	١٣٨ - عبد الرحمن بن بشر بن الحكم العبدي
7833	١٣٩ - بشر بن الحكم العبدي
7834	١٤٠ - العطار محمد بن سعيد بن غالب
7835	١٤١ - أحمد بن شيبان بن الوليد بن حيان الرملي
7835	١٤٢ - محمد بن عبد الملك بن زنجويه البغدادي
7836	١٤٣ - زكرويه أبو يحيى زكريا بن يحيى بن أسد
7837	١٤٤ - يونس بن عبد الأعلى بن ميسرة الصدفي
7841	١٤٥ - محمد بن إشكاب أبو جعفر البغدادي
7841	١٤٦ - علي بن إشكاب أبو الحسن البغدادي
7842	١٤٧ - ابن ملاس أبو جعفر محمد بن هشام الدمشقي
7843	١٤٨ - إبراهيم بن مرزوق بن دينار البصري
7845	١٤٩ - الحسن بن أبي الربيع أبو علي الجرجاني
7846	١٥٠ - سعدان أبو عثمان بن نصر بن منصور الثقفي
7847	١٥١ - سعدان أبو محمد بن يزيد البغدادي البزاز
7848	١٥٢ - المخرمي أبو محمد عبد الله بن محمد بن أيوب
7849	١٥٣ - محمد بن يحيى بن موسى الإسفراييني
7849	١٥٤ - زهير بن محمد بن قمير بن شعبة المروزي
7851	١٥٥ - ابن مثرود عيسى بن إبراهيم الغافقي
7852	١٥٦ - الفاخوري عيسى بن يونس بن أبان
7852	١٥٧ - أحمد بن الأزهر بن منيع بن سليط النيسابوري
7858	١٥٨ - عمر بن شبة بن عبدة أبو زيد البصري
7861	١٥٩ - الرياشي عباس بن الفرج
7865	١٦٠ - ابن معارك أبو علي الحسين بن نصر البغدادي
7866	١٦١ - محمد بن عاصم بن عبد الله أبو جعفر الثقفي
7867	١٦٢ - أسيد بن عاصم الثقفي أبو الحسين
7868	١٦٣ - محمد بن شجاع ابن الثلجي البغدادي
7869	١٦٤ - السوسي أبو شعيب صالح بن زياد بن عبد الله
7870	١٦٥ - عيسى بن أحمد بن عيسى بن وردان البغدادي
7871	١٦٦ - شاذان أبو بكر إسحاق بن إبراهيم النهشلي الفارسي
7872	١٦٧ - أحمد بن حفص بن عبد الله بن راشد النيسابوري
7873	١٦٨ - أحمد بن يوسف بن خالد بن سالم النيسابوري
7877	١٦٩ - زاج أبو صالح أحمد بن منصور بن راشد المروزي
7880	١٧١ - أبو عبد الله البخاري محمد بن إسماعيل بن إبراهيم
7960	١٧٢ - البيروتي أبو الفضل العباس بن الوليد
7964	١٧٣ - الرهاوي أبو الحسين أحمد بن سليمان بن عبد الملك
7965	١٧٤ - يعقوب بن شيبة بن الصلت بن عصفور البصري
7969	١٧٥ - ابن ميمون أبو بكر محمد بن عبد الله البغدادي
7969	١٧٦ - أحمد بن الفرات بن خالد أبو مسعود الرازي
7977	١٧٧ - الفرات بن خالد
7978	١٧٨ - إسحاق بن بهلول بن حسان أبو يعقوب الأنباري
7981	١٧٩ - حنين بن إسحاق العبادي النصراني
7981	١٨٠ - المزني أبو إبراهيم إسماعيل بن يحيى بن إسماعيل
7986	١٨١ - محمد بن عبد الله بن عبد الحكم أبو عبد الله المصري
7991	١٨٢ - بحر بن نصر بن سابق أبو عبد الله الخولاني
7992	١٨٣ - إبراهيم بن منقذ بن إبراهيم بن عيسى الخولاني
7993	١٨٤ - سعيد بن مسعود بن عبد الرحمن المروزي
7994	١٨٥ - العجلي أبو الحسن أحمد بن عبد الله بن صالح
7996	١٨٦ - الوزدولي أبو يعقوب إسحاق بن إبراهيم بن موسى
7997	١٨٧ - قبيطة أبو علي الحسن بن سليمان البصري
7997	١٨٨ - الحارثي أبو جعفر أحمد بن عبد الحميد بن خالد
7998	١٨٩ - يحيى بن عبدك أبو زكريا يحيى بن عبد الأعظم القزويني
7999	١٩٠ - أبو حفص النيسابوري عمرو بن سلم
8002	١٩١ - الصفار أبو يوسف يعقوب بن الليث السجستاني
8005	١٩٢ - عمرو بن الليث الصفار
8007	١٩٣ - ابن أبي الشوارب الحسن بن محمد بن عبد الملك الأموي
8008	١٩٤ - جلوان بن سمرة بن ماهان بن خاقان أبو الطيب الأموي
8008	١٩٥ - حاتم بن الليث أبو الفضل البغدادي الجوهري
8009	١٩٦ - حاجب بن سليمان بن بسام أبو سعيد المنبجي
8009	١٩٧ - الفارسي أبو علي الحسن بن سعيد
8010	١٩٨ - عطية بن الإمام بقية بن الوليد الحمصي
8011	١٩٩ - الدوري أبو الفضل عباس بن محمد بن حاتم
8013	٢٠٠ - كيلجة أبو بكر محمد بن صالح البغدادي
8015	٢٠١ - الدرابجردي أبو الحسن علي بن الحسن بن موسى
8017	٢٠٢ - محمد بن عميرة أبو عبد الله الجرجاني
8018	٢٠٣ - إبراهيم بن مسعود بن عبد الحميد أبو محمد القرشي
8018	٢٠٤ - صالح بن أحمد بن محمد بن حنبل أبو الفضل الشيباني
8019	٢٠٥ - أبو عوف عبد الرحمن بن مرزوق بن عطية البغدادي البزوري
8020	٢٠٦ - أحمد بن أبي عوف
8021	٢٠٧ - عبد الرحمن بن مرزوق الطرسوسي
8021	٢٠٨ - الخليفة المعتز بالله بن المتوكل بن المعتصم أبو عبد الله العباسي
8024	٢٠٩ - المهتدي بالله بن الواثق بن المعتصم العباسي
8029	٢١٠ - المعتمد على الله الخليفة أحمد بن المتوكل على الله جعفر العباسي
8042	٢١١ - أحمد بن الخصيب بن عبد الحميد الجرجرائي أبو العباس
8043	٢١٢ - يزيد بن سنان بن يزيد بن ذيال أبو خالد البصري
8043	٢١٣ - أبو الحسن القزاز
8044	٢١٤ - يزيد بن محمد بن يزيد بن سنان أبو فروة الرهاوي
8044	٢١٥ - ابن المنادي أبو جعفر محمد بن عبيد الله البغدادي
8046	٢١٦ - ابن البستنبان الحسن بن سعيد الفارسي
8046	٢١٧ - مسلم أبو الحسين بن الحجاج بن مسلم القشيري
8069	٢١٨ - المسوحي أبو علي الحسن بن علي البغدادي
8070	٢١٩ - عيسى بن شاذان البصري القطان
8071	٢٢٠ - الدقيقي محمد بن عبد الملك بن مروان
8073	٢٢١ - الحجازي أحمد بن الفرج بن سليمان
8076	٢٢٢ - الربيع بن سليمان بن عبد الجبار بن كامل المرادي
8080	٢٢٣ - أبو محمد الربيع بن سليمان الأزدي
8081	٢٢٤ - الصاغاني محمد بن إسحاق بن جعفر
8083	٢٢٥ - محمد بن عامر بن إبراهيم الأشعري
8084	٢٢٦ - أحمد بن يونس بن المسيب بن زهير بن عمرو الكوفي
8085	٢٢٧ - يونس بن حبيب أبو بشر العجلي
8086	٢٢٨ - أحمد بن مهدي بن رستم أبو جعفر الأصبهاني
8088	٢٢٩ - بكار بن قتيبة بن أسد بن عبيد الله بن بشير الثقفي
8094	٢٣٠ - محمد بن يحيى بن كثير الكلبي
8095	٢٣١ - أبو أحمد الفراء محمد بن عبد الوهاب بن حبيب
8097	٢٣٢ - الحسين بن محمد بن أبي معشر نجيح السندي
8097	٢٣٣ - محمد بن أبي معشر المدني
8098	٢٣٤ - أحمد بن سيار بن أيوب بن عبد الرحمن المروزي
8100	٢٣٥ - عبد الله بن حماد بن أيوب الآملي
8101	٢٣٦ - التبعي أبو العباس أحمد بن محمد بن سعيد
8101	٢٣٧ - البرلسي إبراهيم بن سليمان بن داود
8102	٢٣٨ - محمد بن عوف بن سفيان الطائي
8105	٢٣٩ - محمد بن أحمد بن حفص أبو عبد الله الحرشي
8106	٢٤٠ - محمد بن أحمد بن حفص بن الزبرقان البخاري
8107	٢٤١ - زغاث أبو موسى عيسى بن عبد الله البغدادي
8108	٢٤٢ - يحيى بن أبي طالب جعفر بن عبد الله بن الزبرقان البغدادي
8110	٢٤٣ - الفضل بن جعفر
8110	٢٤٤ - العباس بن أبي طالب أبو محمد
8111	٢٤٥ - يوسف بن سعيد بن مسلم أبو يعقوب المصيصي
8112	٢٤٦ - أمير الأندلس المنذر بن محمد بن عبد الرحمن المرواني
8112	٢٤٧ - الأثرم أبو بكر أحمد بن محمد بن هانىء
8117	٢٤٨ - محمد بن حماد أبو عبد الله الرازي
8119	٢٤٩ - فضلك الصائغ الفضل بن العباس الرازي
8120	٢٥٠ - القلوسي يعقوب بن إسحاق بن زياد
8120	٢٥١ - الختلي أبو إسحاق إبراهيم بن عبد الله بن الجنيد
8121	٢٥٢ - ابن أبي مسرة أبو يحيى عبد الله بن أحمد المكي
8122	٢٥٣ - اليسع بن زيد بن سهل أبو نصر الزينبي المكي
8124	الجزء ١٣ [طبقة ١٤، ١٥، ١٦]
8124	تابع: الطبقة الرابعة عشرة
8124	١ - عبد الله بن روح المدائني أبو محمد
8125	٢ - ابن المواز أبو عبد الله محمد بن إبراهيم الإسكندراني
8126	٣ - ابن أبي العوام محمد بن أحمد بن يزيد
8126	٤ - الحسن بن مخلد بن الجراح أبو محمد البغدادي
8128	٥ - ابن خاقان أبو الحسن عبيد الله بن يحيى التركي
8129	٦ - سمويه أبو بشر إسماعيل بن عبد الله الأصبهاني
8131	٧ - الترقفي أبو محمد عباس بن عبد الله بن أبي عيسى
8134	٨ - يحيى بن معاذ الرازي الواعظ
8135	٩ - حماد بن إسحاق بن إسماعيل البغدادي
8136	١٠ - إبراهيم بن هانىء النيسابوري أبو إسحاق
8138	١١ - إسحاق بن إبراهيم النيسابوري الفقيه
8140	١٢ - محمد بن عيسى بن حيان أبو عبد الله المدائني
8142	١٣ - إبراهيم بن الحارث بن إسماعيل البغدادي
8142	١٤ - معاوية بن صالح الأشعري
8143	١٥ - ابن عفان أبو محمد الحسن بن علي الكوفي
8146	١٦ - أبو جعفر محمد بن علي الكوفي
8147	١٧ - ابن وارة محمد بن مسلم بن عثمان بن عبد الله الرازي
8151	١٨ - سهل بن عمار أبو يحيى النيسابوري
8152	١٩ - أبو البختري عبد الله بن محمد بن شاكر العنبري
8154	٢٠ - عمار بن رجاء أبو ياسر التغلبي الأستراباذي
8154	٢١ - ابن السرماري إسحاق بن أحمد بن إسحاق
8156	٢٢ - أحمد بن إسحاق أبو إسحاق
8159	٢٣ - أحمد بن الفرج بن عبد الله أبو علي الجشمي
8160	٢٤ - أبو الليث عبد الله بن سريج البخاري
8160	٢٥ - أحمد بن عصام أبو يحيى الأنصاري
8161	٢٦ - أحمد بن ملاعب أبو الفضل البغدادي
8162	٢٧ - إبراهيم بن عبد الله بن عمر بن أبي الخيبري الكوفي
8163	٢٨ - إبراهيم بن عبد الله بن يزيد السعدي
8163	٢٩ - محمش أبو إسحاق إبراهيم بن محمد النيسابوري
8164	٣٠ - الخشك إسحاق بن عبد الله بن محمد النيسابوري
8164	٣١ - أخطل بن الحكم أبو القاسم القرشي
8165	٣٢ - ابن البرقي محمد بن عبد الله الزهري
8166	٣٣ - أحمد بن عبد الله بن البرقي
8167	٣٤ - عبد الرحيم بن عبد الله بن عبد الرحيم بن سعيد بن البرقي
8168	٣٥ - ابن قريش أبو عمران موسى البخاري
8168	٣٦ - حمدان الوراق محمد بن علي بن عبد الله
8169	٣٧ - حمدون القصار بن أحمد بن عمارة النيسابوري
8170	٣٨ - حنبل بن إسحاق بن حنبل بن هلال بن أسد الشيباني
8172	٣٩ - ابن عطية أبو بكر أحمد بن القاسم الرازي
8172	٤٠ - ابن أنس أبو العباس أحمد بن محمد القربيطي
8173	٤١ - الجرجاني أبو إسحاق إسماعيل بن زيد
8174	٤٢ - ابن سميع أبو القاسم محمود بن إبراهيم الدمشقي
8174	٤٣ - العطاردي أبو عمر أحمد بن عبد الجبار
8178	٤٤ - الجوهري أبو عبد الله محمد بن يوسف
8179	٤٥ - ابن سحنون محمد بن عبد السلام التنوخي
8182	٤٦ - ابن عبدوس أبو عبد الله محمد بن إبراهيم
8183	٤٧ - أحمد بن بكر أبو سعيد البالسي
8184	٤٨ - أبو زرعة الرازي عبيد الله بن عبد الكريم
8205	٤٩ - أبو يزيد البسطامي طيفور بن عيسى
8208	٥٠ - الميموني أبو الحسن عبد الملك بن عبد الحميد
8209	٥١ - الواسطي علي بن إبراهيم بن عبد المجيد
8210	٥٢ - أبو أمية محمد بن إبراهيم بن مسلم البغدادي
8213	الطبقة الخامسة عشرة
8213	٥٣ - أحمد بن طولون التركي أبو العباس
8215	٥٤ - أحمد الخجستاني
8216	٥٥ - داود بن علي بن خلف البغدادي الظاهري
8228	٥٦ - محمد بن داود بن علي الظاهري
8236	٥٧ - أبو إبراهيم الزهري أحمد بن سعد
8237	٥٨ - أبو يونس الجمحي محمد بن أحمد
8238	٥٩ - ومحمد بن أحمد بن حسين بن مدوية القرشي
8238	٦٠ - المنتظر أبو القاسم محمد بن الحسن العسكري
8241	٦١ - يوسف بن بحر أبو القاسم التميمي
8242	٦٢ - الخصاف أبو بكر أحمد بن عمرو الشيباني
8243	٦٣ - ابن المدبر أبو إسحاق إبراهيم بن محمد الضبي
8245	٦٤ - السكري أبو سعيد الحسن بن الحسين بن عبد الله
8246	٦٥ - سليمان بن وهب بن سعيد بن عمرو بن حصين الحارثي
8248	٦٦ - الخبيث علي بن محمد بن عبد الرحمن العبدي
8255	٦٧ - الزيدي الحسن بن زيد بن محمد بن إسماعيل
8256	٦٨ - خالد بن أحمد الأمير أبو الهيثم الذهلي
8257	٦٩ - كربزان عبد الرحمن بن محمد بن منصور الحارثي
8258	٧٠ - محمد بن أحمد بن أبي المثنى يحيى التميمي
8260	٧١ - علان علي بن عبد الرحمن المخزومي
8261	٧٢ - النفيلي الصغير علي بن عثمان بن محمد
8261	٧٣ - الكلاعي أبو موسى عمران بن بكار بن راشد
8262	٧٤ - القنطري أبو الحسن علي بن داود بن يزيد
8263	٧٥ - الوراق البغدادي عيسى بن جعفر
8263	٧٦ - العطار أبو علي الحسن بن إسحاق بن يزيد
8264	٧٧ - إبراهيم بن أورمة أبو إسحاق الأصبهاني
8267	٧٩ - محمد بن شداد بن عيسى أبو يعلى المسمعي
8268	٨٠ - موسى بن سهل بن كثير أبو عمران البغدادي
8269	٨١ - ابن منيب المروزي أبو الدرداء عبد العزيز
8270	٨٢ - ابن عبد الصمد يزيد بن محمد الدمشقي
8271	٨٣ - الحوطي أحمد بن عبد الوهاب بن نجدة
8272	٨٤ - أحمد بن عبد الرحيم بن يزيد بن فصيل الحوطي
8272	٨٥ - ابن الدورقي عبد الله بن أحمد بن إبراهيم بن كثير
8273	٨٦ - أبو معين الحسين بن الحسن الرازي
8274	٨٧ - القومسي أبو عبد الله أحمد بن الخليل بن حرب
8275	٨٨ - أبو الأحوص محمد بن الهيثم بن حماد الثقفي
8277	٨٩ - الصائغ أبو محمد القاسم بن الحسن الهمداني
8277	٩٠ - القزويني كثير بن شهاب القزويني
8278	٩١ - ترنجة إسماعيل بن إسحاق بن إسماعيل القرشي
8279	٩٣ - ابن الطباع أبو بكر محمد بن يوسف بن عيسى
8280	٩٤ - أبو معشر المنجم جعفر بن محمد البلخي
8280	٩٥ - الصائغ أبو جعفر محمد بن إسماعيل بن سالم
8281	٩٦ - البلاذري أبو بكر أحمد بن يحيى بن جابر
8282	٩٧ - محمد بن الجهم أبو عبد الله السمري
8283	٩٨ - محمد بن عيسى بن يزيد أبو بكر التميمي
8284	٩٩ - أبو حمزة البغدادي محمد بن إبراهيم
8288	١٠٠ - الموفق بن المتوكل على الله جعفر بن المعتصم محمد
8289	١٠١ - أبو أحمد القلانسي مصعب بن أحمد
8290	١٠٢ - صاحب الأندلس محمد بن عبد الرحمن بن الحكم
8292	١٠٣ - المروذي أبو بكر أحمد بن محمد بن الحجاج
8296	١٠٤ - أبو قلابة عبد الملك بن محمد الرقاشي
8298	١٠٥ - رغيف التميمي أحمد بن عبد الله بن القاسم
8299	١٠٦ - الفسوي يعقوب بن سفيان بن جوان
8303	١٠٧ - ابن ديزيل أبو إسحاق إبراهيم بن الحسين
8311	١٠٨ - الحسن بن سلام أبو علي البغدادي السواق
8311	١٠٩ - الحسن بن مكرم أبو علي البغدادي البزاز
8312	١١٠ - أبو عصيدة أحمد بن عبيد بن ناصح الديلمي
8313	١١١ - إسحاق بن سيار بن محمد أبو يعقوب النصيبي
8316	١١٢ - جعفر بن محمد بن شاكر أبو محمد البغدادي
8317	١١٣ - ابن أبي العنبس إبراهيم بن إسحاق الزهري
8318	١١٤ - كردوس خلف بن محمد بن عيسى الواسطي
8318	١١٥ - ابن بلبل الشيباني أبو الصقر إسماعيل
8321	١١٦ - أصبغ بن خليل أبو القاسم الأندلسي المالكي
8322	١١٧ - أبو داود سليمان بن الأشعث بن شداد
8340	١١٨ - أبو بكر عبد الله بن سليمان بن الأشعث السجستاني
8357	١١٩ - عبيد الله بن واصل بن عبد الشكور بن زين الزيني
8358	١٢٠ - ابن أبي غرزة أحمد بن حازم بن محمد الغفاري
8359	١٢١ - ابن أبي الخناجر أحمد بن محمد بن يزيد الأنصاري
8359	١٢٢ - النرسي أبو بكر أحمد بن عبيد بن إدريس
8361	١٢٣ - محمد بن إسماعيل بن يوسف السلمي
8362	١٢٤ - الحنيني أبو جعفر محمد بن الحسين بن موسى
8363	١٢٦ - المقدسي أبو عبد الله أحمد بن مسعود
8363	١٢٧ - حرب أبو محمد بن إسماعيل الكرماني
8364	١٢٨ - السري بن خزيمة بن معاوية الأبيوردي
8366	١٢٩ - أبو حاتم الرازي محمد بن إدريس بن المنذر بن داود بن مهران
8382	١٢٩ -عبد الرحمن أبو محمد بن محمد بن إدريس
8388	١٣٠ - البرجلاني أبو جعفر أحمد بن الخليل بن ثابت
8389	١٣١ - هاشم بن مرثد أبو سعيد الطبراني الطيالسي
8389	١٣٢ - الترمذي محمد بن عيسى بن سورة بن موسى بن الضحاك
8396	١٣٣ - ابن ماجه محمد بن يزيد
8400	١٣٤ - محمد بن جابر بن حماد أبو عبد الله المروزي
8401	١٣٥ - المنجم أبو الحسن علي بن يحيى بن أبي منصور
8401	١٣٦ - غلام خليل أحمد بن محمد بن غالب الباهلي
8404	١٣٧ - بقي بن مخلد بن يزيد أبو عبد الرحمن الأندلسي
8415	١٣٨ - ابن قتيبة أبو محمد عبد الله بن مسلم الدينوري
8421	١٣٩ - الكديمي محمد بن يونس بن موسى
8424	١٤٠ - العسكري أبو إسحاق إبراهيم بن حرب
8426	١٤١ - المصيصي أبو محمد عبد الله بن الحسين بن جابر
8427	١٤٢ - أبو العيناء محمد بن القاسم بن خلاد البصري
8428	١٤٣ - هلال بن العلاء بن هلال بن عمر الباهلي
8429	١٤٤ - ومات أخوه: أحمد بن العلاء بن هلال الباهلي
8430	١٤٥ - الأنطاكي أبو الوليد محمد بن أحمد بن الوليد
8430	١٤٦ - أبو زرعة الدمشقي عبد الرحمن بن عمرو
8436	١٤٧ - الشعراني الفضل بن محمد بن المسيب
8438	١٤٨ - الدارمي عثمان بن سعيد بن خالد بن سعيد
8445	١٤٩ - صاعد بن مخلد أبو العلاء الكاتب
8446	١٥٠ - البياني أبو محمد القاسم بن محمد بن القاسم
8449	١٥١ - سهل بن عبد الله بن يونس أبو محمد التستري
8452	١٥٢ - أبو طاهر سهل بن عبد الله بن الفرخان الأصبهاني
8453	١٥٣ - ابن أبي عمران أحمد بن موسى البغدادي
8454	١٥٤ - الديرعاقولي عبد الكريم بن الهيثم بن زياد
8455	١٥٥ - المغامي أبو عمرو يوسف بن يحيى الأزدي
8457	١٥٦ - ابن أخت غزال محمد بن علي بن داود البغدادي
8458	١٥٧ - إسماعيل القاضي أبو إسحاق بن إسحاق الأزدي
8461	١٥٨ - الختلي إسحاق بن إبراهيم بن محمد بن خازم
8462	١٥٩ - الجبلي أبو القاسم إسحاق بن إبراهيم
8463	١٦٠ - إسماعيل بن قتيبة بن عبد الرحمن السلمي
8464	١٦١ - مقدام بن داود بن عيسى بن تليد الرعيني المصري
8465	١٦٢ - جعفر بن محمد بن أبي عثمان الطيالسي البغدادي
8466	١٦٣ - أبو الموجه محمد بن عمرو الفزاري
8467	١٦٤ - علي بن عبد العزيز بن المرزبان بن سابور البغوي
8468	١٦٥ - الكشوري أبو محمد عبد الله بن محمد
8469	١٦٦ - ابن رزين العلاء بن أيوب الموصلي
8470	١٦٧ - البوسي الحسن بن عبد الأعلى بن إبراهيم
8470	١٦٨ - ابن برة إبراهيم بن محمد بن برة الصنعاني
8471	١٦٩ - الشبامي إبراهيم بن محمد بن عبد الله بن سويد
8471	١٧٠ - بشر بن موسى بن صالح بن شيخ بن عميرة الأسدي
8474	١٧٢ - إبراهيم بن نصر بن عبد العزيز الرازي
8475	١٧٣ - إبراهيم الحربي أبو إسحاق بن إسحاق البغدادي
8492	١٧٤ - أحمد بن سلمة بن عبد الله أبو الفضل النيسابوري
8492	١٧٥ - المستملي أبو عمرو أحمد بن المبارك
8494	١٧٦ - ابن عاصم أبو العباس أحمد بن محمد الرازي
8495	١٧٧ - الحمار أبو جعفر أحمد بن موسى بن إسحاق
8496	١٧٨ - العنبري أبو إسحاق إبراهيم بن إسماعيل
8497	١٧٩ - الجلاجلي أبو السري موسى بن الحسن بن عباد
8497	١٨٠ - عثمان بن خرزاذ أبو عمرو بن أبي أحمد
8501	١٨١ - عمرو بن منصور أبو سعيد النسائي
8501	١٨٢ - عبد العزيز بن معاوية بن عبد العزيز بن محمد بن أمية القرشي
8502	١٨٣ - محمد بن المغيرة بن سنان الضبي الهمذاني
8503	١٨٤ - أحمد بن أصرم بن خزيمة بن عباد بن عبد الله المزني
8504	١٨٥ - عبيد بن عبد الواحد بن شريك البغدادي البزار
8505	١٨٦ - الباغندي أبو بكر محمد بن سليمان بن الحارث
8507	١٨٧ - الحارث بن محمد بن أبي أسامة التميمي
8509	١٨٨ - تمتام أبو جعفر محمد بن غالب الضبي البصري
8512	١٨٩ - البرلسي أبو إسحاق إبراهيم بن أبي داود
8513	١٩٠ - الأزرق أبو بكر محمد بن الفرج بن محمود
8514	١٩١ - محمد بن مسلمة بن الوليد أبو جعفر الواسطي
8516	١٩٢ - ابن أبي الدنيا عبد الله بن محمد بن عبيد
8523	١٩٣ - المنجم أبو عبد الله هارون بن علي بن يحيى
8524	١٩٤ - أبو أحمد يحيى بن علي بن يحيى المنجم
8524	١٩٥ - سنجة أبو عمر حفص بن عمر بن الصباح الرقي
8525	١٩٦ - رافع بن هرثمة
8526	١٩٧ - البرتي أبو العباس أحمد بن محمد بن عيسى
8529	١٩٨ - الحربي أبو يعقوب إسحاق بن الحسن بن ميمون
8530	١٩٩ - البلدي أبو إسحاق إبراهيم بن الهيثم
8531	٢٠٠ - علي بن محمد بن عبد الملك بن أبي الشوارب الأموي
8532	٢٠١ - خير بن عرفة أبو طاهر المصري
8533	٢٠٢ - الحسين بن الفضل بن عمير أبو علي البجلي
8535	٢٠٣ - الدبري أبو يعقوب إسحاق بن إبراهيم بن عباد
8537	٢٠٤ - محمد بن يحيى بن المنذر أبو سليمان البصري
8537	٢٠٥ - الخزاز أبو جعفر أحمد بن علي البغدادي
8538	٢٠٦ - أحمد بن علي الدمشقي الخراز
8538	٢٠٧ - الخراز أبو سعيد أحمد بن عيسى البغدادي
8541	٢٠٨ - أبو حنيفة أحمد بن داود الدينوري
8542	الطبقة السادسة عشرة
8542	٢٠٩ - الكجي أبو مسلم إبراهيم بن عبد الله
8544	٢١٠ - بكر بن سهل الهاشمي
8546	٢١١ - الحسين بن فهم أبو علي البغدادي
8547	٢١٢ - الصائغ أبو عبد الله محمد بن علي المكي
8548	٢١٣ - ماغمه أبو الحسن علي بن عبد الصمد الطيالسي
8548	٢١٤ - ابن بشار أبو القاسم عثمان بن سعيد البغدادي
8549	٢١٥ - ابن أبي عاصم أحمد بن عمرو أبو بكر الشيباني
8558	٢١٦ - الحكيم أبو عبد الله محمد بن علي الترمذي
8561	٢١٧ - الصوري أبو علي الحسن بن جرير
8562	٢١٨ - الأبار أبو العباس أحمد بن علي
8564	٢١٩ - ابن وضاح أبو عبد الله محمد بن وضاح المرواني
8565	٢٢٠ - خمارويه بن أحمد بن طولون التركي
8567	٢٢١ - السرخسي أبو العباس أحمد بن الطيب
8568	٢٢٢ - ابن الضريس أبو عبد الله محمد بن أيوب الرازي
8572	٢٢٣ - العلاف أبو زكريا يحيى بن أيوب المصري
8573	٢٢٤ - الحكاني أبو الحسن علي بن محمد بن عيسى الخزاعي
8574	٢٢٥ - القراطيسي أبو يزيد يوسف بن يزيد المصري
8578	٢٢٧ - الخشني أبو الحسن محمد بن عبد السلام
8579	٢٢٨ - أبو عبد الله محمد بن عبد السلام بن بشار النيسابوري
8581	٢٢٩ - يحيى بن عمر بن يوسف أبو زكريا الأندلسي
8582	٢٣٠ - المعتضد بالله أحمد بن الموفق بالله الخليفة
8598	٢٣١ - المكتفي بالله الخليفة علي ابن المعتضد بالله
8604	٢٣٢ - ثابت بن قرة الصابىء
8605	٢٣٣ - البحتري أبو عبادة الوليد بن عبيد
8606	٢٣٤ - ابن الأغلب أبو إسحاق إبراهيم بن أحمد التميمي
8608	٢٣٥ - أحمد بن خليد أبو عبد الله الكندي الحلبي
8608	٢٣٦ - أخو السراج إبراهيم بن إسحاق بن إبراهيم الثقفي
8609	٢٣٧ - أبو محمد إسماعيل بن إسحاق الثقفي السراج
8609	٢٣٨ - المغازلي أبو بكر بن المنذر البغدادي
8610	٢٣٩ - أبو قبيصة محمد بن عبد الرحمن الكوفي
8611	٢٤٠ - محمد بن محمد بن رجاء بن السندي الإسفراييني
8612	٢٤١ - إبراهيم بن معقل بن الحجاج النسفي
8612	٢٤٢ - الغسيلي إبراهيم بن إسحاق الأنصاري
8613	٢٤٣ - ابن مسروق أحمد بن محمد البغدادي
8614	٢٤٤ - ابن الرومي أبو الحسن علي بن العباس
8615	٢٤٥ - تميم بن محمد بن طمغاج الطوسي
8616	٢٤٦ - عبيد الله بن سليمان بن وهب أبو القاسم
8618	٢٤٧ - القباني أبو علي الحسين بن محمد
8622	٢٤٨ - عبد الله بن أبي الخوارزمي
8624	٢٤٩ - ابن الرواس عبد الرحمن بن القاسم الهاشمي
8624	٢٥٠ - الخزاعي أبو العباس أحمد بن محمد
8625	٢٥١ - القطراني أبو بكر أحمد بن عمرو بن حفص
8626	٢٥٢ - خياط السنة زكريا بن يحيى السجزي
8627	٢٥٣ - ابن خراش عبد الرحمن بن يوسف المروزي
8629	٢٥٤ - المعمري أبو علي الحسن بن علي بن شبيب
8634	٢٥٥ - ابن سهل أبو العباس أحمد بن سهل النيسابوري
8635	٢٥٦ - ابن سهل محمد بن علي بن سهل الأنصاري
8635	٢٥٧ - عبد الله بن أحمد بن محمد بن حنبل بن هلال الشيباني
8645	٢٥٨ - الحسن بن المثنى بن معاذ بن معاذ العنبري
8646	٢٥٩ - معاذ بن المثنى أبو المثنى
8646	٢٦٠ - المروزي أبو بكر أحمد بن علي بن سعيد
8648	٢٦١ - البلخي أبو علي عبد الله بن محمد
8649	٢٦٢ - ابن سلم عبد الرحمن بن محمد الرازي
8650	٢٦٣ - ابن عبدوس أبو أحمد محمد بن عبدوس السلمي
8650	٢٦٤ - عبيد الله بن يحيى بن يحيى بن كثير بن وسلاس الليثي
8652	٢٦٥ - زغبة أبو جعفر أحمد بن حماد التجيبي
8652	٢٦٦ - ابن ملحان أبو عبد الله أحمد بن إبراهيم البلخي
8653	٢٦٧ - ابن أسد أبو عبد الله محمد بن أسد المديني
8654	٢٦٨ - بهلول بن إسحاق بن بهلول بن حسان التنوخي
8655	٢٦٩ - دران أبو بكر محمد بن معاذ بن سفيان البصري
8655	٢٧٠ - أبو شعيب الحراني عبد الله بن الحسن
8657	٢٧١ - نصرك أبو محمد نصر بن أحمد الكندي
8658	٢٧٢ - القاضي أبو خازم عبد الحميد بن عبد العزيز السكوني
8660	٢٧٣ - الجارودي أبو بكر محمد بن النضر
8663	٢٧٤ - القاسم بن خالد بن قطن أبو سهل المروزي
8663	٢٧٥ - محمد بن إسحاق بن راهويه أبو الحسن الحنظلي
8664	٢٧٦ - أبو جعفر الترمذي محمد بن أحمد بن نصر
8666	٢٧٧ - إبراهيم بن أبي طالب أبو إسحاق النيسابوري
8671	٢٧٨ - ابن مساور أبو جعفر أحمد بن القاسم الجوهري
8672	٢٧٩ - بحشل أسلم بن سهل بن سلم الواسطي
8673	٢٨٠ - أبو علاثة محمد بن أحمد بن عياض بن أبي طيبة
8673	٢٨١ - البزار أبو بكر أحمد بن عمرو البصري
8677	٢٨٢ - عبيد بن غنام ابن القاضي حفص بن غياث الكوفي
8678	٢٨٣ - ابن علويه أبو محمد الحسن بن علي البغدادي
8679	٢٨٤ - أبو عمرو الخفاف أحمد بن نصر بن إبراهيم
8683	٢٨٥ - أحمد بن النضر بن عبد الوهاب النيسابوري
8685	٢٨٦ - الأخفش هارون بن موسى بن شريك التغلبي
8685	٢٨٧ - محمد بن جعفر بن أعين أبو بكر البغدادي
8686	٢٨٨ - القتات أبو عمر محمد بن جعفر الكوفي
8687	٢٨٩ - أبو عبد الله محمد بن الحسن بن سماعة الحضرمي
8687	٢٩٠ - ابن الإمام محمد بن جعفر بن محمد الربعي
8688	٢٩١ - الوادعي محمد بن الحسين بن حبيب الكوفي
8688	٢٩٢ - المازني أبو العباس محمد بن حيان
8689	٢٩٣ - يحيى بن منصور بن حسن السلمي
8690	٢٩٤ - أحمد بن نجدة بن العريان أبو الفضل الهروي
8690	٢٩٥ - الطهماني أبو العباس عيسى بن محمد
8692	٢٩٦ - عيسى بن مسكين أبو محمد الإفريقي
8692	٢٩٧ - القاضي أبو نعيم الفضل بن عبد الله التميمي
8693	٢٩٨- جعفر بن محمد بن سوار أبو محمد النيسابوري
8695	٢٩٩ - المبرد أبو العباس محمد بن يزيد بن عبد الأكبر
8696	٣٠٠ - العكبري أبو محمد خلف بن عمرو
8698	٣٠١ - البيهقي أبو سليمان داود بن الحسين بن عقيل
8698	٣٠٢ - موسى بن إسحاق بن موسى بن عبد الله بن موسى
8710	الجزء ١٤ [طبقة ١٦، ١٧، ١٨]
8710	تابع: الطبقة السادسة عشرة
8710	١ - ثعلب أبو العباس أحمد بن يحيى بن يزيد الشيباني
8712	٢ - أبو خليفة الفضل بن الحباب الجمحي
8716	٣ - عبدوس عبد الله بن محمد بن مالك النيسابوري
8717	٤ - صباح بن عبد الرحمن بن الفضل المرسي
8718	٥ - عبدان بن محمد بن عيسى أبو محمد المروزي
8720	٦ - جعفر بن أحمد بن أبي عبد الرحمن الشاماتي
8721	٧ - علي بن الحسين بن الجنيد أبو الحسن النخعي
8722	٨ - هارون بن خمارويه بن أحمد بن طولون التركي
8723	٩ - القاسم بن عبيد الله بن سليمان الحارثي
8725	١٠ - قاتل قتيبة أبو بكر عبد الصمد بن هارون القيسي
8726	١١ - محمد بن عثمان بن أبي شيبة أبو جعفر العبسي
8728	١٢ - صالح بن محمد بن عمرو بن حبيب الأسدي جزرة
8738	١٣ - محمد بن نصر بن الحجاج المروزي أبو عبد الله
8745	١٤ - الناشي الكبير عبد الله بن محمد الأنباري
8746	١٥ - مطين أبو جعفر محمد بن عبد الله الحضرمي
8747	١٦ - عبد الله ابن المعتز بالله محمد الهاشمي
8749	١٧ - إدريس بن عبد الكريم الحداد أبو الحسن البغدادي
8750	١٨ - يحيى بن عبد الباقي بن يحيى أبو القاسم الأذني
8751	١٩ - النوشري أبو موسى عيسى بن محمد
8751	٢٠ - جعفر بن محمد بن الحسين بن عبيد الله النيسابوري
8753	٢١ - المروزي أبو بكر محمد بن يحيى بن سليمان
8754	٢٢ - ابن أبي سويد محمد بن عثمان البصري
8755	٢٣ - حامد بن سهل أبو محمد البخاري
8756	٢٤ - يوسف بن موسى المروالروذي
8756	٢٥ - العباس بن الحسن بن أيوب أبو أحمد الجرجرائي
8760	٢٦ - الغزي الحسن بن الفرج
8761	٢٧ - محمد بن يزيد بن محمد بن عبد الصمد الهاشمي
8762	٢٨ - الحسين بن إسحاق بن إبراهيم التستري الدقيق
8762	٢٩ - عمرو بن عثمان بن كرب بن غصص المكي
8763	٣٠ - الشيعي الحسين بن أحمد بن محمد الصنعاني
8764	٣١ - الريوندي أبو الحسن أحمد بن يحيى بن إسحاق
8767	٣٢ - ابن طاهر أبو أحمد عبيد الله بن عبد الله الخزاعي
8767	٣٣ - أبو عثمان الحيري سعيد بن إسماعيل بن سعيد
8771	٣٤ - أبو القاسم الجنيد بن محمد بن الجنيد النهاوندي
8775	٣٥ - أبي الحسين النوري الخراساني
8782	٣٦ - البرذعي أبو عثمان سعيد بن عمرو بن عمار
8783	٣٧ - الوليد بن حماد بن جابر الرملي
8784	٣٨ - إبراهيم بن محمود بن حمزة النيسابوري
8785	٣٩ - الأصبهاني محمد بن عبد الرحيم بن إبراهيم
8786	٤٠ - المري أبو بكر أحمد بن محمد بن الوليد
8786	٤١ - أبو الآذان عمر بن إبراهيم البغدادي
8787	٤٢ - قرطمة أبو عبد الله محمد بن علي البغدادي
8788	٤٣ - ابن صدقة أبو بكر أحمد بن محمد البغدادي
8789	٤٤ - قنبل أبو عمر محمد بن عبد الرحمن المخزومي
8790	٤٥ - يوسف القاضي بن يعقوب الأزدي
8792	٤٦ - علي بن أبي طاهر أبو الحسن القزويني
8793	٤٧ - الخفاف عبد الله بن أحمد بن عبد السلام
8794	٤٨ - ابن الصفار أبو عبد الله محمد بن غالب القرطبي
8795	٤٩ - عبيد العجل أبو علي الحسين بن محمد البغدادي
8796	٥٠ - البربري أبو أحمد محمد بن موسى بن حماد
8797	٥١ - البراثي أبو العباس أحمد بن محمد بن خالد
8798	٥٢ - محمد بن حبان بن الأزهر أبو بكر البصري
8798	٥٣ - محمد بن حبان بن بكر بن عمرو الباهلي البصري
8801	الطبقة السابعة عشر
8801	٥٤ - الفريابي جعفر بن محمد بن الحسن بن المستفاض
8816	٥٥ - ابن سيد حمدويه محمد بن أحمد الهاشمي
8817	٥٦ - ابن بسام علي بن محمد بن نصر البغدادي
8818	٥٧ - الحسين بن إدريس بن مبارك بن الهيثم الأنصاري
8819	٥٨ - السامي أبو عبد الله محمد بن عبد الرحمن الهروي
8820	٥٩ - الهسنجاني إبراهيم بن يوسف بن خالد بن سويد
8822	٦٠ - الإسماعيلي أبو بكر محمد بن إسماعيل بن مهران
8823	٦١ - إبراهيم بن أسباط بن السكن الكوفي البزاز
8824	٦٢ - حماد بن مدرك أبو الفضل الفارسي الفسنجاني
8825	٦٤ - إبراهيم بن شريك بن الفضل أبو إسحاق الأسدي
8826	٦٥ - النخعي أبو علي الحسين بن علي بن محمد
8827	٦٦ - البرديجي أبو بكر أحمد بن هارون بن روح
8830	٦٧ - النسائي أبو عبد الرحمن أحمد بن شعيب بن علي
8841	٦٨ - ابن مجاشع عمران بن موسى الجرجاني
8842	٦٩ - محمد بن علي بن مخلد بن فرقد الأصبهاني
8843	٧٠ - محمد بن نصير بن أبان أبو عبد الله المديني
8843	٧١ - الوكيعي أبو العلاء محمد بن أحمد بن جعفر
8844	٧٢ - البسامي أبو الحسن علي بن أحمد بن منصور
8845	٧٤ - إسحاق بن إبراهيم البستي
8846	٧٥ - المنجنيقي أبو يعقوب إسحاق بن إبراهيم بن يونس
8847	٧٦ - ابن متويه أبو إسحاق إبراهيم بن محمد بن الحسن
8848	٧٧ - ابن زنجويه محمد بن زنجويه بن الهيثم القشيري
8849	٧٨ - الرسعني أبو صالح القاسم بن الليث بن مسرور
8849	٧٩ - ابن الأخرم محمد بن العباس بن أيوب الأصبهاني
8850	٨٠ - علي بن سعيد بن بشير بن مهران الرازي
8851	٨١ - الفرهياني أبو محمد عبد الله بن محمد بن سيار
8853	٨٢ - الوشاء أبو بكر أحمد بن محمد بن عبد العزيز
8853	٨٣ - أبو معشر الدارمي الحسن بن سليمان بن نافع
8854	٨٤ - المطرز أبو بكر القاسم بن زكريا بن يحيى
8855	٨٥ - طريف بن عبيد الله الموصلي
8855	٨٦ - حمزة بن محمد بن عيسى أبو علي الجرجاني
8856	٨٧ - عباد بن علي بن مرزوق أبو يحيى السيريني
8857	٨٨ - الصوفي أحمد بن الحسن بن عبد الجبار بن راشد
8858	٨٩ - الصوفي الصغير أحمد بن الحسين بن إسحاق
8859	٩٠ - صاحب خراسان الأمير أبو إبراهيم إسماعيل ابن الملك أحمد
8860	٩١ - صاحب الأندلس عبد الله بن محمد بن عبد الرحمن
8862	٩٢ - الحسن بن سفيان بن عامر بن عبد العزيز الشيباني
8868	٩٣ - ابن رسته أبو عبد الله محمد بن عبد الله الضبي
8868	٩٤ - ابن فرح أحمد بن فرح بن جبريل العسكري
8869	٩٥ - ابن ناجية أبو محمد عبد الله بن محمد البربري
8871	٩٦ - ابن شيرويه عبد الله بن محمد القرشي
8873	٩٧ - عبدان عبد الله بن أحمد بن موسى بن زياد الأهوازي
8878	٩٨ - ابن الصقر أحمد بن الصقر بن ثوبان الطرسوسي
8878	٩٩ - ابن الصقر عبد الله بن الصقر بن نصر البغدادي
8879	١٠٠ - أبو يعلى أحمد بن علي بن المثنى التميمي
8887	١٠١ - أحمد بن إبراهيم بن عبد الله النيسابوري
8888	١٠٢ - الجبائي أبو علي محمد بن عبد الوهاب البصري
8890	١٠٣ - أبو قصي إسماعيل بن محمد بن إسحاق العذري
8891	١٠٤ - ابن قيراط أبو علي إسماعيل بن محمد العذري
8891	١٠٥ - ابن أبي غيلان عمر بن إسماعيل الثقفي
8892	١٠٦ - الصفار أبو محمد خالد بن محمد بن خالد
8893	١٠٧ - ابن مندة أبو عبد الله محمد بن يحيى العبدي
8898	١٠٨ - الأنماطي إبراهيم بن إسحاق بن يوسف
8899	١٠٩ - المهلبي أبو عمران إبراهيم بن هانىء بن خالد
8899	١١٠ - السمناني عبد الله بن محمد بن عبد الله
8901	١١١ - ابن الجرجرائي جعفر بن أحمد بن محمد
8901	١١٢ - المخرمي إبراهيم بن عبد الله بن محمد بن أيوب
8902	١١٣ - الساجي زكريا بن يحيى بن عبد الرحمن
8906	١١٤ - ابن سريج أبو العباس أحمد بن عمر البغدادي
8910	١١٥ - ابن مقبل أبو محمد بكر بن أحمد الهاشمي
8910	١١٦ - ابن الحداد سعيد بن محمد بن صبيح المغربي
8920	١١٧ - حماس الهمداني أبو القاسم بن مروان بن سماك
8920	١١٨ - ابن البردون إبراهيم بن محمد الضبي
8922	١١٩ - ابن خيرون أبو جعفر محمد بن خيرون المعافري
8922	١٢٠ - الحصيري أبو محمد جعفر بن أحمد بن نصر
8925	١٢١ - الخياط عبد الرحيم بن محمد بن عثمان
8925	١٢٢ - محمد بن محمد بن عقبة بن الوليد الشيباني
8926	١٢٣ - شكر محمد بن المنذر بن سعيد السلمي
8927	١٢٤ - السراج أبو عبد الله محمد بن إبراهيم بن أبان
8927	١٢٥ - المهلبي عبد الرحمن بن عبد المؤمن بن خالد
8928	١٢٦ - تكين الأمير أبو منصور التركي الخزري
8930	١٢٧ - القزويني محمد بن مسعود بن الحارث
8931	١٢٨ - ابن حبيب موسى بن عبد الرحمن الإفريقي
8931	١٢٩ - الأشناني أبو العباس أحمد بن سهل بن الفيزران
8932	١٣٠ - ابن أبي الدميك محمد بن طاهر البغدادي
8934	١٣١ - العمري أبو إسحاق إبراهيم بن علي بن إبراهيم
8934	١٣٢ - الفزاري أبو الفضل العباس بن محمد
8935	١٣٣ - ابن عبد الصمد عبد الصمد بن عبد الله القرشي
8935	١٣٤ - ابن فياض محمد بن أحمد بن عبيد العثماني
8936	١٣٥ - أبو زرعة القاضي محمد بن عثمان الثقفي
8938	١٣٦ - أبو الخيار هارون بن نصر الأندلسي
8939	١٣٧ - الجوزي أبو إسحاق إبراهيم بن موسى التوزي
8939	١٣٨ - رويم أبو الحسن بن أحمد بن يزيد البغدادي
8941	١٣٩ - القمي أبو الحسن علي بن موسى بن يزيد
8942	١٤٠ - وكيع أبو بكر محمد بن خلف بن حيان الضبي
8943	١٤١ - منصور بن إسماعيل أبو الحسن التميمي الشافعي
8944	١٤٢ - الجارودي أبو جعفر أحمد بن علي بن محمد
8944	١٤٣ - ابن الجارود أبو محمد عبد الله بن علي
8947	١٤٤ - محمود بن محمد بن منويه أبو عبد الله الواسطي
8948	١٤٥ - عبد الله بن صالح بن عبد الله بن الضحاك البخاري
8948	١٤٦ - الأعرج يحيى بن زكريا بن يحيى النيسابوري
8949	١٤٧ - أبو شيبة البغدادي داود بن إبراهيم بن داود
8950	١٤٨ - السقطي أبو حفص عمر بن أيوب بن إسماعيل
8950	١٤٩ - ابن الدرفس محمد بن العباس الغساني
8951	١٥٠ - ابن زنجويه أحمد بن زنجويه بن موسى المخرمي
8952	١٥١ - العامري أبو الحسن أحمد بن محمد بن حسن
8952	١٥٢ - يموت بن المزرع بن يموت بن عيسى العبدي
8953	١٥٣ - يوسف بن الحسين الرازي أبو يعقوب
8956	١٥٤ - ابن الجلاء أبو عبد الله أحمد بن يحيى
8959	١٥٨ - أبو حفص عمر بن الحسن بن نصر الحلبي
8959	١٥٩ - الدويري محمد بن عبد الله بن يوسف
8960	١٦٠ - ابن عطاء أحمد بن محمد بن سهل الأدمي
8961	١٦١ - الوشاء أبو علي الحسن بن محمد بن عنبر
8962	١٦٢ - ابن البرتي أبو خبيب العباس بن أحمد بن محمد
8962	١٦٣ - الجندي أبو سعيد المفضل بن محمد بن إبراهيم
8963	١٦٤ - الفرغاني أبو العباس حاجب بن مالك بن أركين
8964	١٦٥ - ابن ذريح أبو جعفر محمد بن صالح البغدادي
8965	١٦٦ - الحسن بن الطيب بن حمزة أبو علي الشجاعي
8966	١٦٧ - الجوني موسى بن سهل بن عبد الحميد
8966	١٦٨ - الهيثم بن خلف بن محمد بن عبد الرحمن الدوري
8967	١٦٩ - الشطوي أبو أحمد هارون بن يوسف
8968	١٧٠ - محمد بن شادل بن علي أبو العباس الهاشمي
8969	١٧١ - ابن المرزبان أبو بكر محمد بن خلف المحولي
8970	١٧٢ - جعفرك أبو محمد جعفر بن محمد بن موسى
8970	١٧٣ - ابن جميل إسحاق بن إبراهيم بن محمد الأصبهاني
8971	١٧٤ - العثماني أبو عمر عبيد الله بن عثمان الأموي
8972	١٧٥ - محمد بن جرير بن يزيد بن كثير الطبري
8987	١٧٦ - محمد بن جرير بن رستم أبو جعفر الطبري
8988	١٧٧ - علي بن سراج أبو الحسن بن أبي الأزهر الحرشي
8989	١٧٨ - عبد الرحمن بن الحسين بن خالد النيسابوري
8990	١٧٩ - ابن جابر أبو إسحاق إبراهيم بن جابر البغدادي
8991	١٨٠ - ابن مكرم أبو بكر محمد بن الحسين البغدادي
8991	١٨١ - القطان أبو علي الحسين بن عبد الله بن يزيد
8992	١٨٢ - الطوسي أبو علي الحسن بن علي بن نصر
8993	١٨٣ - الوليد بن أبان بن بونة أبو العباس الأصبهاني
8994	١٨٤ - الخزاعي أبو محمد إسحاق بن أحمد بن إسحاق
8995	١٨٥ - المنبجي أبو بكر عمر بن سعيد بن أحمد
8996	١٨٦ - البلخي أبو العباس حامد بن محمد بن شعيب
8997	١٨٧ - ابن ميسر أبو بكر أحمد بن محمد بن خالد
8997	١٨٨ - الحاسب أبو أحمد إسماعيل بن موسى البغدادي
8997	١٨٩ - ابن قتيبة أبو العباس محمد بن الحسن اللخمي
8999	١٩٠ - عبد الله بن عروة أبو محمد الهروي
9000	١٩١ - ابن النفاح محمد بن محمد بن عبد الله الباهلي
9001	١٩٢ - السجزي أبو العباس أحمد بن محمد بن الأزهر
9002	١٩٣ - الخلال أبو بكر أحمد بن محمد بن هارون
9004	١٩٤ - أبو جعفر بن حمدان أحمد بن حمدان بن علي
9008	١٩٥ - ابن الأشقر عبد الله بن محمد بن عبد الرحمن
9009	١٩٦ - أبو قريش محمد بن جمعة بن خلف القهستاني
9011	١٩٧ - المقدسي أبو محمد عبد الله بن محمد بن سلم
9012	١٩٨ - ابن أخي الإمام عبد الرحمن بن عبيد الله الهاشمي
9012	١٩٩ - أبو محمد عبد الرحمن بن عبيد الله بن أحمد الأسدي
9013	٢٠٠ - جعفر بن أحمد بن سنان بن أسد الواسطي القطان
9014	٢٠١ - الدولابي أبو بشر محمد بن أحمد بن حماد
9016	٢٠٢ - المروزي أبو عبد الله محمد بن علي بن إبراهيم
9016	٢٠٣ - ابن سفيان إبراهيم بن محمد النيسابوري
9018	٢٠٤ - الكعبي أبو القاسم عبد الله بن أحمد بن محمود
9018	٢٠٥ - الحلاج الحسين بن منصور بن محمي
9059	٢٠٦ - محمد بن زكريا الرازي الطبيب
9060	٢٠٧ - ابن المغلوب أبو عمر ميمون بن عمر المغربي
9061	٢٠٨ - حامد بن العباس أبو الفضل الخراساني
9065	٢٠٩ - الزجاج أبو إسحاق إبراهيم بن محمد بن السري
9066	٢١٠ - ابن اليزيدي محمد بن العباس بن محمد
9066	٢١١ - الضبي أبو الطيب محمد بن المفضل بن سلمة
9067	٢١٢ - أبو طالب المفضل بن سلمة
9067	٢١٣ - التستري أبو جعفر أحمد بن يحيى بن زهير
9070	٢١٤ - ابن خزيمة محمد بن إسحاق بن خزيمة بن صالح بن بكر السلمي
9088	٢١٥ - الباغندي محمد بن محمد بن سليمان بن الحارث
9093	٢١٦ - السراج محمد بن إسحاق بن إبراهيم بن مهران
9104	٢١٧ - السعدي عبد الله بن محمود بن عبد الله
9105	٢١٨ - ابن وهب عبد الله بن محمد بن وهب الدينوري
9107	٢١٩ - ابن بجير عمر بن محمد بن بجير الهمداني
9109	٢٢٠ - ابن معدان محمد بن أحمد بن راشد الثقفي
9110	٢٢١ - الماسرجسي أحمد بن محمد بن الحسين
9111	٢٢٢ - جماهر بن محمد بن أحمد بن حمزة الغساني
9112	٢٢٣ - الغازي أبو الحسين محمد بن إبراهيم بن شعيب
9113	٢٢٤ - ابن عبدة محمد بن عبدة بن حرب العباداني
9115	٢٢٥ - ابن عبيدة أحمد بن محمد بن عبيدة النيسابوري
9116	٢٢٦ - ابن سلم علي بن الحسن بن سلم الأصبهاني
9117	٢٢٧ - ابن حيون محمد بن إبراهيم بن حيون الأندلسي
9118	٢٢٨ - السنجي أبو علي الحسين بن محمد بن مصعب
9120	٢٢٩ - محمد بن عقيل بن الأزهر بن عقيل البلخي
9121	٢٣٠ - ابن أسيد أبو محمد عبد الله بن أحمد الأصبهاني
9122	٢٣١ - أبو عوانة يعقوب بن إسحاق بن إبراهيم النيسابوري
9127	٢٣٢ - الأرغياني محمد بن المسيب بن إسحاق
9131	٢٣٣ - السجستاني أحمد بن محمد بن الفضل
9132	٢٣٤ - محمد بن الفيض بن محمد بن الفياض الغساني
9133	٢٣٥ - محمد بن خريم بن محمد بن عبد الملك بن مروان
9135	٢٣٦ - المقانعي أبو الحسن علي بن العباس بن الوليد
9136	٢٣٧ - ابن صاحب الحسن بن صاحب بن حميد الشاشي
9137	٢٣٨ - الغضائري علي بن عبد الحميد بن عبد الله
9138	٢٣٩ - الأستراباذي أبو بكر محمد بن يوسف بن حماد
9138	٢٤٠ - الرياني أبو جعفر محمد بن أحمد بن أبي عون
9140	٢٤١ - ابن قديد أبو القاسم علي بن الحسن بن خلف
9141	٢٤٢ - ابن المجدر محمد بن هارون بن حميد البغدادي
9141	٢٤٣ - عبد الله بن زيدان بن بريد بن رزين بن ربيع بن قطن البجلي
9142	٢٤٤ - المدائني عبد الله بن إسحاق بن إبراهيم
9143	٢٤٥ - عبدوس بن أحمد بن عباد أبو محمد الثقفي
9145	٢٤٦ - ابن سيف عبد الله بن مالك بن عبد الله التجيبي
9145	٢٤٧ - البغوي عبد الله بن محمد بن عبد العزيز
9162	٢٤٨ - أبو صخرة عبد الرحمن بن محمد السامي
9162	٢٤٩ - عيسى بن سليمان بن عبد الملك القرشي
9163	٢٥٠ - الطيالسي أبو عبد الله محمد بن إبراهيم بن زياد
9166	الطبقة الثامنة عشر
9166	٢٥١ - الذهبي أبو بكر أحمد بن محمد بن حسن
9167	٢٥٢ - ابن سابور أحمد بن عبد الله البغدادي
9168	٢٥٣ - العسكري أبو الحسن علي بن سعيد بن عبد الله
9169	٢٥٤ - أبو لبيد محمد بن إدريس بن إياس السامي
9170	٢٥٥ - الفرائضي أبو الليث نصر بن القاسم
9171	٢٥٦ - أبو بكر أحمد بن القاسم
9172	٢٥٧ - الجريري أبو محمد الزاهد
9173	٢٥٨ - البهراني محمد بن تمام بن صالح
9173	٢٥٩ - الشعراني محمد بن حفص بن محمد بن يزيد
9174	٢٦٠ - ابن الجصاص الحسين بن عبد الله البغدادي
9179	٢٦١ - ابن خاقان عبد الله بن محمد الخاقاني
9179	٢٦٢ - ابن الفرات علي بن محمد بن موسى العاقولي
9184	٢٦٣ - أبو الفتح الفضل بن جعفر بن محمد بن موسى بن الحسن بن الفرات
9185	٢٦٤ - الصيمري أبو عبد الله محمد بن عمر
9185	٢٦٥ - الأخفش أبو الحسن علي بن سليمان بن الفضل
9187	٢٦٦ - ابن وقدان سليمان بن داود بن كثير الطوسي
9188	٢٦٧ - ابن بهلول أبو سعد داود بن الهيثم بن إسحاق
9188	٢٦٨ - ابن السراج أبو بكر محمد بن السري البغدادي
9189	٢٦٩ - الماليني أبو جعفر محمد بن معاذ بن فره
9190	٢٧٠ - حرمي بن أبي العلاء المكي أحمد بن محمد
9191	٢٧١ - الداركي أبو علي الحسن بن محمد بن الحسن
9191	٢٧٢ - إبراهيم بن خزيم بن قمير بن خاقان الشاشي
9192	٢٧٣ - عيسى بن عمر بن العباس بن حمزة بن عمرو بن أعين
9193	٢٧٤ - بنان الحمال أبو الحسن بن محمد بن حمدان
9195	٢٧٥ - ابن المنذر أبو بكر محمد بن إبراهيم النيسابوري
9197	٢٧٦ - أبو عمرو الحيري أحمد بن محمد بن أحمد
9198	٢٧٧ - الطوسي أبو الحسن محمد بن أحمد بن زهير
9200	٢٧٨ - ابن لبابة محمد بن يحيى بن عمر القرطبي
9201	٢٧٩ - علان علي بن أحمد بن سليمان المصري
9201	٢٨٠ - وصيف بن عبد الله أبو علي الرومي الأنطاكي
9202	٢٨١ - ابن البهلول أبو جعفر أحمد بن إسحاق التنوخي
9205	٢٨٢ - الطرميسي الحسن بن يوسف بن يعقوب
9206	٢٨٣ - ابن صاعد يحيى بن محمد بن صاعد بن كاتب
9212	٢٨٤ - الروياني أبو بكر محمد بن هارون
9215	٢٨٥ - أبو عروبة الحسين بن محمد بن مودود السلمي
9217	٢٨٦ - ابن طلاب أبو الجهم أحمد بن الحسين بن أحمد
9218	٢٨٧ - سعيد بن عبد العزيز بن مروان أبو عثمان الحلبي
9219	٢٨٨ - العلاف أبو بكر الحسن بن علي بن أحمد
9223	٢٨٩ - البتاني أبو عبد الله محمد بن جابر بن سنان
9224	٢٩٠ - محمد بن زبان بن حبيب أبو بكر الحضرمي
9225	٢٩١ - ابن معدان أبو الحسن علي بن الحسين الفارسي
9225	٢٩٢ - ابن المغلس أبو عبد الله أحمد بن محمد
9226	٢٩٣ - جعفر بن محمد بن المغلس
9226	٢٩٤ - ابن وردان أبو العباس إسماعيل بن داود المصري
9227	٢٩٥ - زنجويه أبو محمد بن محمد بن الحسن النيسابوري
9227	٢٩٦ - عبد الحكم بن أحمد بن محمد بن سلام الصدفي
9228	٢٩٧ - الباشاني أبو علي أحمد بن محمد بن علي
9228	٢٩٨ - واعظ بلخ محمد بن الفضل بن العباس البلخي
9231	٢٩٩ - ابن فيل الحسن بن أحمد بن إبراهيم البالسي
9232	٣٠٠ - أبي الوليد هشام بن عمار بن نصير
9233	٣٠١ - ابن ذيال الفضل بن أحمد بن منصور الزبيدي
9234	٣٠٢ - الخثعمي أبو جعفر محمد بن الحسين بن حفص
9234	٣٠٣ - ابن عليل محمد بن عبد الأعلى الأنصاري
9235	٣٠٤ - بدر بن الهيثم بن خلف أبو القاسم اللخمي
9236	٣٠٥ - الميرماهاني أبو يزيد محمد بن يحيى بن خالد
9237	٣٠٦ - المنكدري أبو بكر أحمد بن محمد بن عمر
9238	٣٠٧ - الكتاني أبو بكر محمد بن علي بن جعفر
9240	٣٠٨ - أبو علي الروذباري أحمد بن محمد بن القاسم
9241	٣٠٩ - ابن حربويه علي بن الحسين بن حرب البغدادي
9243	٣١٠ - الشهيد أبو الفضل محمد بن أحمد بن محمد
9246	٣١١ - الجوهري عبد الرحمن بن إسحاق بن محمد
9246	٣١٢ - أبو نعيم بن عدي عبد الملك بن محمد الجرجاني
9252	٣١٣ - الإسفراييني أبو بكر عبد الله بن محمد بن مسلم
9254	٣١٤ - أسلم بن عبد العزيز بن هاشم بن خالد الأموي
9255	٣١٥ - ابن عمروس إبراهيم بن عمروس بن محمد الفسطاطي
9255	٣١٦ - المروزي محمد بن إسماعيل بن إسحاق
9256	٣١٧ - الفضل بن الخصيب بن العباس بن نصر الأصبهاني
9258	٣١٨ - الأعمشي أبو حامد أحمد بن حمدون بن أحمد
9260	٣١٩ - أبو عمر القاضي محمد بن يوسف بن يعقوب
9262	٣٢٠ - الدغولي محمد بن عبد الرحمن بن محمد
9267	٣٢١ - ثابت بن حزم بن عبد الرحمن بن مطرف السرقسطي
9268	٣٢٢ - عبد الله بن مظاهر أبو محمد الأصبهاني
9269	٣٢٣ - القاضي الخياط محمد بن علي المروزي
9270	٣٢٤ - ابن قتيبة أحمد بن عبد الله بن مسلم البغدادي
9271	٣٢٥ - ابن أبي العزاقر أبو جعفر محمد بن علي
9274	٣٢٦ - الإلبيري أبو جعفر أحمد بن عمرو بن منصور
9276	الجزء ١٥ [طبقة ١٨، ١٩، ٢٠]
9276	تابع: الطبقة الثامنة عشرة
9276	١ - حماد بن شاكر بن سوية النسفي
9277	٢ - الطوسي أبو علي الحسن بن علي بن نصر
9279	٣ - ابن نيروز أبو بكر محمد بن إبراهيم
9280	٤ - الديبلي أبو جعفر محمد بن إبراهيم بن عبد الله
9281	٥ - الفربري أبو عبد الله محمد بن يوسف بن مطر
9284	٦ - الحميري أبو الحسن علي بن محمد بن هارون
9285	٧ - الترخمي أبو بكر محمد بن سعيد بن محمد
9286	٨ - ابن جوصا أحمد بن عمير بن يوسف
9292	٩ - المؤمل بن الحسن بن عيسى بن ماسرجس النيسابوري
9294	١٠ - أخو زبير الحافظ سعيد بن محمد بن أحمد البغدادي
9295	١١ - العسال أحمد بن عبد الوارث بن جرير
9296	١٢ - أبو حامد الحضرمي محمد بن هارون بن عبد الله
9296	١٣ - ابن مبشر علي بن عبد الله بن مبشر الواسطي
9297	١٤ - الزبير بن محمد بن أحمد أبو عبد الله البغدادي
9298	١٥ - الطحاوي أبو جعفر أحمد بن محمد بن سلامة
9304	١٦ - مكحول بن الفضل أبو مطيع النسفي
9304	١٧ - مكحول محمد بن عبد الله بن عبد السلام البيروتي
9305	١٨ - محمد بن نوح أبو الحسن الجنديسابوري الفارسي
9306	١٩ - إبراهيم بن حماد بن إسحاق بن إسماعيل
9307	٢٠ - الإمام أبو الحسن علي بن الحسن بن سعد الهمذاني
9308	٢١ - ابن الشرقي أحمد بن محمد بن الحسن النيسابوري
9311	٢٢ - أبو محمد عبد الله بن محمد بن الشرقي
9312	٢٣ - ابن أبي الأزهر محمد بن مزيد بن محمود الخزاعي
9314	٢٤ - المقتدر بالله أبو الفضل جعفر ابن المعتضد بالله أحمد
9327	٢٥ - مؤنس الخادم الأكبر الملقب بالمظفر المعتضدي
9328	٢٦ - الزبير بن أحمد بن سليمان بن عبد الله بن عاصم بن المنذر
9329	٢٧ - ابن خيران أبو علي الحسين بن صالح البغدادي
9331	٢٨ - تبوك بن أحمد بن تبوك بن خالد السلمي
9331	٢٩ - محمد بن حمدون بن خالد أبو بكر النيسابوري
9333	٣٠ - ابن مروان إبراهيم بن عبد الرحمن القرشي
9333	٣١ - محمد بن إبراهيم أبو عبد الله القرشي الدمشقي
9334	٣٢ - أبو هاشم الجبائي عبد السلام بن محمد بن عبد الوهاب
9335	٣٣ - ابن عتاب أبو العباس عبد الله الدمشقي
9336	٣٤ - ابن زياد النيسابوري أبو بكر عبد الله بن محمد
9339	٣٥ - أبو طالب أحمد بن نصر بن طالب البغدادي
9340	٣٦ - علي بن الفضل البلخي
9341	٣٧ - وكيل أبي صخرة أحمد بن عبد الله البغدادي
9341	٣٨ - مكي بن عبدان بن محمد بن بكر بن مسلم التميمي
9342	٣٩ - الهاشمي إبراهيم بن عبد الصمد بن موسى
9344	٤٠ - المحاربي أبو عبد الله محمد بن القاسم بن زكريا
9345	٤١ - الوراق أبو علي إسماعيل بن العباس بن عمر
9346	٤٢ - نفطويه أبو عبد الله إبراهيم بن محمد بن عرفة
9348	٤٣ - ابن المغلس عبد الله بن أحمد بن محمد البغدادي
9349	٤٤ - ابن مرداس الحسن بن علي بن الحسين
9349	٤٥ - القمودي أبو جعفر القمودي السوسي
9350	٤٦ - ابن فطيس محمد بن فطيس بن واصل
9351	٤٧ - محمد بن حمدويه بن سهل أبو نصر المروزي
9352	٤٨ - برداعس محمد بن بركة بن الحكم اليحصبي
9354	٤٩ - أحمد بن بقي بن مخلد أبو عمر القرطبي
9355	٥٠ - أبو صالح مفلح
9356	٥١ - الأشعري علي بن إسماعيل بن إسحاق
9361	٥٢ - البربهاري أبو محمد الحسن بن علي بن خلف
9364	٥٣ - عبد الله بن أحمد بن يوسف بن محمد بن حيان
9365	٥٤ - الخاقاني أبو مزاحم موسى بن عبيد الله بن يحيى
9366	٥٥ - تكين أبو منصور التركي الخزري
9367	٥٦ - ابن دريد محمد بن الحسن بن دريد بن عتاهية
9369	٥٧ - القاهر بالله محمد ابن المعتضد بالله أحمد
9374	٥٨ - الراضي بالله محمد ابن المقتدر بالله جعفر
9375	٥٩ - المتقي لله إبراهيم بن المقتدر بن المعتضد العباسي
9382	٦٠ - المستكفي بالله عبد الله بن المكتفي بن المعتضد
9384	٦١ - المطيع لله الفضل ابن المقتدر جعفر بن المعتضد
9389	٦٢ - الطائع لله عبد الكريم بن المطيع لله بن المقتدر
9398	٦٣ - القادر بالله أحمد ابن الأمير إسحاق بن المقتدر
9409	٦٤ - القائم بأمر الله عبد الله ابن القادر بالله بن إسحاق
9412	٦٥ - المهدي عبيد الله أبو محمد
9423	٦٦ - القائم أبو القاسم محمد ابن المهدي عبيد الله
9427	٦٧ - المنصور أبو الطاهر إسماعيل بن القائم بن المهدي
9430	٦٨ - المعز لدين الله معد ابن المنصور إسماعيل بن القائم
9438	٦٩ - العزيز بالله نزار ابن المعز معد بن إسماعيل
9444	٧٠ - الحاكم بأمر الله منصور بن العزيز بن المعز
9455	٧١ - الظاهر لإعزاز دين الله علي بن الحاكم بن العزيز
9457	٧٢ - المستنصر بالله معد بن الظاهر لإعزاز دين الله
9467	٧٣ - المستعلي بالله أحمد بن المستنصر بن الظاهر
9468	٧٤ - الآمر بأحكام الله منصور بن المستعلي
9470	٧٥ - الحافظ لدين الله عبد المجيد بن محمد بن المستنصر
9473	٧٦ - الظافر بالله إسماعيل بن الحافظ لدين الله
9476	٧٧ - الفائز بالله عيسى بن الظافر بن عبد المجيد
9478	٧٨ - العاضد لدين الله عبد الله بن يوسف بن الحافظ لدين الله
9486	٧٩ - مرداويج بن زيار الديلمي
9487	٨٠ - العزيري أبو بكر محمد بن عزير السجستاني
9488	٨١ - ابن الإخشيد أبو بكر أحمد بن علي بن بيغجور
9489	٨٢ - يوسف بن يعقوب بن الحسين أبو بكر الواسطي
9491	٨٣ - أبو عمرو يوسف بن يعقوب النيسابوري
9492	٨٤ - جحظة أبو الحسن أحمد بن جعفر بن موسى
9493	٨٥ - الباب أبو القاسم حسين بن روح بن بحر
9495	٨٦ - ابن مقلة أبو علي محمد بن علي بن حسن
9501	٨٧ - المرتعش أبو محمد عبد الله بن محمد النيسابوري
9503	٨٨ - المزين أبو الحسن البغدادي علي بن محمد
9503	٨٩ - النهرجوري أبو يعقوب إسحاق بن محمد
9504	٩٠ - ابن أخي أبي زرعة عبد الله بن محمد بن عبد الكريم
9505	٩١ - ابن بلبل محمد بن عبد الله بن عبد الرحمن
9506	٩٢ - الجويني أبو عمران موسى بن العباس الخراساني
9507	٩٣ - العقيلي أبو جعفر محمد بن عمرو بن موسى
9510	٩٤ - ابن رشدين عبد الرحمن بن أحمد بن محمد المهدي
9511	٩٥ - ابن الجباب أبو عمر أحمد بن خالد بن يزيد
9512	٤٩ - أحمد بن بقي بن مخلد القرطبي
9512	٩٦ - ابن أيمن أبو عبد الله محمد بن عبد الملك القرطبي
9514	٩٧ - ابن علك عمر بن أحمد بن علي المروزي
9516	٩٨ - ابن أخي رفيع عبد الله بن محمد بن حسن الكلاعي
9516	٩٩ - الرازي أبو بكر أحمد بن علي بن الحسين
9518	١٠٠ - النهاوندي عبد الله بن إسحاق بن سيامرد
9518	١٠١ - الملحمي أبو بكر أحمد بن إسحاق بن إبراهيم
9519	١٠٢ - الجوزجاني أبو عبد الله أحمد بن علي بن العلاء
9520	١٠٣ - الشهرزوري إبراهيم بن محمد بن عبيد
9521	١٠٤ - الإصطخري أبو سعيد الحسن بن أحمد بن يزيد
9523	١٠٥ - محمد بن يوسف بن بشر الهروي
9525	١٠٦ - محمد بن قاسم بن محمد بن قاسم بن محمد بن سيار
9527	١٠٨ - محمد بن مخلد بن حفص أبو عبد الله الدوري
9529	١٠٩ - ابن أبي عثمان محمد بن سعيد بن إسماعيل
9529	١١٠ - المحاملي الحسين بن إسماعيل بن محمد
9534	١١١ - أخو المحاملي القاسم بن إسماعيل الضبي
9535	١١٢ - بنت المحاملي أمة الواحد بنت الحسين
9535	١١٣ - ابن شنبوذ محمد بن أحمد بن أيوب
9537	١١٤ - عبد الصمد بن سعيد بن عبد الله بن سعيد بن يعقوب الكندي
9538	١١٥ - الخرائطي أبو بكر محمد بن جعفر بن محمد
9539	١١٦ - ابن الباغندي أبو ذر أحمد بن محمد بن محمد
9539	١١٧ - أبو الدحداح أحمد بن محمد بن إسماعيل التميمي
9540	١١٨ - خير النساج أبو الحسن البغدادي
9541	١١٩ - الأرزناني محمد بن عبد الرحمن بن زياد
9542	١٢٠ - الجورجيري أبو جعفر محمد بن عمر بن حفص
9543	١٢١ - ابن مجاهد أبو بكر أحمد بن موسى بن العباس
9545	١٢٢ - ابن الأنباري أبو بكر محمد بن القاسم بن بشار
9550	١٢٣ - البزدوي أبو طلحة منصور بن محمد بن علي
9551	١٢٤ - الكليني أبو جعفر محمد بن يعقوب
9551	١٢٥ - أبو علي الثقفي محمد بن عبد الوهاب
9554	١٢٦ - ابن عبد ربه أحمد بن محمد بن عبد ربه المرواني
9555	١٢٧ - ابن بلال أحمد بن محمد بن يحيى النيسابوري
9556	١٢٨ - الهزاني أبو روق أحمد بن محمد بن بكر
9557	١٢٩ - ابن عبيد علي بن محمد بن عبيد البغدادي
9560	١٣١ - الأزرق أبو بكر يوسف بن يعقوب بن إسحاق
9561	١٣٢ - الفرغاني أبو بكر محمد بن إسماعيل
9563	١٣٣ - البلعمي محمد بن عبيد الله بن محمد بن رجاء
9563	١٣٤ - الخصيبي أحمد بن عبيد الله بن أحمد
9564	١٣٥ - البلخي أبو يحيى زكريا بن أحمد بن يحيى
9565	١٣٦ - عبد الغافر بن سلامة أبو هاشم الحضرمي
9565	١٣٧ - ابن حجر علي بن محمد بن أيوب الرقي
9566	١٣٨ - الدباج أبو الفضل العباس بن الفضل بن حبيب
9567	١٣٩ - الجصاص يعقوب بن عبد الرحمن بن أحمد
9569	الطبقة التاسعة عشرة
9569	١٤٠ - الوزير العادل علي بن عيسى بن داود البغدادي
9572	١٤١ - المطيري أبو بكر محمد بن جعفر بن أحمد
9572	١٤٢ - الصولي أبو بكر محمد بن يحيى بن عبد الله
9574	١٤٣ - الأثرم أبو العباس محمد بن أحمد بن أحمد
9575	١٤٤ - المحمد اباذي محمد بن الحسن بن محمد
9576	١٤٥ - الفراء أبو عمران موسى بن سعيد بن موسى
9577	١٤٦ - ابن ممك أحمد بن محمد بن إبراهيم المديني
9578	١٤٧ - اللؤلؤي أبو علي محمد بن أحمد بن عمرو
9579	١٤٨ - التنيسي أبو محمد بكر بن أحمد بن حفص
9580	١٤٩ - حفيد دحيم الحسن بن القاسم بن عبد الرحمن
9581	١٥٠ - ابن هلال أحمد بن عبد الله بن نصر السلمي
9583	١٥٢ - ابن شيبة محمد بن أحمد بن يعقوب السدوسي
9585	١٥٣ - العكري أبو بكر محمد بن بشر بن بطريق
9586	١٥٤ - ابن زبر عبد الله بن أحمد بن ربيعة الربعي
9587	١٥٥ - حبشون بن موسى بن أيوب أبو نصر البغدادي
9588	١٥٦ - حسين بن صالح بن حمويه الهمذاني
9589	١٥٧ - القطان أبو بكر محمد بن الحسين بن الحسن
9590	١٥٨ - القطان أبو عبد الله الحسين بن يحيى بن عياش
9591	١٥٩ - القرمطي أبو طاهر سليمان بن حسن
9596	١٦٠ - محمد بن رائق أبو بكر
9597	١٦١ - النوبختي علي بن العباس
9598	١٦٢ - النوبختي أبو محمد الحسن بن موسى
9598	١٦٣ - ابن مخلد سليمان بن الحسن البغدادي
9599	١٦٤ - النوبختي إسماعيل بن علي بن نوبخت
9600	١٦٥ - المحمداباذي محمد بن الحسن بن محمد
9601	١٦٦ - أيوب بن صالح بن سليمان بن هاشم بن غريب
9602	١٦٧ - ابن قوهيار العباس بن محمد بن معاذ النيسابوري
9602	١٦٨ - ابن أبي حذيفة محمد بن محمد الفزاري
9603	١٦٩ - ابن عبادل أحمد بن إبراهيم بن عبد الوهاب
9603	١٧٠ - ابن حكيم أحمد بن محمد بن إبراهيم المديني
9604	١٧١ - الزنبري أبو بكر أحمد بن مسعود بن عمرو
9605	١٧٢ - ابن زوزان محمد بن إبراهيم بن عبد الله الأنطاكي
9605	١٧٣ - المادرائي علي بن إسحاق بن البختري
9606	١٧٤ - أبو علي القشيري محمد بن سعيد
9607	١٧٥ - حاجب بن أحمد بن يرحم بن سفيان الطوسي
9608	١٧٦ - عمر بن سهل بن إسماعيل الدينوري
9610	١٧٧ - ابن ياسين أحمد بن محمد الهروي
9611	١٧٨ - ابن عقدة أحمد بن محمد بن سعيد
9627	١٧٩ - ابن عبيد أبو الحسن علي بن محمد البغدادي
9628	١٨٠ - ابن أبي مطر علي بن عبد الله بن يزيد المعافري
9628	١٨١ - نافلة علي بن حرب محمد بن يحيى بن عمر الطائي
9629	١٨٢ - ابن أيوب الحسين بن الحسن بن أيوب الطوسي
9630	١٨٣ - الشاشي أبو سعيد الهيثم بن كليب بن سريج
9631	١٨٤ - ابن اللباد محمد بن محمد بن وشاح اللخمي
9632	١٨٥ - ابن المنادي الحسين أحمد بن جعفر بن محمد
9634	١٨٦ - الخرقي أبو القاسم عمر بن الحسين بن عبد الله
9635	١٨٧ - الكرماني عبد الله بن يعقوب بن إسحاق
9635	١٨٨ - البصري أبو عثمان عمرو بن عبد الله بن درهم
9636	١٨٩ - الإخشيذ أبو بكر محمد بن طغج بن جف
9638	١٩٠ - الشبلي أبو بكر البغدادي
9640	١٩١ - الزيدي أبو أحمد حامد بن أحمد بن محمد
9642	١٩٢ - ابن القاص أحمد بن أبي أحمد الطبري
9643	١٩٣ - الممسي أبو الفضل العباس بن عيسى
9645	١٩٤ - الحبلي محمد بن الحبلي
9645	١٩٥ - حمزة بن القاسم بن عبد العزيز الهاشمي
9646	١٢١ - الجورجيري أبو جعفر محمد بن عمر بن حفص
9647	١٩٦ - السمسار أبو بكر محمد بن عمر بن حفص
9647	١٩٧ - المدائني محمد بن الحسين بن إسماعيل
9648	١٩٨ - أبو زرعة محمد بن أحمد بن محمد بن الفرج
9648	١٩٩ - الحافظ أبو بكر أحمد بن محمد بن متويه
9649	٢٠٠ - ابن زبان أبو بكر أحمد بن سليمان الكندي
9650	٢٠١ - ابن حيكويه محمد بن يحيى بن زكريا الرازي
9651	٢٠٢ - أحمد بن عبيد بن إبراهيم أبو جعفر الأسدي
9651	٢٠٣ - محمد بن حاتم بن خزيمة الكشي
9652	٢٠٤ - المصري أبو الحسن علي بن محمد بن أحمد
9653	٢٠٥ - ابن دينار محمد بن عبد الله النيسابوري
9654	٢٠٦ - الحصائري الحسن بن حبيب بن عبد الملك
9655	٢٠٧ - الأنطاكي إبراهيم بن عبد الرزاق بن حسن
9656	٢٠٨ - ابن البختري محمد بن عمرو البغدادي
9657	٢٠٩ - الأزدي أبو زكريا يزيد بن محمد بن إياس
9658	٢١٠ - الشعراني أبو بكر محمد بن معاذ بن فهد
9659	٢١١ - ابن أوس أحمد بن محمد بن أوس الهمذاني
9659	٢١٢ - ابن أبي صالح القاسم بن بندار بن إسحاق الهمذاني
9660	٢١٣ - إبراهيم بن محمد بن يعقوب الهمذاني
9661	٢١٤ - الميداني أبو علي محمد بن أحمد بن محمد
9662	٢١٥ - الصعلوكي أحمد بن محمد بن سليمان
9663	٢١٦ - القرميسيني أبو إسحاق إبراهيم بن شيبان
9665	٢١٧ - أبو العرب محمد بن أحمد بن تميم المغربي
9666	٢١٨ - أبو ميسرة أحمد بن نزار القيرواني المالكي
9667	٢١٩ - ابن مهرويه علي بن محمد بن مهرويه القزويني
9668	٢٢٠ - الجوزي أبو الحسين أحمد بن محمد بن جعفر
9669	٢٢١ - علي بن حمشاذ بن سختويه بن نصر النيسابوري
9672	٢٢٢ - ابن النحاس أحمد بن محمد بن إسماعيل
9673	٢٢٣ - عماد الدولة علي بن بويه بن فناخسرو الديلمي
9674	٢٢٤ - الكراني أبو علي أحمد بن محمد بن عاصم
9675	٢٢٥ - السوسي أبو علي أحمد بن محمد بن فضالة
9675	٢٢٦ - الرياش أبو الطيب الحسن بن إبراهيم البرمكي
9676	٢٢٧ - الفامي أبو داود سليمان بن يزيد القزويني
9677	٢٢٨ - الأشناني أبو الحسين عمر بن الحسن بن علي
9678	٢٢٩ - ابن الأعرابي أحمد بن محمد بن زياد بن بشر
9683	٢٣٠ - خيثمة أبو الحسن بن سليمان بن حيدرة القرشي
9687	٢٣١ - الفارابي أبو نصر محمد بن محمد بن طرخان
9689	٢٣٢ - ابن مليح الحسن بن يوسف بن مليح الطرائفي
9690	٢٣٣ - ابن بالويه أبو بكر محمد بن أحمد الجلاب
9691	٢٣٤ - ابن حيكان أبو علي محمد بن أحمد بن محمد
9691	٢٣٥ - ابن داود أبو بكر محمد بن داود النيسابوري
9693	٢٣٦ - السمرقندي عثمان بن محمد بن أحمد
9695	٢٣٧ - الأستاذ عبد الله بن محمد بن يعقوب الحارثي
9697	٢٣٨ - الكرخي عبيد الله بن الحسين بن دلال
9698	٢٣٩ - الدينوري أبو بكر أحمد بن مروان
9700	٢٤٠ - أبو إسحاق المروزي إبراهيم بن أحمد
9701	٢٤١ - ابن أبي هريرة الحسن بن الحسين البغدادي
9701	٢٤٢ - الخامي أبو الطاهر أحمد بن محمد بن عمرو
9703	٢٤٣ - الحوراني أبو الطيب محمد بن حميد بن محمد
9704	٢٤٤ - البخاري الحسن بن يعقوب بن يوسف
9704	٢٤٥ - الأردبيلي أبو القاسم حفص بن عمر
9706	٢٤٦ - الحسن بن سعد بن إدريس الكتامي القرطبي
9707	٢٤٧ - الختلي عبد الرحمن بن أحمد بن عبد الله
9708	٢٤٨ - الصفار أبو عبد الله محمد بن عبد الله بن أحمد
9709	٢٤٩ - الصفار أبو الحسن أحمد بن عبيد بن إسماعيل
9711	٢٥٠ - الصفار إسماعيل بن محمد بن إسماعيل
9712	٢٥١ - أحمد بن عبيد الصفار
9713	٢٥٢ - ابن صفوان البرذعي الحسين بن صفوان بن إسحاق
9713	٢٥٣ - الستوري أبو الحسن علي بن الفضل بن إدريس
9714	٢٥٤ - ابن عقبة أبو الحسن علي بن محمد بن محمد
9715	٢٥٥ - ابن السماك عثمان بن أحمد البغدادي
9716	٢٥٦ - ابن الحداد محمد بن أحمد بن محمد المصري
9722	٢٥٧ - المادرائي أبو بكر محمد بن علي بن أحمد
9723	٢٥٨ - الأصم محمد بن يعقوب بن يوسف النيسابوري
9731	٢٥٩ - ابن أبي ثابت إبراهيم بن محمد السامري
9732	٢٦٠ - الطحان أبو بكر أحمد بن عمرو بن جابر
9734	٢٦١ - القطان أبو الحسن علي بن إبراهيم بن سلمة
9737	٢٦٢ - ابن شوذب عبد الله بن عمر بن أحمد بن علي
9737	٢٦٣ - ابن الأخرم محمد بن يعقوب الشيباني
9741	٢٦٤ - الأخرم، أبو يوسف يعقوب بن يوسف
9742	٢٦٥ - البحري إسحاق بن إبراهيم بن محمد الجرجاني
9743	٢٦٦ - قاسم بن أصبغ بن محمد بن يوسف بن ناصح
9745	٢٦٧ - البغدادي أبو الحسن علي بن أحمد بن إسحاق
9746	٢٦٨ - الزجاجي أبو القاسم عبد الرحمن بن إسحاق
9748	٢٦٩ - الجلاب عبد الرحمن بن حمدان بن المرزبان
9748	٢٧٠ - الأسواري أبو الحسين محمد بن أحمد
9749	٢٧١ - الأذرعي إسحاق بن إبراهيم بن هاشم
9750	٢٧٢ - العباداني أبو بكر أحمد بن سليمان بن أيوب
9751	٢٧٣ - عبد المؤمن بن خلف بن طفيل بن زيد التميمي
9754	٢٧٤ - الصبغي أحمد بن إسحاق بن أيوب النيسابوري
9760	٢٧٥ - المعمر أبو العباس محمد بن إسحاق الصبغي
9761	الطبقة العشرون
9761	٢٧٦ - أبو النضر الطوسي محمد بن محمد بن يوسف
9763	٢٧٧ - أبو الوليد الفقيه حسان بن محمد
9767	٢٧٨ - ابن طباطبا عبد الله بن أحمد بن علي بن حسن
9768	٢٧٩ - ابن الجراب إسماعيل بن يعقوب بن إبراهيم
9769	٢٨٠ - ابن عبد البر محمد بن عبد الله التجيبي
9770	٢٨١ - التنوخي علي بن محمد بن أبي الفهم
9771	٢٨٢ - السياري أبو العباس القاسم بن القاسم
9772	٢٨٣ - ابن الخضر أحمد بن الخضر بن أحمد النيسابوري
9773	٢٨٤ - ابن ماهيان محمد بن حسين الجرجاني
9773	٢٨٥ - النجاد أحمد بن سلمان بن الحسن بن إسرائيل
9776	٢٨٦ - ابن الحجام عبد الله بن مسرور التجيبي
9777	٢٨٧ - أبو وهب زاهد الأندلس
9779	٢٨٨ - أبو عمر الزاهد محمد بن عبد الواحد البغدادي
9784	٢٨٩ - ابن نجيح أبو بكر محمد بن العباس البغدادي
9785	٢٩٠ - ابن حذلم أحمد بن سليمان بن أيوب الدمشقي
9786	٢٩١ - ابن خزيمة أحمد بن الفضل بن العباس البغدادي
9787	٢٩٢ - العقبي حمزة بن محمد بن العباس البغدادي
9788	٢٩٣ - الأمين إبراهيم بن محمد بن هشام البخاري
9788	٢٩٤ - مكرم بن أحمد بن محمد بن مكرم البغدادي
9789	٢٩٥ - أحمد بن بهزاد بن مهران المصري
9790	٢٩٦ - السمسار أحمد بن جعفر بن أحمد الأصبهاني
9790	٢٩٧ - الطرائفي أحمد بن محمد بن عبدوس
9791	٢٩٨ - العلاف أبو عبد الله محمد بن عيسى بن حسن
9792	٢٩٩ - أبو سهل القطان أحمد بن محمد بن عبد الله
9793	٣٠٠ - الخطبي إسماعيل بن علي بن إسماعيل
9796	٣٠٢ - الهجيمي إبراهيم بن علي بن عبد الله
9797	٣٠٣ - ابن قانع عبد الباقي بن قانع البغدادي
9799	٣٠٤ - ابن شعيب أبو علي محمد بن هارون
9800	٣٠٥ - العتكي محمد بن القاسم بن عبد الرحمن
9800	٣٠٦ - السكري أحمد بن إبراهيم بن محمد
9801	٣٠٧ - ابن نيخاب أبو الحسن أحمد بن إسحاق الطيبي
9801	٣٠٨ - الكعبي عبد الله بن محمد بن موسى بن كعب
9802	٣٠٩ - ابن درستويه عبد الله بن جعفر الفارسي
9804	٣١٠ - أبو الميمون عبد الرحمن بن عبد الله البجلي
9804	٣١١ - العنبري يحيى بن محمد بن عبد الله النيسابوري
9805	٣١٢ - ابن سنان إبراهيم بن محمد بن صالح الدمشقي
9806	٣١٣ - الإسفراييني الحسن بن محمد بن إسحاق
9807	٣١٤ - أحمد بن منصور بن عيسى أبو حامد الطوسي
9808	٣١٥ - المحبوبي محمد بن أحمد بن محبوب المروزي
9808	٣١٦ - بكر بن محمد بن العلاء أبو الفضل القشيري
9809	٣١٧ - ابن داسة محمد بن بكر بن محمد البصري
9810	٣١٨ - ابن الوزان إبراهيم بن عثمان القيرواني
9811	٣١٩ - ابن الخصيب عبد الله بن محمد الأصبهاني
9812	٣٢٠ - السندي أحمد بن محمد بن الحسين
9814	٣٢١ - الخراساني عبد الله بن إسحاق بن إبراهيم
9815	٣٢٢ - ابن علم محمد بن عبد الله البغدادي
9815	٣٢٣ - ابن كامل أحمد بن كامل بن خلف البغدادي
9817	٣٢٤ - القنطري أبو بكر القاسم بن إبراهيم بن أحمد
9818	٣٢٥ - الجمال محمد بن محمد بن عبد الله البغدادي
9819	٣٢٦ - ابن حسنويه أحمد بن علي النيسابوري
9822	٣٢٧ - ميمون بن إسحاق أبو محمد البغدادي الصواف
9822	٣٢٨ - ابن بريه عبد الله بن إسماعيل الهاشمي
9824	٣٢٩ - ابن فارس عبد الله بن جعفر بن أحمد الأصبهاني
9825	٣٣٠ - الدخمسيني بكر بن محمد بن حمدان المروزي
9826	٣٣١ - الطستي عبد الصمد بن علي بن محمد
9827	٣٣٢ - وهب بن مسرة بن مفرج بن بكر أبو الحزم التميمي
9829	٣٣٣ - الخلدي أبو محمد جعفر بن محمد بن نصير
9831	٣٣٤ - الصرفندي إبراهيم بن إسحاق بن أبي الدرداء
9832	٣٣٥ - ابن الجزار أحمد بن إبراهيم القيرواني
9833	٣٣٦ - صاحب الأندلس الناصر لدين الله المرواني
9835	٣٣٧ - ابن الأخرم محمد بن النضر بن مر الدمشقي
9837	٣٣٨ - ابن عمار أبو علي أحمد بن محمد
9837	٣٣٩ - ابن ماتى علي بن عبد الرحمن العلوي
9838	٣٤٠ - ابن الزبير علي بن محمد بن الزبير القرشي
9839	٣٤١ - العطشي أبو الحسين أحمد بن عثمان بن يحيى
9839	٣٤٢ - القصار أبو عبد الله أحمد بن محمد بن يحيى
9840	٣٤٣ - المسعودي أبو الحسن علي بن الحسين بن علي
9841	٣٤٤ - ابن بنت عدبس جعفر بن محمد بن جعفر الدمشقي
9841	٣٤٥ - الأسداباذي الزبير بن عبد الواحد بن محمد
9843	٣٤٦ - أبو الفضل بن إبراهيم محمد بن إبراهيم بن الفضل النيسابوري
9843	٣٤٧ - ابن معروف أبو علي محمد بن القاسم التميمي
9844	٣٤٨ - النقاش محمد بن الحسن بن محمد بن زياد
9847	٣٤٩ - ابن أبي دارم أبو بكر أحمد بن محمد الشيعي
9849	٣٥٠ - ابن يونس عبد الرحمن بن أحمد المصري
9851	٣٥١ - القزويني أبو عمر محمد بن عيسى بن أحمد
9854	الجزء ١٦ [طبقة ٢٠، ٢١]
9854	تابع: الطبقة العشرون
9854	١ - ابن سعد أبو محمد عبد الله بن أحمد النيسابوري
9855	٢ - العسال محمد بن أحمد بن إبراهيم الأصبهاني
9864	٣ - ابن عبيد أبو القاسم عبد الرحمن بن الحسن الأسدي
9865	٤ - الرفاء أبو علي حامد بن محمد بن عبد الله محمد
9866	٥ - والد تمام محمد بن عبد الله بن جعفر الرازي
9867	٦ - خالد بن سعد أبو القاسم الأندلسي القرطبي
9869	٧ - ابن علان أبو الحسن علي بن الحسن الحراني
9870	٨ - ابن أبي هاشم عبد الواحد بن عمر البغدادي
9871	٩ - أبو الخير التيناتي الأقطع
9872	١٠ - الماسرجسي أبو بكر محمد بن المؤمل بن الحسن
9873	١١ - ابن جامع أبو العباس أحمد بن إبراهيم السكري
9874	١٢ - ابن أبي الموت أحمد بن محمد بن أحمد المكي
9874	١٣ - قاضي الحرمين أحمد بن محمد النيسابوري
9875	١٤ - ابن بدر أبو بكر إسماعيل بن بدر القرطبي
9876	١٥ - سلم بن الفضل بن سهل أبو قتيبة البغدادي
9876	١٦ - فقيه قرطبة أبو بكر محمد بن أحمد اللؤلؤي
9877	١٧ - يحيى بن منصور بن يحيى بن عبد الملك
9877	١٨ - ابن أفرجه أحمد بن إبراهيم بن يوسف التيمي
9878	١٩ - ابن الحيري أبو سعيد أحمد بن محمد بن سعيد
9879	٢٠ - ابن الحكم جعفر بن محمد بن أحمد الواسطي
9879	٢١ - دعلج بن أحمد بن دعلج بن عبد الرحمن السجستاني
9885	٢٢ - البلاذري أبو محمد أحمد بن محمد بن إبراهيم
9885	٢٣ - ابن دحيم أبو جعفر محمد بن علي الشيباني
9886	٢٤ - شجاع أبو الفوارس بن جعفر البغدادي الوراق
9887	٢٥ - ابن أبي العقب علي بن يعقوب الهمداني الدمشقي
9888	٢٦ - ابن الورد عبد الله بن جعفر بن محمد البغدادي
9888	٢٧ - الشافعي محمد بن عبد الله بن إبراهيم بن عبدويه
9893	٢٨ - ابن بندار أبو محمد عبد الله بن الحسن المديني
9893	٢٩ - الفاكهي أبو محمد عبد الله بن محمد بن العباس
9894	٣٠ - الرافقي أبو الفضل العباس بن محمد بن نصر
9894	٣١ - القالي أبو علي إسماعيل بن القاسم بن هارون
9896	٣٢ - أبو السائب عتبة بن عبيد الله بن موسى الهمذاني
9897	٣٣ - الحبيبي أبو أحمد علي بن محمد بن عبد الله
9897	٣٤ - ابن قاج أحمد بن قاج بن عبد الله البغدادي
9898	٣٥ - أبو عمرو الصغير محمد بن أحمد النيسابوري
9899	٣٦ - الإسفراييني الحسن بن محمد بن إسحاق بن أزهر
9900	٣٨ - أبو علي النيسابوري الحسين بن علي بن يزيد
9900	٣٧ - ابن فحلون أبو عثمان سعيد بن فحلون الأندلسي
9908	٣٩ - ابن مروان محمد بن إبراهيم القرشي الدمشقي
9909	٤٠ - النضري أبو العباس عبد الله بن الحسين بن الحسن
9909	٤١ - ابن محرم محمد بن أحمد بن علي البغدادي
9910	٤٢ - الشعار أبو عبد الله أحمد بن بندار بن إسحاق
9911	٤٣ - أبو علي الطبري الحسن بن القاسم
9912	٤٤ - الأنباري أبو بكر محمد بن جعفر بن محمد
9913	٤٥ - البروجردي أبو العباس أحمد بن محمد بن صالح
9913	٤٦ - الطوماري أبو علي عيسى بن محمد بن أحمد
9914	٤٧ - الرازي أبو محمد عبد الله بن محمد الحيري
9915	٤٨ - محمد بن الحسن بن الحسين بن منصور النيسابوري
9917	٤٩ - ابن الأحمر أبو بكر محمد بن معاوية الأموي
9919	٥١ - الخيام أبو صالح خلف بن محمد بن إسماعيل
9919	٥٢ - ابن عمارة أبو الحارث أحمد بن محمد الليثي
9920	٥٣ - الوضاحي أبو عبد الله محمد بن الحسن بن يحيى
9921	٥٤ - الطرازي أبو عمرو سعيد بن القاسم بن العلاء
9922	٥٥ - الرامهرمزي الحسن بن عبد الرحمن بن خلاد
9924	٥٦ - الأسيوطي أبو علي الحسن بن الخضر بن عبد الله
9924	٥٧ - السليطي أبو الحسن محمد بن عبد الله بن إبراهيم
9926	٥٨ - جمح بن القاسم بن عبد الوهاب الجمحي الدمشقي
9926	٥٩ - أبو نصر القاضي يوسف بن عمر الأزدي المالكي
9928	٦١ - التجيبي أبو إبراهيم إسحاق بن إبراهيم بن مسرة
9929	٦٢ - ابن الحداد أحمد بن إبراهيم بن أحمد الأسدي
9930	٦٣ - ابن أبي روبا عبد الخالق بن الحسن البغدادي
9930	٦٤ - سنقة أبو عمرو عثمان بن محمد بن بشر السقطي
9931	٦٥ - ابن سلم أبو الفتح عمر بن جعفر الختلي
9931	٦٦ - أبو بكر أحمد بن جعفر بن محمد بن سلم الختلي
9932	٦٧ - محمد الأوسط بن جعفر بن محمد بن سلم الختلي
9932	٦٨ - أبو إسحاق ابن حمزة إبراهيم بن محمد الأصبهاني
9937	٦٩ - الجعابي أبو بكر محمد بن عمر بن محمد بن سلم
9941	٧٠ - ابن حبان محمد بن حبان بن أحمد التميمي
9953	٧١ - أبو عمر بن حزم أحمد بن سعيد الصدفي
9954	٧٢ - ابن مقسم محمد بن الحسن بن يعقوب البغدادي
9957	٧٣ - بندار بن الحسين الشيرازي أبو الحسين
9958	٧٤ - علي بن بندار بن الحسين الصوفي العابد
9959	٧٥ - مسلمة بن القاسم بن إبراهيم أبو القاسم القرطبي
9960	٧٦ - أبو بشر الأسدي عمر بن أكثم بن أحمد
9960	٧٧ - الزاهي أبو القاسم علي بن إسحاق بن خلف
9960	٧٨ - القراريطي محمد بن أحمد بن عبد المؤمن
9961	٧٩ - الطبسي أبو الحسين أحمد بن محمد بن سهل
9962	٨٠ - ابن عتبة أحمد بن الحسن بن إسحاق الرازي
9962	٨١ - اللكي أبو الحسن أحمد بن القاسم بن كثير
9963	٨٢ - والد المخلص أبو القاسم عبد الرحمن بن العباس البغدادي
9963	٨٣ - المتقي لله
9963	٨٤ - ابن الداعي محمد بن الحسن بن القاسم العلوي
9966	٨٥ - ابن السكن سعيد بن عثمان بن سعيد المصري
9968	٨٦ - الطبراني أبو القاسم سليمان بن أحمد بن أيوب
9980	٨٧ - البلخي أبو جعفر محمد بن عبد الله بن محمد
9980	٨٨ - ابن هاني أبو الحسن محمد الأزدي المهلبي
9981	٨٩ - الصوناخي أبو الفضل صديق بن سعيد التركي
9981	٩٠ - الفرغاني أبو محمد عبد الله بن أحمد بن جعفر
9982	٩١ - الجابري أبو محمد عبد الله بن جعفر بن إسحاق
9982	٩٢ - الآجري أبو بكر محمد بن الحسين بن عبد الله
9985	٩٣ - ابن كيسان الحسن بن محمد بن أحمد الحربي
9985	٩٤ - القرميسيني إبراهيم بن أحمد بن حسن
9986	٩٥ - ابن العميد محمد بن الحسين بن محمد الكاتب
9987	٩٦ - الدقي أبو بكر محمد بن داود الدينوري
9988	٩٧ - ابن أبي يعلى أبو القاسم الهاشمي الدمشقي
9989	٩٨ - الفرائضي أبو علي الحسين بن إبراهيم بن جابر
9989	٩٩ - فاروق بن عبد الكبير بن عمر أبو حفص الخطابي
9990	١٠٠ - النقوي محمد بن أحمد بن عبد الله الصنعاني
9990	١٠١ - البربهاري أبو بحر محمد بن الحسن بن كوثر
9992	١٠٢ - غلام الخلال عبد العزيز بن جعفر بن أحمد البغدادي
9994	١٠٣ - الشمشاطي أبو بكر محمد بن جعفر بن أحمد
9995	١٠٤ - ابن نجيد إسماعيل بن نجيد بن أحمد السلمي
9997	١٠٥ - الشهيد محمد بن أحمد بن سهل الرملي
9999	١٠٦ - النعمان أبو حنيفة بن محمد بن منصور المغربي
10000	١٠٧ - ابن الخشاب أبو الفرج أحمد بن القاسم
10001	١٠٨ - الأبزاري إبراهيم بن أحمد بن محمد بن رجاء
10001	١٠٩ - عبد الجبار بن عبد الصمد بن إسماعيل السلمي
10002	١١٠ - القهندزي عبد الرحمن بن محمد بن إدريس
10003	١١١ - ابن عدي عبد الله بن عدي بن عبد الله الجرجاني
10005	١١٢ - ابن ميكال إسماعيل بن عبد الله بن محمد
10006	١١٣ - ابن فضالة أبو عمر محمد بن موسى الأموي
10008	١١٤ - ابن القطان أحمد بن محمد بن أحمد البغدادي
10009	١١٥ - ابن حيويه محمد بن عبد الله النيسابوري
10010	١١٦ - السراج أبو الحسن محمد بن الحسن بن أحمد
10011	١١٧ - ابن مطر محمد بن جعفر بن محمد النيسابوري
10012	١١٨ - المزكي أبو إسحاق إبراهيم بن محمد بن يحيى
10014	١١٩ - ابن برزة محمد بن عبد الله الروذراوري
10014	١٢٠ - ابن حارث محمد بن حارث بن أسد الخشني
10015	١٢١ - المروروذي أبو حامد أحمد بن بشر بن عامر
10016	١٢٢ - السقطي عبد الملك بن الحسن بن يوسف المعدل
10017	١٢٣ - ابن علك عبد الله بن عمر بن أحمد الجوهري
10018	١٢٤ - ابن رميح أبو سعيد أحمد بن محمد النخعي
10020	١٢٥ - ابن النجم أبو عبد الله أحمد بن طاهر الميانجي
10021	١٢٦ - عمر البصري أبو حفص بن جعفر بن عبد الله
10022	١٢٧ - منذر بن سعيد البلوطي أبو الحكم الأندلسي
10028	١٢٨ - حمزة بن محمد بن علي بن العباس الكناني
10030	١٢٩ - المغفلي أبو محمد أحمد بن عبد الله بن محمد
10033	١٣٠ - ابن الصواف أبو علي محمد بن أحمد البغدادي
10035	١٣١ - ناصر الدولة الحسن بن عبد الله بن حمدان التغلبي
10036	١٣٢ - سيف الدولة أبو الحسن علي بن عبد الله بن حمدان
10038	١٣٣ - معز الدولة أبو الحسين أحمد بن بويه الديلمي
10039	١٣٤ - كافور أبو المسك الإخشيذي الأسود
10042	١٣٥ - ابن حمدان محمد بن أحمد بن حمدان الحيري
10045	١٣٦ - أبو فراس الحارث بن سعيد بن حمدان التغلبي
10046	١٣٧ - المهلبي أبو محمد الحسن بن محمد بن عبد الله
10047	١٣٨ - المهلبي أبو منصور نصر بن جعفر بن علي
10048	١٣٩ - المتنبي أبو الطيب أحمد بن حسين بن حسن
10050	١٤٠ - صاحب (الأغاني) أبو الفرج علي الأصبهاني
10052	١٤١ - ركن الدولة أبو علي الحسن بن بويه الديلمي
10053	١٤٢ - الذهلي أبو الطاهر محمد بن أحمد بن عبد الله
10059	١٤٣ - القطيعي أبو بكر أحمد بن جعفر بن حمدان
10062	١٤٤ - القصاب أبو أحمد محمد بن علي بن محمد
10063	١٤٥ - غندر محمد بن جعفر بن الحسين البغدادي الوراق
10064	١٤٦ - غندر أبو الطيب محمد بن جعفر بن دران البغدادي
10065	١٤٧ - غندر أبو بكر محمد بن جعفر بن العباس النجار
10065	١٤٨ - غندر محمد بن جعفر أبو بكر البغدادي مولى فاتن
10066	١٤٩ - غندر محمد بن جعفر أبو الحسين الرازي
10066	١٥٠ - الغزال محمد بن عبد الرحمن بن سهل الأصبهاني
10067	١٥١ - الرفاء أبو الحسن السري بن أحمد الكندي
10068	١٥٢ - المصيصي أبو الحسن علي بن أحمد بن علي
10068	١٥٣ - ابن القوطية أبو بكر محمد بن عمر الأندلسي
10069	١٥٤ - ابن بقية أبو الطاهر محمد بن محمد العراقي
10071	١٥٥ - الناشئ الصغير علي بن عبد الله بن وصيف الحلاء
10071	١٥٦ - الشيرازي أبو الفضل العباس بن الحسين
10072	١٥٧ - ابن الإخشيذ الحسن بن عبيد الله بن طغج التركي
10073	١٥٨ - الجعل أبو عبد الله الحسين بن علي البصري
10074	١٥٩ - ابن أخت وليد عبد الله بن أحمد البغدادي
10075	١٦٠ - ابن أم شيبان محمد بن صالح بن علي الهاشمي
10076	١٦١ - الروذباري أبو عبد الله أحمد بن عطاء
10077	١٦٢ - الإسفراييني أبو سهل بشر بن أحمد بن بشر
10079	١٦٣ - المستنصر بالله الحكم بن عبد الرحمن الأموي
10080	١٦٤ - عز الدولة بختيار بن أحمد بن بويه الديلمي
10082	١٦٥ - الصكوكي أبو بكر محمد بن زكريا بن حسين
10082	١٦٦ - ابن حرارة محمد بن أحمد بن علي الأسدي
10083	١٦٧ - التنيسي أبو بكر محمد بن علي بن حسن
10084	١٦٨ - الصعلوكي محمد بن سليمان بن محمد
10089	١٦٩ - الحجاجي محمد بن محمد بن يعقوب
10092	١٧٠ - ابن السليم محمد بن إسحاق بن إبراهيم الأموي
10093	١٧١ - يحيى بن مجاهد بن عوانة أبو بكر الفزاري
10095	١٧٢ - شيخ الشافعية أبو الحسن علي بن أحمد بن المرزبان البغدادي
10096	١٧٣ - الجرجاني علي بن أحمد بن عبد العزيز
10096	١٧٤ - السيرافي الحسن بن عبد الله بن المرزبان
10098	١٧٥ - عضد الدولة فناخسرو بن حسن بن بويه الديلمي
10101	١٧٦ - ابن ماسي عبد الله بن إبراهيم بن أيوب البغدادي
10103	١٧٧ - الباقرحي أبو علي مخلد بن جعفر بن مخلد
10104	١٧٨ - ابن السني أحمد بن محمد بن إسحاق الهاشمي
10106	١٧٩ - القباب عبد الله بن محمد بن محمد الأصبهاني
10107	١٨٠ - الزبيبي أبو الحسين عبد الله بن إبراهيم بن جعفر
10108	١٨١ - النجيرمي أبو يعقوب يوسف بن يعقوب البصري
10109	١٨٢ - المطوعي أبو العباس الحسن بن سعيد بن جعفر
10110	١٨٣ - الميمذي أبو إسحاق إبراهيم بن أحمد بن محمد
10110	١٨٤ - الآبندوني عبد الله بن إبراهيم بن يوسف
10112	١٨٥ - ابن بهتة أبو حفص عمر بن محمد البغدادي
10112	١٨٦ - النصراباذي إبراهيم بن محمد بن أحمد
10116	١٨٧ - عمران بن شاهين ملك البطائح
10116	١٨٨ - الليثي أبو عيسى يحيى بن عبد الله بن يحيى
10118	١٨٩ - عمر بن بشران بن محمد بن بشر بن مهران البغدادي
10118	١٩٠ - المفيد محمد بن أحمد بن محمد الجرجرائي
10120	١٩١ - بصلة محمد بن محمد بن عبيد الله الجرجاني
10120	١٩٢ - ظالم بن مرهوب العقيلي
10121	١٩٣ - ابن سالم محمد بن أحمد بن محمد البصري
10122	١٩٤ - ابن شارك أبو حامد أحمد بن محمد الهروي
10123	١٩٥ - القرمطي أبو علي الحسن بن أحمد بن حسن
10125	١٩٦ - أبو الشيخ عبد الله بن محمد بن جعفر بن حيان
10129	١٩٧ - الحسن بن رشيق أبو محمد العسكري المصري
10130	١٩٨ - والد أبي نعيم عبد الله بن أحمد الأصبهاني
10131	١٩٩ - ابن الناصح عبد الله بن محمد الدمشقي
10132	٢٠٠ - القفال الشاشي محمد بن علي بن إسماعيل
10134	٢٠١ - كشاجم أبو نصر محمود بن حسين
10135	٢٠٢ - الشرمقاني أحمد بن محمد بن حمدون بن بندار
10136	٢٠٣ - الماسرجسي أبو علي الحسين بن محمد بن أحمد
10138	٢٠٤ - الرازي أبو غالب أحمد بن محمد بن سليمان
10139	٢٠٥ - عبد الصمد بن محمد بن عبد الله بن حيويه البخاري
10140	٢٠٦ - ابن حسنويه أبو حامد أحمد بن محمد الهروي
10141	٢٠٧ - ابن شاقلا إبراهيم بن أحمد بن عمر البغدادي
10141	٢٠٨ - الإسماعيلي أحمد بن إبراهيم بن إسماعيل
10145	٢٠٩ - السبيعي أبو محمد الحسن بن أحمد بن صالح
10148	٢١٠ - الآبري أبو الحسن محمد بن الحسين بن إبراهيم
10150	٢١١ - الجلودي أبو أحمد النيسابوري
10152	٢١٢ - ابن بابويه محمد بن علي بن الحسين القمي
10153	٢١٣ - الباهلي أبو الحسن البصري
10154	٢١٤ - ابن مجاهد محمد بن أحمد بن محمد الطائي
10155	٢١٥ - الغضنفر أبو تغلب بن الحسن بن عبد الله التغلبي
10156	٢١٦ - هفتكين التركي
10157	٢١٧ - الشيرازي محمد بن العباس بن فسانجس
10158	٢١٨ - البكائي علي بن عبد الرحمن بن عبد الله
10160	٢١٩ - ابن خميرويه محمد بن عبد الله بن محمد الهروي
10161	٢٢٠ - الأحدب الكاتب
10162	الطبقة الحادية والعشرون
10162	٢٢١ - أبو زيد المروزي محمد بن أحمد بن عبد الله
10164	٢٢٢ - الأزهري أبو منصور محمد بن أحمد بن الأزهر
10166	٢٢٣ - الخياش أبو عبد الله أحمد بن محمد بن سلمة
10166	٢٢٤ - العسكري الحسين بن محمد بن عبيد بن أحمد
10167	٢٢٥ - الفهري أبيض بن محمد بن أبيض بن أسود بن نافع
10167	٢٢٦ - والد ابن جميع أحمد بن محمد بن أحمد الغساني
10168	٢٢٧ - ابن التبان أبو محمد عبد الله بن إسحاق المغربي
10169	٢٢٨ - أبو عثمان المغربي سعيد بن سلام القيرواني
10170	٢٢٩ - ابن نباتة أبو يحيى عبد الرحيم بن محمد الفارقي
10171	٢٣٠ - أبو الليث نصر بن محمد بن إبراهيم السمرقندي
10172	٢٣١ - ابن محمويه عبد الملك بن عبد الواحد السمرقندي
10172	٢٣٢ - ابن الزيات عمر بن محمد بن علي البغدادي
10174	٢٣٣ - ابن السمسار محمد بن موسى الدمشقي
10175	٢٣٤ - ابن قريعة محمد بن عبد الرحمن البغدادي
10176	٢٣٥ - ابن لؤلؤ علي بن محمد بن أحمد البغدادي
10177	٢٣٦ - ابن صابر أبو عمرو محمد بن محمد البخاري
10177	٢٣٧ - ابن ياسين بشر بن محمد بن محمد الباهلي
10178	٢٣٨ - ابن كيسان علي بن محمد بن أحمد الحربي
10179	٢٣٩ - محمد بن المؤمل أبو بكر بن حيويه بن المؤمل الكرجي
10180	٢٤٠ - النضروي العباس بن الفضل بن زكريا
10181	٢٤١ - الأبهري أبو بكر محمد بن عبد الله بن محمد
10183	٢٤٢ - ابن بخيت محمد بن عبد الله بن خلف العكبري
10184	٢٤٣ - ابن مهران عبد الرحمن بن محمد البغدادي
10187	٢٤٤ - الفضل بن جعفر بن محمد بن أبي عاصم التميمي
10188	٢٤٥ - الربعي أبو بكر محمد بن سليمان بن يوسف
10188	٢٤٦ - هلال بن محمد بن محمد أبو بكر البصري
10189	٢٤٧ - أبو بكر الرازي أحمد بن علي الحنفي
10190	٢٤٨ - ابن وصيف أبو بكر محمد بن العباس الغزي
10191	٢٤٩ - ابن خفيف محمد بن خفيف الضبي
10196	٢٥٠ - أبو الفتح الأزدي محمد بن الحسين بن أحمد
10199	٢٥١ - ابن السقاء محمد بن علي بن حسين الإسفراييني
10200	٢٥٢ - ابن السقاء عبد الله بن محمد الواسطي
10203	٢٥٣ - الغطريفي أبو أحمد محمد بن أحمد بن حسين
10205	٢٥٤ - أبو عمرو بن حمدان محمد بن أحمد الحيري
10208	٢٥٥ - الصفار أبو بكر محمد بن إسحاق بن إبراهيم
10208	٢٥٦ - ابن جيان محمد بن خلف بن محمد البغدادي
10209	٢٥٧ - الشماخي الحسين بن أحمد بن محمد
10210	٢٥٨ - الميانجي أبو بكر يوسف بن القاسم بن يوسف
10212	٢٥٩ - قسام الجبلي التلفيتي
10213	٢٦٠ - الرازي محمد بن عبد الله بن عبد العزيز
10214	٢٦١ - إسحاق بن سعد ابن الحافظ الحسن النسوي
10215	٢٦٢ - البحيري أبو الحسين أحمد بن محمد بن جعفر
10216	٢٦٣ - قاضي مصر أبو الحسن علي بن النعمان بن محمد المغربي
10217	٢٦٤ - ابن النحاس أحمد بن محمد بن عيسى المصري
10218	٢٦٥ - الحرفي أبو سعيد الحسن بن جعفر بن محمد
10218	٢٦٦ - ابن البواب عبيد الله بن أحمد البغدادي
10219	٢٦٧ - أبو أحمد الحاكم محمد بن محمد النيسابوري
10226	٢٦٨ - ابن الباجي عبد الله بن محمد بن علي اللخمي
10227	٢٦٩ - ابن سبنك عمر بن محمد بن إبراهيم البجلي
10227	٢٧٠ - الأموي أبو عبد الله محمد بن العباس بن يحيى
10228	٢٧١ - أبو علي الفارسي الحسن بن أحمد بن عبد الغفار
10229	٢٧٢ - ابن أبي ذهل محمد بن محمد العصمي
10231	٢٧٣ - الوكيل أحمد بن موسى بن عيسى الجرجاني
10232	٢٧٤ - الميغي عبد الكريم بن محمد بن موسى البخاري
10232	٢٧٥ - الجلاب أبو القاسم
10233	٢٧٦ - السلطان شيرويه بن عضد الدولة بن بويه الديلمي
10235	٢٧٧ - الخالديان: أبو بكر محمد وأبو عثمان سعيد
10237	٢٧٨ - شافع بن محمد ابن الحافظ أبي عوانة يعقوب بن إسحاق الإسفراييني
10237	٢٧٩ - الوراق أبو بكر محمد بن إسماعيل بن العباس
10239	٢٨٠ - ابن عون الله أحمد بن عون الله بن حدير القرطبي
10239	٢٨١ - ابن مفرج محمد بن أحمد بن محمد الأموي
10241	٢٨٢ - الزهري عبيد الله بن عبد الرحمن بن محمد
10244	٢٨٣ - المرواني أبو نصر أحمد بن الحسين بن أحمد
10244	٢٨٤ - الصندوقي أبو العباس أحمد بن محمد بن أحمد
10245	٢٨٥ - النسفي أبو عمرو بكر بن محمد بن جعفر
10245	٢٨٦ - طلحة بن محمد بن جعفر أبو القاسم البغدادي
10246	٢٨٧ - محمد بن إبراهيم بن حمدان أبو بكر البغدادي
10247	٢٨٨ - ابن المقرئ محمد بن إبراهيم بن علي الأصبهاني
10251	٢٨٩ - ابن محمويه محمد بن الحسين النيسابوري
10251	٢٩٠ - ابن شيرويه محمد بن عبد الله النيسابوري
10252	٢٩١ - القطان أبو محمد عبد الله بن محمد بن أيوب
10253	٢٩٢ - البلوطي أبو الفرج محمد بن الطيب بن محمد
10253	٢٩٣ - الداركي عبد العزيز بن عبد الله بن محمد
10255	٢٩٤ - ابن مهران أبو بكر أحمد بن الحسين الأصبهاني
10256	٢٩٥ - حسينك الحسين بن علي بن محمد التميمي
10258	٢٩٦ - ابن حيويه محمد بن العباس بن محمد البغدادي
10259	٢٩٧ - القزويني أبو الحسن علي بن أحمد بن صالح
10260	٢٩٨ - ابن يبقى محمد بن يبقى بن زرب القرطبي
10261	٢٩٩ - النسائي أبو القاسم عبد الله بن أحمد بن محمد
10261	٣٠٠ - السرخسي عبيد الله بن عبد الله بن محمد
10262	٣٠١ - العسكري الحسن بن عبد الله بن سعيد
10264	٣٠٢ - الحسن بن عبد الله بن سعيد أبو علي الكندي
10264	٣٠٣ - الكرابيسي أبو سعيد محمد بن بشر بن العباس
10265	٣٠٤ - نقاش الفضة محمد بن أحمد بن العباس السلمي
10266	٣٠٥ - الزبيدي أبو بكر محمد بن الحسن بن عبيد الله
10267	٣٠٦ - ابن المظفر محمد بن المظفر بن موسى البغدادي
10270	٣٠٧ - يحيى بن مالك بن عائذ أبو زكريا الأندلسي
10271	٣٠٨ - ابن مسرور عبد الواحد بن محمد البلخي
10272	٣٠٩ - ابن شبويه أبو علي محمد بن عمر الشبوي
10273	٣١٠ - ابن حسكويه أحمد بن حسين النيسابوري
10273	٣١١ - ابن ناقب أبو بكر محمد بن حم البخاري
10274	٣١٢ - ابن كنانة أبو عمر أحمد بن عبد الله اللخمي
10274	٣١٣ - الشافعي أبو عبد الله محمد بن القاسم
10275	٣١٤ - ابن معقل إبراهيم بن محمد النيسابوري
10275	٣١٥ - ابن معروف عبيد الله بن أحمد البغدادي
10276	٣١٦ - الرازي عبد الله بن محمد بن عبد الوهاب
10278	٣١٧ - ابن شاذان أحمد بن إبراهيم بن الحسن البغدادي
10279	٣١٨ - الجوري أبو سعيد أحمد بن محمد بن إبراهيم
10279	٣١٩ - الفناكي أبو القاسم جعفر بن عبد الله بن يعقوب
10280	٣٢٠ - ابن شاهين عمر بن أحمد بن عثمان البغدادي
10284	٣٢١ - الجوهري عبد الرحمن بن عبد الله بن محمد
10285	٣٢٢ - الزهري أبو محمد الحسن بن علي بن عمرو
10286	٣٢٣ - الخليل بن أحمد بن محمد بن الخليل السجزي
10288	٣٢٤ - ابن حماد أبو الحسن محمد بن أحمد الكوفي
10289	٣٢٥ - ابن غريب أبو بكر محمد بن غريب البغدادي
10289	٣٢٦ - ابن زبر محمد بن عبد الله بن أحمد الربعي
10291	٣٢٧ - ابن كلس أبو الفرج يعقوب بن يوسف البغدادي
10293	٣٢٨ - القلعي أبو محمد عبد الله بن محمد بن القاسم
10294	٣٢٩ - أحمد بن سهل بن إبراهيم أبو حامد الأنصاري
10295	٣٣٠ - الماسرجسي أبو الحسن محمد بن علي بن سهل
10296	٣٣١ - المرزباني محمد بن عمران بن موسى بن عبيد
10298	٣٣٢ - الدارقطني أبو الحسن علي بن عمر بن أحمد
10310	٣٣٣ - ابن الثلاج عبد الله بن محمد البغدادي
10311	٣٣٤ - ابن المهندس أحمد بن محمد بن إسماعيل البناء
10311	٣٣٥ - ابن زولاق أبو محمد الحسن بن إبراهيم المصري
10312	٣٣٦ - الريحاني أبو عبد الله الحسين بن أحمد البصري
10313	٣٣٧ - الكاتب أبو عبد الله الحسين بن محمد بن سليمان
10313	٣٣٨ - الأذني أبو الحسن علي بن الحسين بن بندار
10314	٣٣٩ - الكسائي أبو بكر محمد بن إبراهيم بن يحيى
10314	٣٤٠ - الأودني أبو بكر محمد بن عبد الله بن محمد
10315	٣٤١ - الطرازي محمد بن محمد بن أحمد بن عثمان
10316	٣٤٢ - جوهر أبو الحسن الرومي المعزي
10318	٣٤٣ - ابن مزدين أبو علي أحمد بن محمد الصوفي
10318	٣٤٤ - الأسدي إبراهيم بن محمد بن إبراهيم
10319	٣٤٥ - الحدادي محمد بن الحسين بن محمد بن مهران
10320	٣٤٦ - ابن الرومي عبد الله بن محمد النيسابوري
10320	٣٤٧ - البوزجاني أبو الوفاء محمد بن محمد بن يحيى
10321	٣٤٨ - أحمد بن منصور بن ثابت أبو العباس الشيرازي
10322	٣٤٩ - الرقي أبو بكر محمد بن يوسف بن يعقوب
10323	٣٥٠ - الدممي أبو الحسن علي بن حسان بن القاسم
10323	٣٥١ - القواس أبو الفتح يوسف بن عمر بن مسرور
10325	٣٥٢ - زاهر بن أحمد بن محمد بن عيسى السرخسي
10327	٣٥٣ - المخلص محمد بن عبد الرحمن بن العباس
10330	٣٥٤ - الكشاني أبو علي إسماعيل بن محمد بن أحمد
10330	٣٥٥ - الخفاف أبو الحسين أحمد بن محمد بن أحمد
10331	٣٥٦ - الكتاني أبو حفص عمر بن إبراهيم بن أحمد
10333	٣٥٧ - ابن حنزابة جعفر بن الفضل بن جعفر البغدادي
10337	٣٥٨ - النعيمي أبو حامد أحمد بن عبد الله بن نعيم
10338	٣٥٩ - ابن عبدان أحمد بن عبدان بن محمد الشيرازي
10339	٣٦٠ - حفيد ابن خزيمة محمد بن الفضل السلمي
10340	٣٦١ - الكشميهني أبو الهيثم محمد بن مكي بن محمد
10341	٣٦٢ - المستملي إبراهيم بن أحمد بن إبراهيم بن أحمد
10341	٣٦٣ - ابن حمويه أبو محمد عبد الله بن أحمد
10342	٣٦٤ - الجوزقي أبو بكر محمد بن عبد الله بن محمد
10344	٣٦٥ - ابن الفرات محمد بن العباس البغدادي
10345	٣٦٦ - ابن المزكي أحمد بن إبراهيم النيسابوري
10346	٣٦٧ - عبد الرحمن بن إبراهيم المزكي
10347	٣٦٨ - ابن حمشاذ محمد بن عبد الله النيسابوري
10348	٣٦٩ - الحاتمي أبو علي محمد بن الحسين بن المظفر
10349	٣٧٠ - الملك سبكتكين
10350	٣٧١ - المأموني أبو طالب عبد السلام بن الحسين
10351	٣٧٢ - ابن الطحان إسماعيل بن إسحاق القيسي
10352	٣٧٣ - جبريل بن محمد* بن إسماعيل بن سندول الخرقي
10353	٣٧٤ - الدمياطي أبو بكر محمد بن يحيى بن عمار
10353	٣٧٥ - العبدويي أحمد بن إبراهيم بن عبدويه الهذلي
10354	٣٧٦ - ابن سمعون محمد بن أحمد البغدادي
10360	٣٧٧ - الصاحب إسماعيل بن عباد بن عباس الطالقاني
10363	٣٧٨ - الساماني أبو القاسم نوح بن منصور بن نوح
10364	٣٧٩ - السامري عبد الله بن الحسين بن حسنون
10366	٣٨٠ - الزعفراني أبو سعيد الحسين بن محمد بن علي
10367	٣٨١ - صالح بن أحمد بن محمد بن أحمد التميمي
10368	- أبو الحسين البزاز
10370	٣٨٢ - الإشتيخني أبو بكر محمد بن أحمد بن مت
10371	٣٨٣ - ابن سكرة محمد بن عبد الله بن محمد الهاشمي
10371	٣٨٤ - ابن أبي غالب عبيد الله بن محمد المصري
10372	٣٨٥ - الصابئ أبو إسحاق إبراهيم بن هلال الحراني
10373	٣٨٦ - التنوخي أبو علي المحسن بن علي بن محمد
10375	٣٨٧ - الطبرخزي أبو بكر محمد بن العباس الخوارزمي
10375	٣٨٨ - ابن أبي شريح عبد الرحمن بن أحمد الأنصاري
10378	٣٨٩ - ابن بطة عبيد الله بن محمد بن محمد العكبري
10382	٣٩٠ - الرماني أبو الحسن علي بن عيسى النحوي
10384	٣٩١ - ابن جميل عبيد الله بن يعقوب الأصبهاني
10384	٣٩٢ - ابن ماهان عبد الوهاب بن عيسى الفارسي
10385	٣٩٣ - صاحب القوت محمد بن علي بن عطية الحارثي
10387	٣٩٤ - السكري أبو الحسن علي بن عمر بن محمد
10388	٣٩٥ - المخلدي أبو محمد الحسن بن أحمد بن محمد
10390	٣٩٦ - الضراب الحسن بن إسماعيل بن محمد المصري
10392	٣٩٧ - الحربي أبو زكريا يحيى بن إسماعيل بن يحيى
10393	٣٩٨ - المعافى بن زكريا بن يحيى بن حميد النهرواني
10396	٣٩٩ - ابن النعمان محمد بن النعمان بن محمد المغربي
10397	٤٠٠ - ابن حبابة عبيد الله بن محمد البغدادي
10400	٤٠٢ - ابن واضح أحمد بن يوسف بن أحمد الثقفي
10401	٤٠٣ - ابن رزيق أحمد بن عبد الله بن حميد البغدادي
10402	٤٠٤ - الحلبي أبو الحسن علي بن محمد بن إسحاق
10403	٤٠٥ - ابن زنبور محمد بن عمر بن علي البغدادي
10404	٤٠٦ - الأبهري أبو جعفر أحمد بن محمد بن المرزبان
10404	٤٠٧ - ابن الجندي أحمد بن محمد بن عمران النهشلي
10405	٤٠٨ - المؤمل بن أحمد بن محمد أبو القاسم الشيباني
10406	٤٠٩ - الكلابي عبد الوهاب بن الحسن بن الوليد
10407	٤١٠ - ابن درستويه الحسن بن محمد الدمشقي
10407	٤١١ - أبو مسلم الكاتب محمد بن أحمد بن علي
10409	٤١٢ - الأصيلي أبو محمد عبد الله بن إبراهيم
10410	٤١٣ - النصيبي أبو العباس أحمد بن نصر بن محمد
10411	٤١٤ - ابن خرشيذ قوله أحمد بن عمر الأصبهاني
10412	٤١٥ - الختن محمد بن الحسن بن إبراهيم الإستراباذي
10413	٤١٦ - ابن أخي ميمي محمد بن عبد الله البغدادي
10416	الجزء ١٧ [طبقة ٢١، ٢٢، ٢٣]
10416	تابع: الحادية والعشرون
10416	١ - صاحب الموصل حسام الدولة مقلد بن المسيب العقيلي
10417	٢ - الطوسي أبو الفضل نصر بن محمد بن أحمد
10419	٣ - ابن بكير الحسين بن أحمد بن عبد الله الصيرفي
10421	٤ - ابن أبي زيد أبو محمد عبد الله القيرواني المالكي
10424	٥ - أبو الهيثم عتبة بن خيثمة بن محمد النيسابوري
10425	٦ - الصيمري أبو القاسم عبد الواحد بن الحسين
10426	٧ - ابن أبي عامر أبو عامر محمد بن عبد الله القحطاني
10427	٨ - المرجي أبو القاسم نصر بن أحمد بن محمد
10428	٩ - ابن جني أبو الفتح عثمان بن جني الموصلي
10430	١٠ - الجرجاني أبو الحسن علي بن عبد العزيز
10433	١١ - علي بن أحمد بن عبد العزيز الجرجاني
10434	الطبقة الثانية والعشرون
10434	١٢ - الخطابي أبو سليمان حمد بن محمد بن إبراهيم
10439	١٣ - ابن مندة أبو عبد الله محمد بن إسحاق بن محمد
10454	١٤ - عبد الله بن أبي زرعة محمد بن أحمد القزويني
10455	١٥ - أبو زرعة الكشي محمد بن يوسف بن محمد
10457	١٦ - أبو زرعة الرازي أحمد بن الحسين بن علي
10459	١٧ - أبو زرعة الأستراباذي محمد بن إبراهيم
10460	١٨ - أبو زرعة الأستراباذي أحمد بن بندار بن محمد
10461	١٩ - أبو زرعة الدمشقي الصغير محمد بن عبد الله
10462	٢٠ - أبو زرعة الرازي روح بن محمد
10463	٢١ - الزكي أبو عبد الله محمد بن أحمد بن محمد بن يعقوب
10464	٢٢ - جيش بن محمد بن صمصامة أبو الفتح المغربي
10467	٢٣ - ابن ضيفون محمد بن عبد الملك اللخمي القرطبي
10468	٢٤ - ابن برطال محمد بن يحيى بن زكريا التميمي
10468	٢٥ - ابن عبدوس أبو بكر محمد بن أحمد النيسابوري
10469	٢٦ - أبو بكر أحمد بن محمد بن عبدوس النسوي
10469	٢٧ - أبو الحسن أحمد بن محمد بن عبدوس الحاتمي
10470	٢٨ - أبو الحسن أحمد بن محمد بن عبدوس العنزي
10470	٢٩ - ابن الحجاج أبو عبد الله الحسين البغدادي
10472	٣٠ - الرازي أبو الحسن علي بن عمر بن العباس
10473	٣١ - العنزي أبو عبد الله الحسين بن جعفر بن حمدان
10474	٣٢ - ابن الوزير أبو أحمد حسين بن محمد الدمشقي
10475	٣٣ - ابن وكيع الحسن بن علي بن أحمد الضبي
10476	٣٤ - الوليد بن بكر بن مخلد بن أبي دبار الغمري
10478	٣٥ - البديع الهمذاني أحمد بن الحسين بن يحيى
10479	٣٦ - البافي أبو محمد عبد الله بن محمد البخاري
10480	٣٧ - ابن خرشيذ قوله إبراهيم بن عبد الله الكرماني
10482	٣٨ - أبو نعيم الإسفرايني عبد الملك بن الحسن
10484	٣٩ - السلامي أبو الحسن محمد بن عبيد الله بن محمد
10485	٤٠ - ابن الباجي أحمد بن عبد الله بن محمد اللخمي
10486	٤١ - ابن لال أبو بكر أحمد بن علي بن أحمد الهمذاني
10488	٤٢ - أبو الرقعمق أبو حامد أحمد بن محمد الأنطاكي
10488	٤٣ - الوصي أبو الحسن محمد بن علي بن الحسين
10490	٤٤ - التاهرتي أحمد بن القاسم بن عبد الرحمن
10491	٤٥ - سعيد بن نصر أبو عثمان الأموي
10491	٤٦ - الجوهري أبو نصر إسماعيل بن حماد التركي
10493	٤٧ - ابن حمة عبد الرحمن بن عمر بن أحمد الخلال
10494	٤٨ - ابن أسد الجهني أبو محمد عبد الله بن محمد
10495	٤٩ - عبد الوارث بن سفيان بن جبرون القرطبي
10496	٥٠ - الإخميمي أبو الحسن محمد بن أحمد بن العباس
10497	٥١ - السامري أبو الحسن علي بن أحمد بن محمد
10497	٥٢ - الملاحمي أبو نصر محمد بن أحمد بن محمد
10498	٥٣ - ابن الإسماعيلي إسماعيل بن أحمد بن إبراهيم
10500	٥٤ - أبو نصر محمد بن أبي بكر أحمد الإسماعيلي
10501	٥٥ - البحيري أبو عمرو محمد بن أحمد بن محمد
10502	٥٦ - الببغاء أبو الفرج عبد الواحد بن نصر بن محمد
10503	٥٧ - صاحب بخارى المنتصر أبو إبراهيم إسماعيل
10505	٥٨ - الكلاباذي أبو نصر أحمد بن محمد بن الحسين
10507	٥٩ - الضبي أبو عبد الله الحسين بن هارون بن محمد
10509	٦٠ - العلوي أبو الحسن محمد بن الحسين بن داود
10510	٦١ - السيد أبو علي محمد بن الحسين العلوي
10510	٦٢ - ابن زنبيل أبو العباس أحمد بن الحسين بن أحمد
10511	٦٣ - ابن النجار محمد بن جعفر بن محمد التميمي
10512	٦٤ - الهرواني محمد بن عبد الله بن الحسين بن عبد الله
10514	٦٥ - ابن فارس أحمد بن فارس بن زكريا القزويني
10518	٦٧ - القصار أبو الحسن علي بن عمر بن أحمد
10519	٦٨ - القصار أبو بكر أحمد بن محمد بن أحمد
10520	٦٩ - ابن يونس علي بن عبد الرحمن بن أحمد الصدفي
10521	٧٠ - الجيزي أبو عبد الله أحمد بن عمر بن محمد
10522	٧١ - ابن أبي عمران أبو الفضل أحمد الهروي الصرام
10523	٧٢ - أبو علي البغدادي الحسن بن علي بن أحمد
10524	٧٣ - خلف بن القاسم بن سهل أبو القاسم الأزدي
10525	٧٤ - منصور بن عبد الله بن خالد بن أحمد الذهلي
10526	٧٥ - ابن تركان أحمد بن إبراهيم بن أحمد التميمي
10527	٧٦ - ملك سجستان خلف بن أحمد السجستاني
10530	٧٧ - أبو حيان التوحيدي علي بن محمد بن العباس
10534	٧٨ - هشام المؤيد بالله بن المستنصر
10544	٧٩ - سليمان المستعين بالله بن الحكم بن سليمان الأموي
10546	٨٠ - علي بن حمود بن ميمون بن أحمد بن علي الإدريسي
10547	٨١ - القاسم بن حمود بن ميمون الإدريسي
10548	٨٢ - يحيى بن علي بن حمود المعتلي بالله العلوي
10550	٨٣ - جهور بن محمد بن جهور أبو الحزم القرطبي
10551	٨٤ - أبو الوليد بن جهور بن محمد القرطبي
10552	٨٥ - إدريس بن علي بن حمود الحسني الإدريسي
10555	٨٦ - النوقاتي أبو عمر محمد بن أحمد بن محمد
10556	٨٧ - ابن النعمان أبو عبد الله الحسين بن علي المغربي
10557	٨٨ - أبو عبيد الهروي أحمد بن محمد بن محمد
10558	٨٩ - البستي أبو الفتح علي بن محمد الكاتب
10559	٩٠ - ابن الجسور أحمد بن محمد بن محمد الأموي
10560	٩١ - الحنائي أبو بكر عبد الله بن محمد بن عبد الله
10561	٩٢ - أبو جعفر أحمد بن محمد بن محمد الأموي
10562	٩٣ - أبو إسحاق إبراهيم بن محمد بن حسين بن شنظير الأموي
10562	٩٤ - ابن الأكفاني عبد الله بن محمد البغدادي
10563	٩٥ - أبو عبد الله أحمد بن محمد بن عبيد الله بن حسن الجوهري
10563	٩٦ - ابن جميع محمد بن أحمد بن محمد الغساني
10567	٩٧ - أبو بكر أحمد بن محمد بن أحمد الغساني
10567	٩٨ - السكن ابن جميع أبو محمد
10569	٩٩ - القابسي أبو الحسين علي بن محمد بن خلف
10573	١٠٠ - الحاكم محمد بن عبد الله بن محمد بن حمدويه
10588	١٠١ - ابن الفرضي عبد الله بن محمد القرطبي
10591	١٠٢ - صاحب اليمن ابن زياد
10592	١٠٣ - العبقسي أبو الحسن أحمد بن إبراهيم بن أحمد
10594	١٠٤ - ابن كج أبو القاسم يوسف بن أحمد الدينوري
10595	١٠٥ - ابن أبي حديد أبو بكر محمد بن أحمد السلمي
10596	١٠٦ - بهاء الدولة أبو نصر أحمد بن عضد الدولة ابن بويه
10597	١٠٧ - المجبر أبو الحسن أحمد بن محمد بن موسى
10598	١٠٨ - أبو الحسن أحمد بن محمد بن أحمد الأهوازي
10599	١٠٩ - ابن أبي زمنين محمد بن عبد الله المري
10601	١١٠ - ابن الباقلاني أبو بكر محمد بن الطيب البصري
10604	١١١ - أبو حامد الإسفراييني أحمد بن محمد بن أحمد
10608	١١٢ - ابن بيري أبو بكر بن عبيد بن الفضل الواسطي
10609	١١٣ - ابن خزفة علي بن محمد بن علي الواسطي
10610	١١٤ - الخزاعي أبو القاسم علي بن أحمد بن محمد
10611	١١٥ - السليماني أبو الفضل أحمد بن علي بن عمرو
10614	١١٦ - ابن حامد الحسن بن حامد بن علي البغدادي
10615	١١٧ - ابن وجه الجنة يحيى بن عبد الرحمن القرطبي
10616	١١٨ - ابن الرسان أحمد بن فتح بن عبد الله القرطبي
10616	١١٩ - لحية الزبل سعيد بن عثمان بن سعيد البربري
10617	١٢٠ - ابن المكوي أحمد بن عبد الملك الإشبيلي
10618	١٢١ - الصعلوكي سهل بن محمد بن سليمان
10620	١٢٢ - ابن الليث الحسن بن أحمد بن محمد الكشي
10621	١٢٣ - ابن فطيس عبد الرحمن بن محمد القرطبي
10623	١٢٤ - أبو أحمد الفرضي عبيد الله بن محمد بن أحمد
10625	١٢٥ - ابن فورك أبو بكر محمد بن الحسن الأصبهاني
10627	١٢٦ - باديس بن منصور بن يوسف بن بلكين بن زيري
10628	١٢٧ - ابن اللبان محمد بن عبد الله بن الحسن البصري
10630	١٢٨ - أبو علي الروذباري الحسين بن محمد بن محمد
10631	١٢٩ - ابن ثرثال أحمد بن عبد العزيز بن أحمد التيمي
10632	١٣٠ - ابن البيع عبد الله بن عبيد الله بن يحيى البغدادي
10632	١٣١ - ابن مهدي عبد الواحد بن محمد الفارسي
10634	١٣٢ - أبو علي الفارسي عبد الملك بن محمد
10634	١٣٣ - ابن أبي الفوارس محمد بن أحمد البغدادي
10636	١٣٤ - أبو عمر الهاشمي القاسم بن جعفر البصري
10637	١٣٥ - الإدريسي عبد الرحمن بن محمد بن محمد
10638	١٣٦ - أبو مسعود إبراهيم بن محمد بن عبيد الدمشقي
10641	١٣٧ - عميد الجيوش أبو علي الحسين بن أبي جعفر
10642	١٣٨ - الحليمي الحسين بن الحسن بن محمد بن حليم
10645	١٣٩ - ابن نباتة عبد العزيز بن عمر بن محمد التميمي
10646	١٤٠ - الخوارزمي أبو بكر محمد بن موسى البغدادي
10646	١٤١ - ابن جوله عبد الله بن أحمد بن محمد الأبهري
10647	١٤٢ - السقطي عبيد الله بن محمد بن أحمد بن جعفر
10648	١٤٣ - ابن حبيب الحسن بن محمد النيسابوري
10649	١٤٤ - ابن حبيب عبد الرحمن بن محمد النيسابوري
10650	١٤٥ - عبد الله بن يوسف بن أحمد بن بامويه الأردستاني
10651	١٤٦ - النجاد علي بن القاسم بن الحسن البصري
10651	١٤٧ - ابن بالويه عبد الرحمن بن محمد النيسابوري
10652	١٤٨ - ابن الدباغ خلف بن القاسم بن سهل الأندلسي
10653	١٤٩ - الشيرازي أحمد بن عبد الرحمن بن أحمد
10655	١٥٠ - القاضي عبد الجبار بن أحمد بن عبد الجبار بن أحمد بن خليل الهمذاني
10656	١٥١ - الإسفراييني محمد بن أحمد بن عبد الوهاب
10658	١٥٢ - السلمي محمد بن الحسين بن محمد بن موسى
10667	١٥٣ - الخركوشي عبد الملك بن محمد بن إبراهيم
10668	١٥٤ - الجراحي عبد الجبار بن محمد بن عبد الله
10669	١٥٥ - ابن رزقويه محمد بن أحمد بن محمد البغدادي
10671	١٥٦ - خلف بن محمد بن علي أبو علي الواسطي
10674	١٥٨ - ظفر بن محمد بن أحمد بن محمد بن زبارة العلوي
10675	١٥٩ - المهلبي أبو يعلى حمزة بن عبد العزيز بن محمد
10676	١٦٠ - المحاملي أبو الحسين محمد بن أحمد بن القاسم
10676	١٦١ - ابن برهان الحسين بن عمر البغدادي
10677	١٦٢ - ابن الدلم صدقة بن محمد بن أحمد القرشي
10679	١٦٤ - عبد الغني بن سعيد بن علي بن سعيد بن بشر بن مروان الأزدي
10684	١٦٥ - أبو الفضل التميمي عبد الواحد بن عبد العزيز
10685	١٦٦ - أبو منصور الأزدي محمد بن محمد بن عبد الله
10686	١٦٧ - أبو أحمد منصور بن محمد المهلبي
10686	١٦٨ - ابن جهضم علي بن عبد الله بن الحسن الهمذاني
10689	١٧٠ - طغان خان التركي
10690	٨٠ - الناصر لدين الله علي بن حمود بن ميمون
10691	١٧١ - ابن بابك عبد الصمد بن منصور البغدادي
10692	١٧٢ - ابن سراقة أبو الحسن محمد بن يحيى العامري
10693	١٧٣ - فخر الملك محمد بن علي بن خلف
10696	١٧٤ - الرضي الشريف محمد بن الحسين بن موسى
10697	١٧٥ - الجرجاني محمد بن إبراهيم بن جعفر اليزدي
10699	١٧٦ - ابن المتيم أحمد بن محمد بن أحمد البغدادي
10700	١٧٧ - تمام بن محمد بن عبد الله بن جعفر البجلي
10704	١٧٨ - الحفار أبو الفتح هلال بن محمد بن جعفر
10706	١٧٩ - المزكي أبو زكريا يحيى بن إبراهيم بن محمد
10708	١٨٠ - ابن ميلة علي بن محمد بن أحمد الأصبهاني
10710	١٨١ - الرازي أبو العباس أحمد بن الحسن بن بندار
10711	١٨٢ - عبد الرحيم بن إلياس العبيدي
10712	١٨٣ - الماليني أبو سعد أحمد بن محمد بن أحمد
10715	١٨٤ - غنجار محمد بن أحمد بن محمد البخاري
10716	١٨٥ - ابن السقا علي بن محمد بن علي الإسفراييني
10717	١٨٦ - اليزدي أحمد بن عبد الرحمن بن أحمد
10718	١٨٧ - النقاش أبو سعيد محمد بن علي بن عمرو
10719	١٨٨ - ابن مردويه أبو بكر أحمد بن موسى الأصبهاني
10722	١٨٩ - ابن بشران علي بن محمد بن عبد الله الأموي
10724	١٩٠ - ابن النحاس عبد الرحمن بن عمر التجيبي
10726	١٩١ - محمد بن أسد بن علي أبو الحسين البغدادي
10726	١٩٢ - علي بن هلال ابن البواب البغدادي
10731	١٩٣ - البسطامي أبو عمر محمد بن الحسين بن محمد
10732	١٩٤ - العيسوي علي بن عبد الله بن إبراهيم بن أحمد
10733	١٩٥ - ابن دوست أحمد بن محمد بن يوسف البغدادي
10735	١٩٦ - صريع الدلاء محمد بن عبد الواحد البصري
10737	١٩٧ - القزاز أبو عبد الله محمد بن جعفر التميمي
10738	١٩٨ - الراشد بالله الحسن بن جعفر العلوي
10738	١٩٩ - الغضائري الحسين بن الحسن بن محمد
10739	٢٠٠ - الغضائري الحسين بن عبيد الله بن إبراهيم
10740	٢٠١ - ابن الحاج أبو العباس أحمد بن محمد الإشبيلي
10742	٢٠٢ - القطان أبو الحسين محمد بن الحسين بن محمد
10743	٢٠٣ - الوهراني عبد الرحمن بن عبد الله بن خالد
10744	٢٠٤ - العبدويي أبو حازم عمر بن أحمد بن إبراهيم
10748	٢٠٥ - ابن حسنون أحمد بن محمد بن أحمد النرسي
10749	٢٠٦ - ابن المنذر الحسن بن الحسن بن علي البغدادي
10750	٢٠٧ - ابن أبي كامل الحسين بن عبد الله العبسي
10750	٢٠٨ - الباشاني أبو عبد الله محمد بن علي بن الحسين
10751	٢٠٩ - النعيمي أبو منصور أحمد بن الفضل
10752	٢١٠ - ابن المسلمة أحمد بن محمد بن عمر البغدادي
10753	٢١١ - حمد بن عمر بن أحمد بن إبراهيم الزجاج
10753	٢١٢ - القنازعي عبد الرحمن بن مروان بن عبد الرحمن
10755	٢١٣ - الشيخ المفيد محمد بن محمد بن النعمان البغدادي
10756	٢١٤ - سلطان الدولة أبو شجاع فناخسرو بن خره فيروز الديلمي
10758	٢١٥ - المستظهر بالله عبد الرحمن بن هشام بن عبد الجبار
10759	٢١٦ - الحناط أبو بكر خلف بن عمر بن خلف
10760	٢١٧ - الخصيب بن عبد الله بن محمد بن الحسين بن الخصيب المصري
10761	٢١٨ - الصيرفي أبو سعيد محمد بن موسى بن الفضل
10762	٢١٩ - ابن خواستى عبد العزيز بن جعفر بن محمد
10764	٢٢٠ - أبو إسحاق الإسفراييني إبراهيم بن محمد
10767	٢٢١ - الحيري أبو بكر أحمد بن الحسن بن أحمد
10769	٢٢٢ - الستيتي أبو الحسين أحمد بن محمد بن سلامة
10770	٢٢٣ - ابن أبي الشوارب أحمد بن محمد بن عبد الله
10771	٢٢٤ - العكبري أبو حفص عمر بن أحمد بن عثمان
10772	٢٢٥ - الرباطي أبو بكر محمد بن عبد الله بن أحمد
10772	٢٢٦ - المسبحي محمد بن عبيد الله بن أحمد
10774	٢٢٧ - التباني أبو عبد الله الحسين بن أحمد بن علي
10775	٢٢٨ - أبو أسامة الهروي محمد بن أحمد بن محمد
10776	٢٢٩ - ابن دراج أبو عمر أحمد بن محمد بن العاص
10777	٢٣٠ - ابن أبي نصر أبو محمد عبد الرحمن بن عثمان بن القاسم
10779	٢٣١ - الكاغدي منصور بن نصر بن عبد الرحيم
10780	٢٣٢ - الرزاز أبو الحسن علي بن أحمد بن محمد
10781	٢٣٣ - ابن مخلد محمد بن محمد بن محمد البغدادي
10783	٢٣٤ - ابن الفخار محمد بن عمر بن يوسف القرطبي
10785	٢٣٥ - ابن العجوز عبد الرحيم بن أحمد الكتامي
10786	٢٣٦ - صالح بن مرداس أسد الدولة الكلابي
10787	٢٣٧ - إسماعيل بن ينال أبو إبراهيم المحبوبي
10788	٢٣٨ - الجمال الحسين بن إبراهيم بن محمد الأصبهاني
10788	٢٣٩ - البجاني أبو علي الحسين بن عبد الله بن الحسين
10790	٢٤٠ - القراب إسماعيل بن إبراهيم بن محمد
10792	٢٤١ - ابن العالي أحمد بن محمد بن منصور الخراساني
10792	٢٤٢ - التهامي أبو الحسن علي بن محمد بن فهد
10793	٢٤٣ - الجرجرائي أبو بكر محمد بن إدريس بن محمد
10794	٢٤٤ - ابن فنجويه الحسين بن محمد بن الحسين
10795	٢٤٥ - الجارودي أبو الفضل محمد بن أحمد بن محمد
10797	٢٤٦ - السكري عبد الله بن يحيى بن عبد الجبار
10798	٢٤٧ - سابور بن أردشير بهاء الدولة أبو نصر
10799	٢٤٨ - غلام محسن أحمد بن إبراهيم الأصبهاني
10799	٢٤٩ - ابن حيد محمد بن علي بن محمد النيسابوري
10800	٢٥٠ - السهلي أبو الفضل أحمد بن محمد بن عبد الله
10800	٢٥١ - السليطي أبو الحسن أحمد بن محمد بن الحسين
10801	٢٥٢ - المعاذي أبو عبد الله الحسين بن أحمد بن محمد
10801	٢٥٣ - الجصاص أبو محمد طاهر بن حسن بن إبراهيم
10803	٢٥٤ - النسائي أبو بكر محمد بن زهير بن أخطل
10803	٢٥٥ - الربعي أبو الحسن علي بن عيسى بن الفرج
10804	٢٥٦ - ابن مرزوق أحمد بن محمد بن القاسم المصري
10805	٢٥٧ - ابن المغربي الحسين بن علي بن الحسين المصري
10808	٢٥٨ - المستكفي محمد بن عبد الرحمن بن عبيد الله
10808	٢٥٩ - ابن عبدان أبو الحسن علي بن أحمد الشيرازي
10809	٢٦٠ - ابن شهريار الفضل بن عبيد الله الأصبهاني
10810	٢٦١ - ابن الخلال محمد بن عبد الرحمن الطائي
10811	٢٦٢ - عبد المحسن بن محمد بن أحمد الصوري
10811	٢٦٣ - ابن هارون أبو نصر محمد بن أحمد الغساني
10812	٢٦٤ - أبو صادق محمد بن أحمد النيسابوري
10813	٢٦٥ - الحمامي أبو الحسن علي بن أحمد بن عمر
10814	٢٦٦ - ابن المحاملي أحمد بن محمد بن أحمد الضبي
10816	٢٦٧ - القفال أبو بكر عبد الله بن أحمد بن عبد الله
10819	٢٦٨ - مشرف الدولة أبو علي بن بهاء الدولة بن عضد الدولة بن بويه
10820	٢٦٩ - الطرازي أبو الحسن علي بن محمد بن محمد
10822	الطبقة الثالثة والعشرون
10822	٢٧٠ - الحرفي عبد الرحمن بن عبيد الله بن عبد الله
10823	٢٧١ - عطية بن سعيد بن عبد الله أبو محمد الأندلسي
10826	٢٧٢ - الجوبري عبد الرحمن بن محمد بن يحيى
10826	٢٧٣ - ابن شاذان الحسن بن أحمد بن إبراهيم البغدادي
10830	٢٧٤ - اللالكائي هبة الله بن الحسن بن منصور الطبري
10831	٢٧٥ - الخرجاني أبو الحسن علي بن أحمد بن محمد
10832	٢٧٦ - أبو الحسن علي بن محمد بن أحمد الجرجاني
10832	٢٧٧ - الخرقاني أبو الحسن علي بن أحمد البسطامي
10833	٢٧٨ - ابن زهر أبو بكر محمد بن مروان الإيادي
10834	٢٧٩ - القطان محمد بن يوسف بن أحمد النيسابوري
10834	٢٨٠ - ابن نجاح أبو الحسين يحيى بن نجاح القرطبي
10835	٢٨١ - الصباغ أبو بكر محمد بن الطيب بن سعد
10835	٢٨٢ - الفشيديزجي الحسين بن الخضر بن محمد
10837	٢٨٣ - ابن ذنين عبد الله بن عبد الرحمن الصدفي
10838	٢٨٤ - ابن كردان أبو القاسم علي بن طلحة الواسطي
10839	٢٨٥ - الأردستاني أبو بكر محمد بن إبراهيم بن أحمد
10840	٢٨٦ - الفارسي أبو بكر محمد بن إبراهيم المشاط
10840	٢٨٧ - القاضي عبد الوهاب أبو محمد بن علي التغلبي
10843	٢٨٨ - ابن شبانة عبد الرحمن بن محمد الهمذاني
10844	٢٨٩ - الذكواني محمد بن أحمد بن عبد الرحمن
10846	٢٩٠ - أبو طاهر بن سلمة الحسين بن علي بن الحسن بن محمد
10846	٢٩١ - الثعلبي أبو إسحاق أحمد بن محمد بن إبراهيم
10848	٢٩٢ - الثعالبي عبد الملك بن محمد بن إسماعيل
10849	٢٩٣ - ابن منجويه أحمد بن علي بن محمد اليزدي
10852	٢٩٤ - النجيرمي يوسف بن يعقوب بن إسماعيل
10852	٢٩٥ - المفسر منصور بن الحسين بن محمد النيسابوري
10853	٢٩٦ - القومساني محمد بن أحمد بن محمد بن مزدين
10854	٢٩٧ - حمزة بن محمد بن طاهر أبو طاهر البغدادي
10855	٢٩٨ - ابن الحذاء محمد بن يحيى بن أحمد التميمي
10856	٢٩٩ - النعيمي أبو الحسن علي بن أحمد بن الحسن
10858	٣٠٠ - الأرموي عبد الغفار بن عبد الواحد بن محمد
10859	٣٠١ - عمر بن إبراهيم بن إسماعيل أبو الفضل الهروي
10860	٣٠٢ - ابن مصعب محمد بن علي بن إبراهيم التيمي
10861	٣٠٣ - ابن بشران عبد الملك بن محمد الأموي
10863	٣٠٤ - المنيني أبو بكر محمد بن رزق الله بن عبيد الله
10864	٣٠٥ - أبو نعيم المهراني أحمد بن عبد الله بن أحمد بن إسحاق بن موسى بن مهران
10875	٣٠٦ - البرقاني أبو بكر أحمد بن محمد بن أحمد
10879	٣٠٧ - المري أبو نصر عبد الوهاب بن عبد الله بن عمر
10880	٣٠٨ - السهمي أبو القاسم حمزة بن يوسف بن إبراهيم
10882	٣٠٩ - ابن دوست عثمان بن محمد بن يوسف البغدادي
10883	٣١٠ - مهيار بن مرزويه أبو الحسن الديلمي الفارسي
10884	٣١٢ - ابن غرسية القرطبي عبد الرحمن بن أحمد
10886	٣١٣ - المرزوقي أبو علي أحمد بن محمد بن الحسن
10887	٣١٤ - ابن نظيف أبو عبد الله محمد بن الفضل المصري
10888	٣١٥ - المنقي أبو بكر أحمد بن طلحة البغدادي
10889	٣١٦ - ابن عبدكويه علي بن يحيى بن جعفر الأصبهاني
10890	٣١٧ - طلحة بن علي بن الصقر أبو القاسم البغدادي
10892	٣١٨ - يحيى بن عمار بن يحيى بن عمار بن العنبس
10894	٣١٩ - السلطان أبو القاسم محمد بن سبكتكين التركي
10906	٣٢٠ - مسعود بن محمد السلطان شهاب الدولة
10908	٣٢١ - ابن الطبيز عبد الرحمن بن عبد العزيز الحلبي
10910	٣٢٢ - الميداني عبد الوهاب بن جعفر الدمشقي
10911	٢٢٩ - ابن دراج أحمد بن محمد بن العاص القسطلي
10912	٣٢٣ - ابن شهيد أبو عامر أحمد بن عبد الملك بن مروان
10913	٣٢٤ - تراب بن عمر بن عبيد المصري
10913	٣٢٥ - الفلكي أبو الفضل علي بن الحسين
10915	٣٢٦ - الرزجاهي أبو عمرو محمد بن عبد الله بن أحمد
10916	٣٢٧ - الزيدي أبو القاسم علي بن محمد بن علي الهاشمي
10917	٣٢٨ - ابن السمسار علي بن موسى بن الحسين الدمشقي
10918	٣٢٩ - صاعد بن محمد بن أحمد بن عبد الله الأستوائي
10919	٣٣٠ - سيار بن يحيى بن محمد بن إدريس
10920	٣٣١ - ابن عليك عبد الرحمن بن الحسن النيسابوري
10920	٣٣٢ - ابن دوست عبد الرحمن بن محمد النيسابوري
10921	٣٣٣ - القيشطالي أبو عمرو عثمان بن أحمد
10922	٣٣٤ - الدزبري أبو منصور نوشتكين بن عبد الله التركي
10924	٣٣٥ - شعيب بن عبد الله بن المنهال أبو عبد الله المصري
10924	٣٣٦ - الرخجي أبو علي الحسين
10925	٣٣٧ - الكسار أبو نصر أحمد بن الحسين بن محمد
10925	٣٣٨ - ابن رزمة محمد بن عبد الواحد بن علي البزاز
10926	٣٣٩ - ابن فاذشاه أحمد بن محمد بن الحسين الأصبهاني
10927	٣٤٠ - ذو القرنين أبو المطاع بن حمدان بن الحسن التغلبي
10928	٨١ - الإدريسي القاسم بن حمود بن ميمون
10929	٣٤١ - الأملوكي أبو المعمر المسدد بن علي
10929	٣٤٢ - الإسماعيلي المفضل بن إسماعيل بن أبي بكر
10930	٣٤٣ - الخولاني شيخ المالكية، مفتي القيروان
10931	٣٤٤ - الإسماعيلي السري بن إسماعيل بن أحمد
10932	٣٤٥ - الدبوسي أبو زيد عبد الله بن عمر
10932	٣٤٦ - الحوفي أبو الحسن علي بن إبراهيم
10933	٣٤٧ - الرازي أبو بكر أحمد بن علي
10934	٣٤٨ - البراذعي أبو سعيد خلف بن أبي القاسم الأزدي
10934	٣٤٩ - ابن غالب عبد الله بن غالب بن تمام الهمداني
10935	٣٥٠ - الزهري أبو طالب عمر بن إبراهيم بن سعيد
10936	٨٣ - جهور بن محمد بن جهور بن عبيد الله
10937	٣٥١ - ابن شعيب أبو علي الحسن بن محمد المروزي
10938	٣٥٢ - الطحان أبو القاسم عبد الباقي بن محمد البغدادي
10938	٣٥٣ - ابن كردي أحمد بن محمد بن علي الأنماطي
10938	٣٥٤ - ابن عباد أبو القاسم محمد بن إسماعيل اللخمي
10941	٣٥٥ - الأردستاني محمد بن عبد الواحد بن عبيد الله
10942	٣٥٦ - ابن سينا أبو علي الحسين بن عبد الله البلخي
10948	٣٤٠ - ذو القرنين أبو مطاع بن الحسن بن عبد الله التغلبي
10949	٣٥٧ - المحاملي أبو عبد الله أحمد بن عبد الله بن الحسين
10949	٣٥٨ - ابن الحارث أحمد بن محمد بن عبد الله التميمي
10950	٣٥٩ - الحيري إسماعيل بن أحمد النيسابوري
10951	٣٦٠ - ابن رامش منصور بن رامش بن عبد الله النيسابوري
10952	٣٦١ - ابن مغلس عبد العزيز بن أحمد بن السيد الأندلسي
10952	٨٢ - المعتلي أبو زكريا يحيى بن علي الإدريسي
10953	٣٦٢ - ابن شهاب الحسن بن شهاب بن الحسن العكبري
10955	٣٦٣ - ابن باكويه محمد بن عبد الله بن عبيد الله الشيرازي
10959	٣٦٥ - بشرى بن مسيس أبو الحسن الرومي
10961	٣٦٦ - محمد بن عوف بن أحمد بن محمد بن عبد الرحمن المزني
10962	٣٦٧ - ابن المزكي محمد بن إبراهيم النيسابوري
10963	٣٦٨ - القرشي أبو عثمان سعيد بن العباس بن محمد
10964	٣٦٩ - النصرويي عبد الرحمن بن حمدان بن محمد
10965	٣٧٠ - أبو ذر الهروي عبد بن أحمد بن محمد
10974	٣٧١ - محمد بن عيسى بن عبد العزيز بن الصباح الهمذاني
10975	٣٧٢ - المستغفري أبو العباس جعفر بن محمد بن المعتز
10976	٣٧٣ - الحنائي أبو الحسن علي بن محمد بن إبراهيم
10977	٣٧٤ - الطلمنكي أبو عمر أحمد بن محمد بن عبد الله
10980	٣٧٥ - ابن مغيث يونس بن عبد الله بن محمد القرطبي
10981	٣٧٦ - القراب إسحاق بن إبراهيم بن محمد الهروي
10983	٣٧٧ - عبد القاهر بن طاهر أبو منصور البغدادي
10984	٣٧٨ - أبو منصور الأيوبي محمد بن الحسن
10985	٣٧٩ - ابن الميراثي أحمد بن محمد بن عيسى البلوي
10985	٣٨٠ - القدوري أبو الحسين أحمد بن محمد بن أحمد
10987	٣٨١ - الأبهري أبو محمد جعفر بن محمد بن الحسين
10988	٣٨٢ - جلال الدولة فيروزجرد بن بهاء الدولة الديلمي
10989	٣٨٣ - الأزهري عبيد الله بن أحمد بن عثمان البغدادي
10990	٣٨٤ - المهلب بن أحمد بن أبي صفرة أسيد بن عبد الله الأسدي
10991	٣٨٥ - ابن ماما أحمد بن محمد بن أحيد الأصبهاني
10991	٣٨٦ - الربعي أبو الحسن علي بن الحسن بن علي
10993	٣٨٧ - الدلويي أبو حامد أحمد بن محمد بن أحمد
10993	٣٨٨ - الجرجرائي أبو القاسم علي بن أحمد
10994	٣٨٩ - المنازي أبو نصر أحمد بن يوسف الكاتب
10995	٣٩٠ - التياني أبو غالب تمام بن غالب بن عمر
10996	٣٩١ - الصفار أبو سعد عبد الرحمن بن أحمد بن عمر
10997	٣٩٢ - ابن ميقل محمد بن عبد الله بن أحمد المرسي
10998	٣٩٣ - أبو الحسين البصري محمد بن علي بن الطيب
10999	٣٩٤ - المرتضى علي بن حسين بن موسى القرشي
11002	٣٩٥ - مكي أبو محمد بن حموش بن محمد القيسي
11004	٣٩٦ - الخلال أبو محمد الحسن بن محمد بن الحسن
11006	٣٩٧ - ابن ريذة محمد بن عبد الله بن أحمد الأصبهاني
11007	٣٩٨ - أبو حسان المزكي محمد بن أحمد بن جعفر
11008	٣٩٩ - الخلال أبو عبد الله الحسين بن محمد بن الحسن البغدادي
11009	٤٠٠ - ابن غيلان محمد بن محمد بن إبراهيم الهمداني
11012	٤٠١ - ابن شاهين عبيد الله بن عمر بن أحمد البغدادي
11012	٤٠٢ - ابن حمصة أبو الحسن علي بن عمر الحراني
11013	٤٠٣ - العتيقي أبو الحسن أحمد بن محمد بن أحمد
11015	٤٠٤ - ابن سختام علي بن إبراهيم بن نصرويه الغزي
11016	٤٠٥ - البرمكي أبو إسحاق إبراهيم بن عمر بن أحمد
11018	٤٠٦ - الكراعي أبو غانم أحمد بن علي بن حسين
11019	٤٠٧ - ابن العلاف محمد بن علي بن محمد البغدادي
11019	٤٠٨ - الذكواني عبد الرحمن بن محمد بن أحمد
11020	٤٠٩ - القزويني أبو الحسن علي بن عمر بن محمد
11024	٤١٠ - الفارسي علي بن محمد بن علي بن أحمد
11025	٤١١ - ابن عابد محمد بن عبد الله بن سعيد المعافري
11026	٤١٢ - الصيمري الحسين بن علي بن محمد الحنفي
11028	٤١٣ - الجويني عبد الله بن يوسف بن عبد الله الطائي
11029	٤١٤ - الطناجيري الحسين بن علي بن عبيد الله
11030	٤١٥ - ابن منير علي بن منير بن أحمد الخلال المصري
11031	٤١٦ - الوزير أبو الفرج محمد بن جعفر بن محمد بن العباس بن فسانجس
11032	٤١٨ - حفيد المقتدر الحسن بن عيسى بن المقتدر بالله العباسي
11033	٤١٩ - الميهني أبو سعيد فضل بن محمد بن أحمد
11033	٤٢٠ - السواق محمد بن محمد بن عثمان البغدادي
11034	٤٢١ - اللبيدي أبو القاسم بن محمد الحضرمي
11035	٤٢٢ - خاموش أحمد بن الحسن بن محمد الرازي
11037	٤٢٣ - علي بن ربيعة بن علي أبو الحسن التميمي
11038	٤٢٤ - الصوري محمد بن علي بن عبد الله الشامي
11042	٤٢٥ - أبو كاليجار مرزبان بن سلطان الدولة ابن بويه
11043	٤٢٦ - العزيز أبو منصور بن جلال الدولة بن بهاء الدولة
11044	٤٢٧ - قرواش بن مقلد بن المسيب بن رافع العقيلي
11045	٤٢٨ - مودود بن مسعود بن محمود بن سبكتكين
11046	٤٢٩ - ابن سعدان محمد بن عبد السلام الجذامي
11047	٤٣٠ - العلوي أبو عبد الله محمد بن علي بن الحسن
11048	٤٣١ - ابن فدويه أبو الحسن محمد بن إسحاق الكوفي
11049	٤٣٢ - ابن صخر محمد بن علي بن محمد الأزدي
11050	٤٣٣ - أبو طاهر بن عبد الرحيم الأصبهاني
11051	٤٣٤ - ابن المذهب الحسن بن علي بن محمد التميمي
11054	٤٣٥ - العمري أبو الفتح ناصر بن الحسين بن محمد
11056	٤٣٦ - سليم بن أيوب بن سليم أبو الفتح الرازي
11058	٤٣٧ - ابن سلوان محمد بن علي بن يحيى المازني
11059	٤٣٨ - ابن أبي نصر محمد بن عبد الرحمن التميمي
11060	٤٣٩ - أبو علي أحمد بن عبد الرحمن التميمي
11060	٤٤٠ - التنوخي أبو القاسم علي بن المحسن بن علي
11062	٤٤١ - السمناني أبو جعفر محمد بن أحمد بن محمد
11063	٤٤٢ - أحمد بن أبي جعفر أبو الحسين السمناني
11063	٤٤٣ - الكسائي أبو الحسن علي بن عبيد الله بن محمد
11064	٤٤٤ - ابن اللبان أبو محمد عبد الله بن محمد التيمي
11065	٤٤٥ - أبو نصر السجزي عبيد الله بن سعيد بن حاتم
11068	٤٤٦ - العالي بالله إدريس بن يحيى بن علي بن حمود
11069	٤٤٧ - عبد الله بن الوليد بن سعد بن بكر الأنصاري
11070	٤٤٨ - الخفاف أبو القاسم عمر بن الحسين بن إبراهيم
11070	٤٤٩ - حكم بن محمد بن حكم بن إفرانك الجذامي
11071	٤٥٠ - الناصحي أبو محمد عبد الله بن الحسين
11072	٤٥١ - ابن مسكين عبد الملك بن عبد الله المصري
11072	٤٥٢ - الغندجاني عبد الوهاب بن محمد بن موسى
11073	٤٥٣ - ابن المعتز عبيد الله بن المعتز النيسابوري
11073	٤٥٤ - الباقلاني علي بن إبراهيم بن عيسى البغدادي
11074	٤٥٥ - ابن حمدان أبو طاهر محمد بن أحمد بن علي
11075	٤٥٦ - الطفال محمد بن الحسين بن محمد النيسابوري
11076	٤٥٧ - العادل أبو عبد الله عبد الرحيم بن حسين
11077	٤٥٨ - الخليلي الخليل بن عبد الله بن أحمد القزويني
11079	٤٥٩ - أبو الطيب الطبري طاهر بن عبد الله بن طاهر
11084	الجزء ١٨ [طبقة ٢٤، ٢٥]
11084	الطبقة الرابعة والعشرون
11084	١ - السعدي أبو الفضل محمد بن أحمد بن عيسى
11085	٢ - النوقاني أبو منصور محمد بن محمد بن أبي بكر
11085	٣ - ابن المأموني القاسم بن محمد بن هشام الرعيني
11086	٤ - حجاج بن القاسم بن محمد بن هشام الرعيني
11087	٥ - منصور بن عمر بن علي أبو القاسم البغدادي
11087	٦ - الخوارزمي أبو سعيد أحمد بن محمد بن علي
11088	٧ - ابن مأمون حميد بن المأمون بن حميد القيسي
11089	٨ - ابن مسرور عمر بن أحمد بن عمر النيسابوري
11090	٩ - القادسي أبو عبد الله الحسين بن أحمد بن محمد
11091	١٠ - أحمد بن محمد بن عبدوس الزعفراني
11092	١١ - الأهوازي أبو علي الحسن بن علي بن إبراهيم بن يزداد
11097	١٢ - الأزجي أبو القاسم عبد العزيز بن علي بن أحمد
11098	١٣ - عبد الغافر بن محمد بن عبد الغافر الفارسي
11100	١٤ - الخولاني محمد بن عبد الله بن عبد الرحمن
11101	١٥ - ابن الصباغ محمد بن عبد الواحد البغدادي
11102	١٦ - أبو العلاء المعري أحمد بن عبد الله بن سليمان
11119	١٧ - الصابوني إسماعيل بن عبد الرحمن بن أحمد
11123	١٨ - الخبازي أبو عبد الله محمد بن علي بن محمد
11124	١٩ - عميد الرؤساء أبو طالب محمد بن أيوب المراتبي
11126	٢٠ - ابن بطال علي بن خلف بن بطال القرطبي
11127	٢١ - العشاري أبو طالب محمد بن علي بن الفتح
11129	٢٢ - ابن الترجمان محمد بن الحسين بن علي العزي
11130	٢٣ - الحمال أبو الحسن رافع بن نصر البغدادي
11131	٢٤ - أبو الفرج الدارمي محمد بن عبد الواحد
11133	٢٥ - الفالي أبو الحسن علي بن أحمد بن علي النحوي
11134	٢٦ - السمان أبو سعد إسماعيل بن علي بن الحسين
11139	٢٧ - ابن بشران أبو بكر محمد بن عبد الملك الأموي
11141	٢٨ - أبو مسعود البجلي أحمد بن محمد بن عبد الله
11143	٢٩ - الماوردي أبو الحسن علي بن محمد بن حبيب
11147	٣٠ - الجوهري أبو محمد الحسن بن علي بن محمد
11150	٣١ - السميساطي أبو القاسم علي بن محمد بن يحيى
11151	٣٢ - الجيلي أبو إسحاق إبراهيم بن العباس
11152	٣٣ - سبط بحرويه إبراهيم بن منصور بن إبراهيم السلمي
11152	٣٤ - ابن عمروس محمد بن عبيد الله بن أحمد البغدادي
11154	٣٥ - أبو يعلى الصابوني إسحاق بن عبد الرحمن بن أحمد
11156	٣٦ - أبو عمرو الداني عثمان بن سعيد بن عثمان
11163	٣٧ - النرسي أبو الحسين محمد بن أحمد بن محمد
11164	٣٨ - ابن الآبنوسي محمد بن أحمد بن محمد بن علي
11165	٣٩ - العيار أبو عثمان سعيد بن أحمد بن محمد
11168	٤٠ - القاضي أبو يعلى البغدادي محمد بن الحسين
11171	٤١ - القضاعي أبو عبد الله محمد بن سلامة بن جعفر
11173	٤٢ - المغربي أبو بكر أحمد بن منصور بن خلف
11174	٤٣ - كله عبد الواحد بن أحمد بن محمد العبدي
11175	٤٤ - ابن غزو عبد الرحمن بن غزو بن محمد النهاوندي
11177	٤٥ - ابن حمدون أبو بكر محمد بن محمد السلمي
11178	٤٦ - الوني الحسين بن محمد بن عبد الواحد البغدادي
11180	٤٨ - الكنجروذي محمد بن عبد الرحمن بن محمد
11182	٤٩ - البحيري أبو عثمان سعيد بن محمد بن أحمد
11184	٥٠ - ابن رضوان علي بن رضوان بن علي المصري
11185	٥١ - جغريبك داود بن ميكائيل بن سلجوق التركماني
11186	٥٢ - طغرلبك محمد بن ميكائيل
11191	٥٣ - ينال إبراهيم بن ميكائيل السلجوقي
11191	٥٤ - قتلمش بن إسرائيل بن سلجوق بن دقاق التركماني
11192	٥٥ - الكندري أبو نصر محمد بن منصور بن محمد
11194	٥٦ - الريولي أبو محمد القاسم بن الفتح بن محمد
11196	٥٧ - الإسكاف عبد الجبار بن علي بن محمد
11196	٥٨ - نصر الدولة أحمد بن مروان بن دوستك الكردي
11199	٥٩ - الملك الرحيم أبو نصر خسرو بن أبي كاليجار بن سلطان الدولة
11199	٦٠ - الراغب الحسين بن محمد بن المفضل الأصبهاني
11200	٦١ - الكراجكي أبو الفتح محمد بن علي
11201	٦٢ - ابن أبي شمس أحمد بن إبراهيم النيسابوري
11202	٦٣ - أبو طاهر الثقفي أحمد بن محمود بن أحمد
11203	٦٤ - ابن برهان أبو القاسم عبد الواحد بن علي العكبري
11206	٦٥ - ابن شاهين عمر بن أحمد بن محمد الفارسي
11207	٦٦ - أبو حاتم القزويني محمود بن حسن الطبري
11208	٦٧ - ابن شق الليل محمد بن إبراهيم بن موسى الأنصاري
11209	٦٨ - الحنائي أبو القاسم الحسين بن محمد بن إبراهيم
11210	٦٩ - صاحب اليمن
11211	٧٠ - أبو الحارث البساسيري الملقب بالمظفر
11212	٧١ - صاحب غزنة فرخزاد بن مسعود بن محمود
11213	٧٢ - زهير بن حسن بن علي أبو نصر السرخسي
11214	٧٣ - ابن بندار عبد الرحمن بن أحمد بن الحسن العجلي
11218	٧٤ - الحصري أبو إسحاق إبراهيم بن علي بن تميم
11219	٧٥ - ابن باديس المعز بن باديس بن منصور الحميري
11220	٧٦ - الجعفري أبو يعلى حمزة بن محمد الهاشمي
11221	٧٧ - البسطامي أبو سهل محمد بن محمد بن الحسين
11223	٧٨ - ابن سيده أبو الحسن علي بن إسماعيل المرسي
11225	٧٩ - ابن مهربزد محمد بن علي بن محمد الأصبهاني
11226	٨٠ - السروي أبو إسحاق إبراهيم بن محمد بن موسى
11227	٨١ - عمر بن منصور بن أحمد بن محمد بن منصور البخاري
11228	٨٢ - ابن شمة عبد الرزاق بن عمر بن موسى الأصبهاني
11229	٨٣ - الصفار الخشاب أبو سعيد محمد بن علي بن محمد
11231	٨٤ - التاني أبو الفتح منصور بن الحسين بن علي
11232	٨٥ - ابن عبد البر أبو عمر يوسف بن عبد الله النمري
11242	٨٦ - البيهقي أحمد بن الحسين بن علي بن موسى
11249	٨٧ - حيدرة بن الحسين الأمير المؤيد
11250	٨٨ - الكازروني أبو عبد الله محمد بن بيان بن محمد
11251	٨٩ - الخضري أبو عبد الله محمد بن أحمد المروزي
11252	٩٠ - ابن أبي الطيب علي بن عبد الله النيسابوري
11253	٩١ - اللوزنكي أبو جعفر أحمد بن سعيد الأندلسي
11255	٩٢ - ثابت بن أسلم أبو الحسن الحلبي
11255	٩٣ - الحمادي أبو علي حسن بن علي بن مكي
11256	٩٤ - الحلوائي أبو محمد عبد العزيز بن أحمد بن نصر
11257	٩٥ - ابن سراج سراج بن عبد الله بن محمد الأموي
11258	٩٦ - القبري عبد الواحد بن محمد بن موهب
11259	٩٧ - العبادي أبو عاصم محمد بن أحمد بن محمد
11261	٩٨ - الباطرقاني أبو بكر أحمد بن الفضل بن محمد
11263	٩٩ - ابن حزم أبو محمد علي بن أحمد بن سعيد القرطبي
11291	١٠٠ - القاضي أبو تمام علي بن محمد بن الحسن البغدادي
11292	١٠١ - السيوري أبو القاسم عبد الخالق بن عبد الوارث
11292	١٠٢ - ابن المسلمة محمد بن أحمد بن محمد السلمي
11294	١٠٣ - ابن المسلمة أحمد بن محمد بن عمر المعدل
11295	١٠٤ - رئيس الرؤساء علي بن الحسن بن أبي الفرج بن المسلمة
11298	١٠٥ - الزهراوي عمر بن عبيد الله بن يوسف بن حامد
11299	١٠٦ - المأمون يحيى بن إسماعيل بن عبد الرحمن الهواري
11300	١٠٧ - ابن المأمون عبد الصمد بن علي بن محمد الهاشمي
11301	١٠٨ - الداوودي عبد الرحمن بن محمد بن المظفر
11306	١٠٩ - القشيري عبد الكريم بن هوازن بن عبد الملك
11312	١١٠ - كريمة أم الكرام بنت أحمد بن محمد المروزية
11314	١١١ - ابن الخالة محمد بن أحمد بن سهل الواسطي
11316	١١٢ - الأسداباذي أبو منصور أحمد
11316	١١٣ - ابن أبي علانة محمد بن الحسين بن عبد الله
11317	١١٤ - الطريثيثي أبو الحسن علي بن محمد بن جعفر
11317	١١٥ - ابن المهتدي بالله محمد بن أحمد بن محمد
11319	١١٦ - ابن زيدون أحمد بن عبد الله بن أحمد المخزومي
11320	١١٧ - ابن المهتدي بالله محمد بن علي بن محمد الهاشمي
11323	١١٨ - الحفصي أبو سهل محمد بن أحمد بن عبيد الله
11324	١١٩ - الصيرفي أبو بكر يعقوب بن أحمد بن محمد
11325	١٢٠ - جابر بن ياسين بن حسن بن محمد بن أحمد بن محمويه
11326	١٢١ - الغندجاني الحسن بن أحمد بن موسى بن داذ
11327	١٢٢ - الكتاني عبد العزيز بن أحمد بن محمد بن علي
11329	١٢٣ - الإسماعيلي أحمد بن عبد الرحيم بن أحمد
11330	١٢٤ - الترابي محمد بن عبد الصمد بن أبي عبد الله
11331	١٢٥ - ابن حيد بكر بن محمد بن علي النيسابوري
11332	١٢٦ - محمد بن مكي بن عثمان أبو الحسين الأزدي
11333	١٢٧ - الأزهري أبو حامد أحمد بن الحسن بن محمد
11334	١٢٨ - المليحي عبد الواحد بن أحمد بن أبي القاسم
11335	١٢٩ - المعتضد عباد بن محمد بن إسماعيل اللخمي
11336	١٣٠ - عبد الرحيم بن أحمد بن نصر بن إسحاق بن عمرو التميمي
11339	١٣١ - القاضي حسين بن محمد بن أحمد المروذي
11341	١٣٢ - ابن الدجاجي محمد بن علي بن علي البغدادي
11343	١٣٣ - الفوراني عبد الرحمن بن محمد بن فوران
11344	١٣٤ - المنيعي أبو علي حسان بن سعيد بن حسان
11346	١٣٥ - النخشبي عبد العزيز بن محمد بن محمد
11347	١٣٦ - الحسكاني عبيد الله بن عبد الله بن أحمد
11348	- أبو سعد عبيد الله بن عبد الله بن محمد بن أحمد بن حسكويه
11349	١٣٧ - الخطيب أبو بكر أحمد بن علي بن ثابت
11376	١٣٨ - الدربندي أبو الوليد الحسن بن محمد بن علي
11378	١٣٩ - ابن عليك علي بن عبد الرحمن بن الحسن النيسابوري
11379	١٤٠ - أبو الفرج الجريري علي بن محمد بن علي
11380	١٤١ - عبد الحق بن محمد بن هارون السهمي
11381	١٤٢ - عائشة بنت حسن بن إبراهيم الأصبهانية
11382	١٤٣ - صردربعر علي بن الحسن بن علي البغدادي
11383	١٤٤ - ابن السمناني أحمد بن محمد بن أحمد الحنفي
11384	١٤٥ - ابن القطان أحمد بن محمد بن عيسى القرطبي
11386	١٤٦ - القائم بأمر الله عبد الله بن القادر بالله العباسي
11397	١٤٧ - المقتدي بأمر الله عبيد الله بن محمد العباسي
11403	١٤٨ - القيرواني أبو علي الحسن بن رشيق
11405	١٤٩ - الإيلاقي أبو الربيع طاهر بن عبد الله التركي
11405	١٥٠ - غالب بن عبد الله بن أبي اليمن أبو تمام القيسي
11407	١٥١ - زعيم الملك علي بن الحسين بن علي العراقي
11407	١٥٢ - محمد بن عتاب بن محسن الأندلسي
11409	١٥٣ - الصريفيني عبد الله بن محمد بن عبد الله
11412	١٥٤ - الشيخ الأجل عبد الملك بن محمد بن يوسف البغدادي
11413	١٥٥ - أبو جعفر الطوسي محمد بن الحسن بن علي
11414	١٥٦ - ابن حمدان حسين بن حسن بن الحسين التغلبي
11415	١٥٧ - حاتم بن محمد بن عبد الرحمن بن حاتم التميمي
11416	١٥٨ - ابن يونس الحسن بن عمر بن حسن الأصبهاني
11417	١٥٩ - العطار أبو بكر محمد بن إبراهيم بن علي
11418	١٦٠ - الواحدي أبو الحسن علي بن أحمد بن محمد
11421	١٦١ - الواحدي عبد الرحمن بن أحمد
11422	١٦٢ - البحيري عبد الحميد بن عبد الرحمن بن محمد
11423	١٦٣ - البحيري عبد الله بن عبد الرحمن
11423	١٦٤ - ابن الحذاء أحمد بن محمد بن يحيى القرطبي
11425	١٦٥ - ابن سكينة محمد بن علي بن حسين الأنماطي
11425	١٦٦ - المهرواني أبو القاسم يوسف بن محمد بن أحمد
11427	١٦٧ - الهمذاني يوسف بن محمد بن يوسف بن حسن
11428	١٦٨ - ابن منده عبد الرحمن بن محمد بن إسحاق العبدي
11434	١٦٩ - ابن منده عبيد الله بن محمد التاجر
11434	١٧٠ - أبو نصر التاجر عبد الرحمن بن علي بن محمد
11436	١٧١ - الجوري أبو منصور عمر بن أحمد بن محمد
11437	١٧٢ - صاحب حلب عز الدولة محمود بن صالح الكلابي
11438	١٧٣ - الصليحي أبو الحسن علي بن محمد بن علي
11442	١٧٤ - الباخرزي أبو الحسن علي بن الحسن بن علي
11443	١٧٥ - الزبحي علي بن أبي محمد بن عبد الله بن علي
11444	١٧٦ - الوخشي أبو علي الحسن بن علي بن محمد
11447	١٧٧ - ابن الخلال عبد الله بن الحسن بن محمد البغدادي
11448	١٧٨ - الدينوري اللبان علي بن محمد بن نصر
11449	١٧٩ - ابن حيان حيان بن خلف بن حسين الأموي
11451	١٨٠ - ابن النقور أحمد بن محمد بن أحمد البغدادي
11453	١٨١ - ابن النقور محمد بن أحمد بن محمد البزاز
11454	١٨٢ - ابن طلاب الحسين بن محمد بن أحمد القرشي
11455	١٨٣ - الفارسي أبو عبد الله محمد بن عبد العزيز
11457	١٨٤ - ابن المحب الفضل بن عبد الله النيسابوري
11459	١٨٥ - ابن البناء الحسن بن أحمد بن عبد الله البغدادي
11461	١٨٦ - الأنطاكي أبو عبد الله الحسن بن علي بن عمر
11461	١٨٧ - أبو الخير الصفار محمد بن موسى بن عبد الله
11463	١٨٨ - أبو علي الشافعي الحسن بن عبد الرحمن المكي
11464	١٨٩ - الزنجاني أبو القاسم سعد بن علي بن محمد
11468	١٩٠ - ابن منظور محمد بن أحمد بن عيسى القيسي
11469	١٩١ - الملقاباذي أبو بكر محمد بن حسان بن محمد
11470	١٩٢ - ابن جدا أبو الحسن علي بن الحسين العكبري
11471	١٩٣ - العكبري أبو منصور محمد بن محمد بن أحمد
11472	١٩٤ - هياج بن عبيد أبو محمد الشامي الحطيني
11474	١٩٥ - الأنماطي عبد العزيز بن علي بن أحمد
11476	١٩٦ - الفضيلي الفضيل بن يحيى بن الفضيل
11477	١٩٧ - ابن المزكي محمد بن يحيى بن إبراهيم النيسابوري
11479	١٩٨ - ابن العطار عبد الباقي بن محمد بن غالب البغدادي
11480	١٩٩ - شاهفور أبو المظفر طاهر بن محمد الإسفراييني
11481	٢٠٠ - ابن البسري علي بن أحمد بن محمد البغدادي
11482	٢٠١ - بيبى أم الفضل بنت عبد الصمد بن علي الهرثمية
11484	٢٠٢ - كركان أبو القاسم عبد الله بن علي الطوسي
11485	٢٠٣ - البستيغي أبو سعد شبيب بن أحمد بن محمد
11486	٢٠٤ - أبو مسلم الليثي عمر بن علي بن أحمد
11488	٢٠٥ - البياضي مسعود بن عبد العزيز بن المحسن
11489	٢٠٦ - حيدرة بن علي أبو المنجا القحطاني الأنطاكي
11490	٢٠٧ - ابن مخلد أبو الحسن محمد بن محمد الأزدي
11491	٢٠٨ - مكي بن جابار أبو بكر الدينوري
11492	٢٠٩ - ابن حيوس محمد بن سلطان بن محمد الغنوي
11493	٢١٠ - ألب آرسلان محمد بن جغريبك داود التركماني
11497	٢١١ - ابن أبي الحديد أحمد بن عبد الواحد السلمي
11498	٢١٢ - أبو صالح المؤذن أحمد بن عبد الملك بن علي
11502	٢١٣ - السكري أبو سعد علي بن موسى النيسابوري
11503	٢١٤ - ابن البسطامي عمر بن محمد بن الحسين
11504	٢١٥ - بنت البسطامي عائشة بنت محمد بن الحسين
11504	٢١٦ - ملك المغرب أبو بكر بن عمر اللمتوني البربري
11509	٢١٧ - ابن الشبل محمد بن الحسين بن عبد الله السامي
11510	٢١٨ - أتسز بن أوق الخوارزمي
11511	٢١٩ - الجرجاني أبو بكر عبد القاهر بن عبد الرحمن
11512	٢٢٠ - ابن زيرك محمد بن عثمان بن أحمد القومساني
11515	٢٢١ - ابن موسى الخياط محمد بن علي بن محمد
11516	٢٢٢ - ابن أسيد أبو بكر محمد بن أحمد الثقفي
11516	٢٢٣ - الصفار أبو بكر محمد بن القاسم بن حبيب
11517	٢٢٤ - صاحب الجبلي محمد بن علي بن أحمد
11518	٢٢٥ - ابن بابشاذ أبو الحسن طاهر بن أحمد المصري
11519	٢٢٦ - أبو عمرو بن مندة عبد الوهاب بن محمد العبدي
11521	٢٢٧ - كلار عبد الرحمن بن محمد بن عفيف البوشنجي
11522	٢٢٨ - الزينبي أبو نصر محمد بن محمد بن علي
11525	الطبقة الخامسة والعشرون
11525	٢٢٩ - النوقاني أبو القاسم إسماعيل بن زاهر بن محمد
11526	٢٣٠ - ابن اللالكائي محمد بن هبة الله بن الحسن
11527	٢٣١ - الشحامي طاهر بن محمد بن محمد بن أحمد
11528	٢٣٢ - صاحب الروم سليمان بن قتلمش بن إسرائيل السلجوقي
11528	٢٣٣ - الكوسج محمود بن جعفر بن محمد التميمي
11529	٢٠٦ - حيدرة بن علي بن محمد أبو المنجا القحطاني
11529	٢٣٤ - الجهني أبو الحسن محمد بن الحسن بن محمد
11530	٢٣٥ - ابن علان أبو الفرج محمد بن أحمد الكرجي
11531	٢٣٦ - القواس أبو الوفاء طاهر بن الحسين بن أحمد
11531	٢٣٧ - أبو إسحاق الشيرازي إبراهيم بن علي بن يوسف
11543	٢٣٨ - ابن الصباغ عبد السيد بن محمد البغدادي
11544	١٥ - ابن الصباغ أبو طاهر الشافعي البيع
11545	٢٣٩ - ابن الصباغ أبو القاسم علي بن عبد السيد بن أبي طاهر
11547	٢٤٠ - إمام الحرمين أبو المعالي عبد الملك بن عبد الله بن يوسف الجويني
11556	٢٤١ - النسوي محمد بن عبد الرحمن بن أحمد
11557	٢٤٢ - ابن خلف أحمد بن علي بن عبد الله الشيرازي
11558	٢٤٣ - فاطمة بنت الحسن بن علي الدقاق أم البنين
11559	٢٤٤ - فاطمة بنت الحسن بن علي البغدادي العطار
11560	٢٤٥ - التستري أبو علي علي بن أحمد بن علي
11561	٢٤٦ - صاحب الموصل مسلم بن قريش بن بدران العقيلي
11562	٢٤٧ - الصرام أبو الفضل محمد بن عبيد الله بن محمد
11563	٢٤٨ - السمسار أبو بكر محمد بن أحمد بن علي
11564	٢٤٩ - الدامغاني أبو عبد الله محمد بن علي بن محمد
11567	٢٥٠ - الأندقي أبو المظفر عبد الكريم بن أبي حنيفة
11567	٢٥١ - ابن خزرج عبد الله بن إسماعيل بن محمد اللخمي
11568	٢٥٢ - ابن الوليد محمد بن أحمد بن عبد الله الكرخي
11569	٢٥٣ - ابن المطلب أبو سعد محمد بن علي بن محمد
11570	٢٥٤ - شيخ الشيوخ أحمد بن محمد النيسابوري
11571	٢٥٥ - الباهر محمد بن أحمد بن عثمان الخزاعي
11572	٢٥٦ - ابن شكرويه محمد بن أحمد بن علي الأصبهاني
11573	٢٥٧ - الجوهري عبد الرحمن بن محمد بن عبد الرحمن
11574	٢٥٨ - الجوهري أبو الفضل عبد الله بن الحسين
11574	٢٥٩ - الحبال أبو إسحاق إبراهيم بن سعيد بن عبد الله
11582	٢٦٠ - شيخ الإسلام عبد الله بن محمد بن علي الهروي
11597	٢٦١ - ابن قريش علي بن الحسين بن علي البغدادي
11598	٢٦٢ - الحاكمي أبو الفتح نصر بن علي بن أحمد
11598	٢٦٣ - معلى بن حيدرة أبو الحسن الكتامي
11599	٢٦٤ - الحسيني أبو المعالي محمد بن محمد بن زيد
11603	٢٦٥ - الحسيني أبو الرضا الأطهر بن محمد
11604	٤ - حجاج بن قاسم أبو محمد البستي
11604	٢٦٦ - الشاشي أبو بكر محمد بن علي بن حامد
11605	٢٦٧ - البانياسي أبو عبد الله مالك بن أحمد بن علي
11607	٢٦٨ - المجاشعي أبو الحسن علي بن فضال بن علي
11608	٢٦٩ - السراج أبو نصر محمد بن سهل بن محمد
11609	٢٧٠ - موسى بن عمران بن محمد بن إسحاق بن يزيد الأنصاري
11609	٢٧١ - المقومي أبو منصور محمد بن الحسين بن أحمد
11610	٢٧٢ - ابن البغدادي محمد بن أحمد بن الحسن
11611	٢٧٣ - مسعود بن ناصر بن أبي زيد عبد الله بن أحمد السجزي
11614	٢٧٤ - أبو الوليد الباجي سليمان بن خلف بن سعد
11624	٢٧٥ - أحمد بن سليمان الباجي أبو القاسم
11625	٢٧٦ - أبو جعفر الهاشمي عبد الخالق بن عيسى بن أحمد
11627	٢٧٧ - الدباس أبو بكر أحمد بن هبة الله بن محمد
11628	٢٧٨ - البزاني المطهر بن عبد الواحد بن محمد
11628	٢٧٩ - ابن البقال الحسين بن أحمد بن علي الأزجي
11629	١٨٦ - الأنطاكي أبو عبد الله الحسين بن علي بن عمر
11630	٢٨٠ - ابن العجوز محمد بن عبد الرحمن الكتامي
11630	٢٨١ - التفكري يوسف بن الحسن بن محمد بن الحسن
11631	٢٨٢ - جعبر بن سابق القشيري
11632	٢٨٣ - ابن منقذ علي بن منقذ بن نصر الكناني
11633	٢٨٤ - ابن شريح محمد بن شريح بن أحمد الرعيني
11634	٢٨٥ - الأعلم يوسف بن سليمان بن عيسى الشنتمري
11636	٢٨٦ - دبيس بن علي بن مزيد الأسدي
11637	٢٨٧ - الخبري أبو حكيم عبد الله بن إبراهيم
11638	٢٨٨ - ابن منتاب أحمد بن الحسن بن محمد البصري
11639	٢٨٩ - ابن جلبة عبد الوهاب بن أحمد الحراني الخزاز
11640	٢٩٠ - البكري أبو بكر عتيق المغربي الأشعري
11641	٢٩١ - ابن القشيري عبد الله بن عبد الكريم بن هوازن
11642	٢٩٢ - ابن رزق أبو جعفر أحمد بن محمد القرطبي
11643	٢٩٣ - نافلة الإسماعيلي أبو القاسم إسماعيل بن مسعدة
11644	٢٩٤ - الفارمذي أبو علي الفضل بن محمد الخراساني
11645	٢٩٥ - أبو عيسى عبد الرحمن بن محمد بن عبد الرحمن بن زياد الأصبهاني
11646	٢٩٦ - ابن دلهاث أحمد بن عمر بن أنس العذري
11647	٢٩٧ - البري أبو محمد الحسن بن علي بن عبد الواحد
11648	٢٩٨ - ابن ماكولا علي بن هبة الله بن علي العجلي
11657	٢٩٩ - ابن أبي الصقر محمد بن أحمد بن محمد اللخمي
11658	٣٠٠ - المحمي أبو عمرو عثمان بن محمد بن عبيد الله
11659	٣٠١ - الملك المؤيد إبراهيم بن مسعود ابن السلطان محمود بن سبكتكين
11660	٣٠٢ - ابن ماجه أبو بكر محمد بن أحمد الأبهري
11661	٣٠٣ - الأزدي أبو عثمان طاهر بن هشام الأندلسي
11661	٣٠٤ - المهري أبو بكر محمد بن عمار الأندلسي
11663	٣٠٥ - الدينوري أبو الفضل أحمد بن عيسى بن عباد
11664	٣٠٦ - المتولي أبو سعد عبد الرحمن بن مأمون بن علي
11665	٣٠٧ - قاضي حلب محمد بن أحمد بن حامد البيكندي
11666	٣٠٨ - ابن أبي الشخباء الحسن بن عبد الصمد العسقلاني
11667	٣٠٩ - الطبسي محمد بن أحمد بن أبي جعفر
11668	٣١٠ - ابن أبي الصهباء هبة الله بن محمد بن حيدر القرشي
11668	٣١١ - ابن أبي عثمان محمد بن علي بن الحسن البغدادي
11669	٣١٢ - باديس بن حبوس بن ماكس بن بلكين بن زيري بن مناد الصنهاجي
11671	٣١٣ - المعتصم ابن صمادح التجيبي محمد بن معن
11673	٣١٤ - المظفر بن الأفطس
11676	٣١٥ - الناصر بن علناس بن حماد بن بلكين بن زيري الصنهاجي
11677	٣١٦ - العاصمي عاصم بن الحسن بن محمد بن علي
11679	٣١٧ - الكركانجي أبو نصر محمد بن أحمد بن علي
11680	٣١٨ - مازن
11681	٣١٩ - البزدوي أبو الحسن علي بن محمد بن الحسين
11682	٣٢٠ - ابن زكري عبد الله بن علي بن أحمد البغدادي
11683	٣٢١ - ابن فهد عبد الواحد بن علي بن محمد البغدادي
11684	٣٢٢ - ابن الأخضر علي بن محمد بن محمد الشيباني
11685	٣٠٥ - ابن الأستاذ أحمد بن عيسى بن عباد الدينوري
11686	٣٢٣ - ابن شانده محمد بن عبد السلام الأصبهاني
11687	٣٢٤ - ابن جهير أبو نصر محمد بن محمد الثعلبي
11688	٣٢٥ - رزق الله ابن الإمام أبي الفرج عبد الوهاب التميمي
11695	٣٢٦ - أبو يوسف القزويني عبد السلام بن محمد
11701	الجزء ١٩ [طبقة ٢٥، ٢٦، ٢٧، ٢٨]
11701	تابع: الطبقة الخامسة والعشرون
11701	١ - الدباس أبو سعيد محمد بن علي بن أبي صالح
11702	٢ - الترياقي أبو نصر عبد العزيز بن محمد بن علي
11703	٣ - الغورجي أبو بكر أحمد بن عبد الصمد بن أبي الفضل
11703	٤ - الصاعدي أبو نصر أحمد بن محمد بن صاعد
11704	٥ - الثقفي القاسم بن الفضل بن أحمد بن أحمد بن محمود
11707	٦ - التفليسي أبو بكر محمد بن إسماعيل بن محمد
11708	٧ - ابن أبي العلاء علي بن محمد بن علي المصيصي
11710	٨ - خواهر زاذه محمد بن حسين بن محمد القديدي
11712	٩ - الخلالي أبو القاسم إبراهيم بن عثمان بن إبراهيم
11712	١٠ - ابن سمكويه أبو الفتح محمد بن أحمد بن عبد الله
11713	١١ - هبة الله بن عبد الوارث بن علي الشيرازي
11715	١٢ - الناصحي أبو بكر محمد بن عبد الله بن الحسين
11716	١٣ - حمد بن أحمد بن الحسن بن أحمد بن محمد بن مهران
11717	١٤ - سليمان بن إبراهيم بن محمد بن سليمان الأصبهاني
11721	١٥ - أبو الأصبغ عيسى بن سهل بن عبد الله الأسدي
11722	١٦ - الحصري أبو الحسن علي بن عبد الغني الفهري
11723	١٧ - ظهير الدين محمد بن الحسين بن محمد الروذراوري
11727	١٨ - الهمذاني أبو الفضل عبد الملك بن إبراهيم
11728	١٩ - أبو عامر الأزدي محمود بن القاسم بن محمد
11730	٢٠ - السمسار أبو نصر عبد الرحمن بن محمد بن أحمد
11731	٢١ - البكري أبو عبيد عبد الله بن عبد العزيز بن محمد
11732	٢٢ - البكري القصاص أبو الحسن أحمد بن عبد الله
11732	٢٣ - نجيب بن ميمون بن سهل بن علي أبو سهل الواسطي
11733	٢٤ - طراد بن محمد بن علي بن حسن بن محمد القرشي
11735	٢٥ - محمد بن أبي تمام أبو الحسن بن علي الهاشمي
11736	٢٦ - ابن أبي حرب الفضل بن أحمد بن محمد الجرجاني
11737	٢٧ - العباداني أبو طاهر جعفر بن محمد بن الفضل
11740	٢٨ - هبة الله بن عبد الرزاق بن محمد بن عبد الله بن الليث
11742	٢٩ - ابن البطر نصر بن أحمد بن عبد الله البغدادي
11745	٣٠ - البزدوي أبو اليسر محمد بن محمد بن الحسين
11746	٣١ - ابن شغبة أبو القاسم عبد الملك بن علي بن خلف
11747	٣٢ - أبو الفرج الحنبلي عبد الواحد بن محمد بن علي
11750	٣٣ - ناصح الدين عبد الرحمن بن نجم بن عبد الوهاب بن الحنبلي
11750	٣٤ - ملكشاه جلال الدولة بن ألب آرسلان السلجوقي
11754	٣٥ - المعتمد بن عباد محمد ابن المعتضد بالله ابن الظافر بالله
11762	٣٦ - ابن المرابط محمد بن خلف بن سعيد الأندلسي
11763	٣٧ - الهكاري أبو الحسن علي بن أحمد بن يوسف بن جعفر
11765	٣٨ - العميري أبو عبد الله محمد بن علي بن محمد
11767	٣٩ - السلار أبو الحسن مكي بن منصور بن محمد بن علان
11768	٤٠ - المديني أبو عبد الله محمد بن محمد بن عبد الرحمن
11769	٤١ - الخليلي أبو القاسم أحمد بن محمد بن محمد
11770	٤٢ - الخلعي أبو الحسن علي بن الحسن بن الحسين
11775	٤٣ - السعيداني أبو محمد عبد الله بن الحسين بن علي
11776	٤٤ - الفارقي أبو نصر الحسن بن أسد
11777	٤٥ - أمير الجيوش بدر بن عبد الله الأرمني الجمالي
11779	٤٦ - تتش تاج الدولة بن ألب أرسلان بن داود السلجوقي
11781	٤٧ - الحموي أبو بكر محمد بن المظفر بن بكران الشامي
11784	٤٨ - ابن مفوز أبو الحسن طاهر بن مفوز بن أحمد
11785	٤٩ - ظاهر أبو محمد بن أحمد بن علي السليطي
11786	٥٠ - التنكتي أبو الفتح نصر بن الحسن بن القاسم
11787	٥١ - الدبوسي أبو القاسم علي بن المظفر بن حمزة بن زيد
11789	٥٢ - البرزبيني أبو علي يعقوب بن إبراهيم بن أحمد
11790	٥٣ - نظام الملك الحسن بن علي بن إسحاق الطوسي
11793	٥٤ - عبدوس بن عبد الله بن محمد بن عبدوس الروذباري
11794	٥٥ - السيبي أبو القاسم يحيى بن أحمد بن محمد
11796	٥٦ - تاج الملك أبو الغنائم مرزبان بن خسرو بن دارست
11797	٥٧ - النعالي أبو عبد الله الحسين بن أحمد بن محمد
11799	٥٨ - الذكواني أبو الحسين أحمد بن عبد الرحمن بن محمد
11800	٥٩ - الوركي عبد الواحد بن عبد الرحمن بن القاسم
11801	٦٠ - ابن خيرون أبو الفضل أحمد بن الحسن بن أحمد
11805	الطبقة السادسة والعشرون
11805	٦١ - ابن الخاضبة محمد بن أحمد بن عبد الباقي البغدادي
11810	٦٢ - أبو المظفر السمعاني منصور بن محمد بن عبد الجبار
11816	٦٣ - الحميدي أبو عبد الله محمد بن فتوح بن عبد الله
11823	٦٤ - صاحب سمرقند الخان أحمد
11824	٦٥ - الشيباني أبو الفتح عبد الواحد بن علوان بن عقيل
11824	٦٦ - ابن الفرات أحمد بن علي بن الفضل الدمشقي
11825	٦٧ - قسيم الدولة أبو الفتح آقسنقر التركي الحاجب
11826	٦٨ - ابن العربي أبو محمد عبد الله بن محمد الإشبيلي
11827	٦٩ - الحكاك أبو الفضل جعفر بن يحيى بن إبراهيم التميمي
11829	٧٠ - ابن سراج عبد الملك بن سراج بن عبد الله الأموي
11830	٧١ - الوقشي أبو الوليد هشام بن أحمد بن خالد بن سعيد
11832	٧٢ - الفقيه نصر أبو الفتح بن إبراهيم بن نصر النابلسي
11839	٧٣ - النسفي أبو علي الحسن بن عبد الملك بن علي
11840	٧٤ - الكرجي أبو طاهر أحمد بن الحسن بن أحمد
11841	٧٥ - ابن أيوب علي بن الحسين بن علي البغدادي
11843	٧٦ - السرخسي الفضل بن عبد الواحد بن الفضل
11844	٧٧ - الجياني أبو علي الحسين بن محمد بن أحمد
11848	٧٨ - الكتبي أبو عبد الله الحسين بن محمد
11848	٧٩ - الشيحي أبو منصور عبد المحسن بن محمد بن علي
11850	٨٠ - الزاز أبو الفرج عبد الرحمن بن أحمد بن محمد
11851	٨١ - القومساني أبو الفرج إسماعيل بن محمد بن عثمان
11852	٨٢ - صاحب الهند أبو المظفر إبراهيم بن مسعود بن محمود بن سبكتكين
11852	٨٣ - العبدي أبو يعلى أحمد بن محمد بن حسن
11853	٨٤ - ابن الأخرم علي بن أحمد بن محمد بن أحمد المديني
11854	٨٥ - أسعد بن مسعود العتبي النيسابوري
11855	٨٦ - الجرجاني أبو محمد عبد الله بن يوسف
11856	٨٧ - الطريثيثي أبو بكر أحمد بن علي بن الحسين بن زكريا
11858	٨٨ - الإسفراييني أبو الفرج سهل بن بشر بن أحمد
11859	٨٩ - ابن يوسف أبو الحسين أحمد بن عبد القادر البغدادي
11860	٩٠ - ابن ودعان محمد بن علي بن عبيد الله الموصلي
11863	٩١ - الخشنامي أبو علي نصر الله بن أحمد بن عثمان
11864	٩٢ - أبو داود سليمان بن أبي القاسم نجاح مولى المؤيد بالله
11866	٩٣ - المراغي أبو تراب عبد الباقي بن يوسف بن علي
11867	٩٤ - ابن أبي ذر عيسى بن عبد بن أحمد الأنصاري
11868	٩٥ - ابن الجراح علي بن عبد الرحمن بن هارون البغدادي
11870	٩٦ - شيذلة أبو المعالي عزيزي بن عبد الملك بن منصور
11871	٩٧ - ابن جهير أبو منصور محمد بن محمد بن محمد
11872	٩٨ - أبو مطيع محمد بن عبد الواحد بن عبد العزيز الضبي
11874	٩٩ - الرميلي أبو القاسم مكي بن عبد السلام بن الحسين
11876	١٠٠ - مجد الملك أبو الفضل أسعد بن موسى البلاشاني
11876	١٠١ - ابن خذام أبو الحسن علي بن محمد بن حسين
11877	١٠٢ - ابن حيد أبو أحمد منصور بن بكر بن محمد
11878	١٠٣ - صاعد بن سيار بن يحيى بن محمد بن إدريس
11879	١٠٤ - ابن أشته أبو العباس أحمد بن عبد الغفار بن أحمد
11880	١٠٥ - الكامخي أبو عبد الله محمد بن أحمد بن محمد
11881	١٠٦ - ابن البسري الحسين بن علي بن أحمد البندار
11883	١٠٧ - المتولي أبو سعد عبد الرحمن بن مأمون بن علي
11884	١٠٨ - ابن جزله أبو علي يحيى بن عيسى البغدادي
11884	١٠٩ - شرف الملك أبو سعد محمد بن منصور الخوارزمي
11885	١١٠ - الشيرجاني أبو علي الحسن بن محمد بن أحمد
11886	١١١ - ابن الحطاب أبو العباس أحمد بن إبراهيم بن أحمد
11887	١١٢ - اللواتي أبو محمد مروان بن عبد الملك
11888	١١٣ - شمس الملك نصر بن إبراهيم
11889	١١٤ - السوذرجاني أبو الفتح أحمد بن عبد الله بن أحمد
11890	١١٥ - الربعي أبو القاسم علي بن الحسين بن عبد الله
11891	١١٦ - بركياروق أبو المظفر بن ملكشاه بن ألب آرسلان السلجوقي
11892	١١٧ - البندنيجي أبو نصر محمد بن هبة الله بن ثابت
11893	١١٨ - العجلي أبو منصور سعد بن علي بن حسن
11893	١١٩ - ابن الأبرص عبد الخالق بن محمد بن خلف البغدادي
11894	١٢٠ - ابن الموصلايا العلاء بن حسن بن وهب البغدادي
11895	١٢١ - الطلاعي أبو عبد الله محمد بن الفرج القرطبي
11898	١٢٢ - الحرمي أبو سعد محمد بن الحسين بن محمد
11899	١٢٣ - الطبري أبو عبد الله الحسين بن علي بن الحسين
11900	١٢٤ - ثابت بن بندار بن إبراهيم بن بندار الدينوري
11901	١٢٥ - السمرقندي أبو محمد الحسن بن أحمد بن محمد
11903	١٢٦ - ابن مردويه أبو بكر أحمد بن محمد بن أحمد
11905	١٢٧ - الحبال أبو البقاء المعمر بن محمد بن علي
11906	١٢٨ - الطبري (آخر) أبو عبد الله الحسين بن محمد بن عبد الله
11906	١٢٩ - دقاق أبو نصر بن تتش بن ألب آرسلان السلجوقي
11908	١٣٠ - صاحب خراسان أرسلان أرغون بن ألب أرسلان السلجوقي
11908	١٣١ - ابن السوادي أبو الحسين المبارك بن محمد
11909	١٣٢ - ابن الطيوري المبارك بن عبد الجبار بن أحمد
11912	١٣٣ - أبو الفتح الحداد أحمد بن محمد بن أحمد بن سعيد
11913	١٣٤ - القزويني أبو الفرج محمد بن محمود بن الحسن
11914	١٣٥ - ابن بشرويه أبو العباس أحمد بن محمد بن عبد الله
11915	١٣٦ - البرداني أبو علي أحمد بن محمد بن أحمد
11918	١٣٧ - الخياط أبو منصور محمد بن أحمد بن علي
11920	١٣٨ - مهارش بن مجلي بن عكيث أبو الحارث
11921	١٣٩ - ابن سوار أبو طاهر أحمد بن علي بن عبيد الله
11923	١٤٠ - الشعبي أبو المطرف عبد الرحيم بن قاسم
11924	١٤١ - السراج أبو محمد جعفر بن أحمد بن الحسن
11927	١٤٢ - جياش أبو فاتك بن نجاح الحبشي
11930	١٤٣ - صاحب ماردين سقمان بن أرتق بن أكسب التركماني
11931	١٤٤ - الباقلاني أبو غالب محمد بن الحسن بن أحمد
11932	١٤٥ - ابن زنجويه أبو بكر أحمد بن محمد بن أحمد
11934	١٤٦ - ابن أبي الصقر أبو الحسن محمد بن علي بن حسن
11935	١٤٧ - الدوني أبو محمد عبد الرحمن بن حمد بن الحسن
11936	١٤٨ - ابن خشيش أبو سعد محمد بن عبد الكريم
11937	١٤٩ - ابن سوسن أبو بكر أحمد بن المظفر بن حسين
11938	١٥٠ - ابن العلاف أبو الحسن علي بن محمد بن علي
11940	١٥١ - السنجبستي أبو القاسم إسماعيل بن الحسن بن علي
11941	١٥٢ - الجماري أبو نعيم محمد بن إبراهيم بن محمد بن خلف
11942	١٥٣ - الشيروي أبو بكر عبد الغفار بن محمد بن الحسين
11944	١٥٤ - القزويني أبو إبراهيم الجليل بن عبد الجبار
11944	١٥٥ - الفامي عبد الوهاب بن محمد بن عبد الوهاب
11948	١٥٦ - صاحب الغرب أبو يعقوب يوسف بن تاشفين
11950	١٥٧ - المطرز أبو سعد محمد بن محمد بن أحمد بن سنده
11951	١٥٨ - ابن نبهان أبو علي محمد بن سعيد بن إبراهيم
11953	١٥٩ - ابن بيان أبو القاسم علي بن أحمد بن محمد
11955	١٦٠ - التككي أبو علي الحسن بن محمد بن عبد العزيز
11956	١٦١ - ابن الموصلي أبو عبد الله هبة الله بن أحمد بن محمد
11956	١٦٢ - الروياني عبد الواحد بن إسماعيل بن أحمد
11958	١٦٣ - ابن الفارسي إسماعيل بن عبد الغافر بن محمد
11959	١٦٤ - ابن باديس أبو يحيى تميم بن المعز بن باديس
11960	١٦٥ - صاحب الحلة صدقة بن منصور بن دبيس بن علي بن مزيد
11962	١٦٦ - التميمي أبو عبد الله محمد بن عيسى بن حسن
11963	١٦٧ - ابن غطاش أحمد بن عبد الملك بن غطاش العجمي
11964	١٦٨ - متولي همذان أبو هاشم زيد بن الحسين بن علي العلوي
11964	١٦٩ - الكشاني أبو القاسم عبيد الله بن عمر بن محمد
11965	١٧٠ - التبريزي أبو زكريا يحيى بن علي بن محمد
11967	١٧١ - أبو الهيجاء مقاتل بن عطية البكري الحجازي
11968	١٧٢ - أبو غالب العدل أحمد بن محمد بن أحمد
11968	١٧٣ - البحيري أبو سعيد إسماعيل بن عمرو بن محمد
11970	١٧٤ - أبي النرسي أبو الغنائم محمد بن علي بن ميمون
11972	١٧٥ - الأعمش أبو العلاء حمد بن نصر بن أحمد
11973	١٧٦ - ابن الآبنوسي أبو محمد عبد الله بن علي بن عبد الله
11974	١٧٧ - أبو الحسن الآبنوسي أحمد بن عبد الله بن علي
11975	١٧٨ - الشقاني أبو الفضل العباس بن أحمد بن محمد
11976	١٧٩ - القشيري أبو محمد الفضل بن محمد بن عبيد
11977	١٨٠ - الأنباري أبو منصور علي بن محمد بن علي
11978	١٨١ - السقطي أبو البركات هبة الله بن المبارك بن موسى
11979	١٨٢ - الأبيوردي أبو المظفر محمد بن أحمد بن محمد
11988	١٨٣ - الأبيوردي أبو القاسم الفضل بن محمد العطار
11988	١٨٤ - الفضل بن محمد بن عبيد بن محمد بن محمد بن مهدي
11989	١٨٥ - عبيد بن محمد أبو العلاء القشيري
11990	١٨٦ - شيرويه بن شهردار بن شيرويه بن فناخسره بن خسركان
11992	١٨٧ - الخولاني أبو عبد الله أحمد بن محمد بن عبد الله
11993	١٨٨ - أبو طاهر اليوسفي عبد الرحمن بن أحمد بن عبد القادر
11994	١٨٩ - ابن صليعة أبو محمد عبيد الله بن صليعة
11995	١٩٠ - صاحب الهند مسعود بن إبراهيم بن مسعود بن محمود بن سبكتكين
11996	١٩١ - ابن مرزوق أبو الخير عبد الله بن مرزوق الهروي
11998	١٩٢ - ابن فاخر أبو الكرم المبارك بن فاخر بن محمد
11999	١٩٣ - الحداد أبو علي الحسن بن أحمد بن الحسن
12003	١٩٤ - البلدي أبو بكر محمد بن أحمد بن محمد
12004	١٩٥ - الساجي أبو نصر المؤتمن بن أحمد بن علي
12007	١٩٦ - فخر الملك بن عمار
12008	١٩٧ - ابن أصبغ أبو القاسم أصبغ بن محمد بن أصبغ
12008	١٩٨ - سرفرتج أبو سعد محمد بن علي بن محمد بن إبراهيم
12009	١٩٩ - المعير أبو غالب أحمد بن عبيد الله بن أبي الفتح محمد بن أحمد
12009	٢٠٠ - ابن البيهقي أبو علي إسماعيل بن أحمد بن الحسين
12011	٢٠١ - رضوان بن تتش بن ألب أرسلان السلجوقي
12013	الطبقة السابعة والعشرون
12013	٢٠٢ - الرواسي أبو الفتيان عمر بن عبد الكريم بن سعدويه
12016	٢٠٣ - البرجي أبو القاسم غانم بن محمد بن عبيد الله
12018	٢٠٤ - الغزالي أبو حامد محمد بن محمد بن محمد
12042	٢٠٥ - خميس بن علي بن أحمد بن علي بن الحسن
12044	٢٠٦ - أبو الخطاب محفوظ بن أحمد بن حسن العراقي
12046	٢٠٧ - إلكيا أبو الحسن علي بن محمد بن علي
12048	٢٠٨ - الزينبي أبو يعلى حمزة بن محمد بن علي العباسي
12049	٢٠٩ - نور الهدى أبو طالب الحسين بن محمد بن علي الزينبي
12051	٢١٠ - شجاع بن فارس بن حسين بن فارس بن حسين بن غريب بن بشير
12053	٢١١ - الغسال أبو الخير المبارك بن الحسين بن أحمد
12054	٢١٢ - النسيب أبو القاسم علي بن إبراهيم بن العباس
12057	٢١٣ - محمد بن طاهر بن علي بن أحمد المقدسي
12067	٢١٤ - تاج الإسلام أبو بكر محمد بن منصور بن محمد بن عبد الجبار
12069	٢١٥ - ابن اللبانة أبو بكر محمد بن عيسى بن محمد
12070	٢١٦ - محمود بن الفضل بن محمود بن عبد الواحد الأصبهاني
12071	٢١٧ - ظريف بن محمد بن عبد العزيز بن أحمد بن شاذان
12072	٢١٨ - ابن سكرة أبو علي الحسين بن محمد بن فيره
12074	٢١٩ - النهاوندي أبو عبد الله الحسين بن نصر بن المرهف
12075	٢٢٠ - ابن مرزوق أبو الخير عبد الله بن مرزوق الأصم
12076	٢٢١ - ابن بدران أبو بكر أحمد بن علي بن بدران بن علي
12077	٢٢٢ - ابن ملة أبو عثمان إسماعيل بن محمد بن أحمد
12079	٢٢٣ - أحمديل صاحب مراغة
12079	٢٢٤ - أبو العز محمد بن المختار بن محمد بن عبد الواحد
12080	٢٢٥ - ابن المطلب أبو المعالي هبة الله بن محمد بن علي
12080	٢٢٦ - الباقرحي أبو علي الحسن بن محمد بن إسحاق
12081	٢٢٧ - الشقاق أبو عبد الله الحسين بن أحمد البغدادي
12082	٢٢٨ - أبو طالب اليوسفي عبد القادر بن محمد بن عبد القادر
12083	٢٢٩ - ابن الفحام عبد الرحمن بن عتيق بن خلف القرشي
12085	٢٣٠ - غيث بن علي بن عبد السلام أبو الفرج الأرمنازي
12085	٢٣١ - عيسى بن شعيب بن إبراهيم السجزي
12087	٢٣٢ - أبو الفتح الهروي نصر بن أحمد بن إبراهيم الحنفي
12088	٢٣٣ - أبو يعلى بن الهبارية محمد بن صالح العباسي
12089	٢٣٤ - الشاشي أبو بكر محمد بن أحمد بن الحسين
12091	٢٣٥ - ابن منده أبو زكريا يحيى بن عبد الوهاب بن محمد
12092	٢٣٦ - المستظهر بالله أبو العباس أحمد بن المقتدي بأمر الله
12108	٢٣٧ - أبو القاسم الأنصاري سلمان بن ناصر بن عمران
12108	٢٣٨ - صاحب إفريقية أبو طاهر يحيى بن تميم بن المعز الحميري
12110	٢٣٩ - الدرزيجاني أبو الفضل جعفر بن الحسن
12111	٢٤٠ - شمس الأئمة أبو الفضل بكر بن محمد بن علي بن الفضل
12113	٢٤١ - القيرواني أبو عبد الله محمد بن عتيق بن محمد
12115	٢٤٢ - خوروست أبو بكر محمد بن عبد الله بن محمد
12117	٢٤٣ - ابن مفوز أبو بكر محمد بن حيدرة المعافري
12118	٢٤٤ - ابن حمدين محمد بن علي بن محمد بن عبد العزيز
12119	٢٤٥ - محمد بن طرخان بن بلتكين بن مبارز بن بجكم
12119	٢٤٦ - ابن صابر أبو محمد عبد الرحمن بن أحمد بن علي
12120	٢٤٧ - ابن القشيري عبد الرحيم بن عبد الكريم بن هوازن
12123	٢٤٨ - الدوري أبو عبد الله محمد بن عبد الباقي بن محمد
12124	٢٤٩ - المخرمي أبو سعد المبارك بن علي
12124	٢٥٠ - الأشقر أبو منصور محمود بن إسماعيل بن محمد
12126	٢٥١ - أبو علي بن المهدي محمد بن محمد بن عبد العزيز
12128	٢٥٢ - السميرمي أبو طالب علي بن أحمد بن علي
12129	٢٥٣ - ابن القطاع أبو القاسم علي بن جعفر بن علي
12131	٢٥٤ - إيلغازي نجم الدين بن أرتق بن أكسب التركماني
12132	٢٥٥ - الحنائي أبو طاهر محمد بن الحسين بن محمد
12133	٢٥٦ - ابن الموازيني أبو الحسن علي بن الحسن بن الحسين
12134	٢٥٧ - محمد بن الحسن أبو الفضل ابن الموازيني
12135	٢٥٨ - البغوي أبو محمد الحسين بن مسعود بن محمد
12139	٢٥٩ - ابن عقيل أبو الوفاء علي بن عقيل بن محمد
12147	٢٦٠ - ابن أبي عمامة أبو سعد المعمر بن علي بن المعمر
12149	٢٦١ - عثمان بن علي بن المعمر بن أبي عمامة
12150	٢٦٢ - الطغرائي أبو إسماعيل الحسين بن علي بن محمد
12151	٢٦٣ - السعيدي أبو عبد الله محمد بن بركات بن هلال
12152	٢٦٤ - ابن برهان أبو الفتح أحمد بن علي بن برهان
12153	٢٦٥ - أبو عدنان محمد بن أحمد بن المطهر الربعي
12154	٢٦٦ - العلوي أبو محمد حمزة بن العباس بن علي
12155	٢٦٧ - ابن سارة أبو محمد عبد الله بن محمد
12156	٢٦٨ - الحريري أبو محمد القاسم بن علي بن محمد
12161	٢٦٩ - ابن السمرقندي عبد الله بن أحمد بن عمر
12163	٢٧٠ - أبو سعد بن الطيوري أحمد بن عبد الجبار
12165	٢٧١ - ابن المهتدي بالله محمد بن محمد بن أحمد
12165	٢٧٢ - الفرضي أبو المعالي هبة الله بن محمد بن أحمد
12166	٢٧٣ - النوحي أبو إبراهيم إسحاق بن محمد بن إبراهيم
12167	٢٧٤ - الزعفراني محمد بن مرزوق بن عبد الرزاق
12168	٢٧٥ - الدشتج أبو طاهر عبد الواحد بن محمد بن أحمد
12169	٢٧٦ - المرتب أبو الحسن علي بن أحمد بن محمد
12170	٢٧٧ - الدقاق محمد بن عبد الواحد بن محمد
12171	٢٧٨ - أبو صادق المديني مرشد بن يحيى بن القاسم
12172	٢٧٩ - ابن الخياط أبو عبد الله أحمد بن محمد بن علي
12178	٢٨٠ - ابن الخازن أبو الفضل أحمد بن محمد بن الفضل
12179	٢٨١ - أبو نهشل عبد الصمد بن أحمد بن الفضل العنبري
12181	٢٨٢ - ابن الدنف محمد بن علي بن عبيد الله البغدادي
12182	٢٨٣ - ابن الحداد عبيد الله بن الحسن بن أحمد الأصبهاني
12185	٢٨٤ - الميداني أبو الفضل أحمد بن محمد بن أحمد
12186	٢٨٥ - الطرطوشي أبو بكر محمد بن الوليد بن خلف
12192	٢٨٦ - القلانسي أبو العز محمد بن الحسين بن بندار
12194	٢٨٧ - المتوكلي أحمد بن أحمد بن عبد الواحد بن أحمد
12195	٢٨٨ - ابن أبي روح أبو الفضل أسعد بن أحمد
12196	٢٨٩ - الفراء أبو الحسن علي بن الحسين بن عمر
12197	٢٩٠ - ابن رشد أبو الوليد محمد بن أحمد بن أحمد
12199	٢٩١ - حفيد البيهقي عبيد الله بن محمد بن أحمد
12200	٢٩٢ - فاطمة بنت عبد الله بن أحمد بن القاسم بن عقيل
12202	٢٩٣ - السلطان محمد بن ملكشاه بن ألب أرسلان التركي
12203	٢٩٤ - أمير الجيوش الأفضل شاهنشاه بن بدر الجمالي
12206	٢٩٥ - البرسقي قسيم الدولة أبو سعيد آقسنقر
12209	الطبقة الثامنة والعشرون
12209	٢٩٦ - الأبيوردي الفضل بن محمد بن أحمد
12210	٢٩٧ - ابن عتاب عبد الرحمن بن محمد القرطبي
12211	٢٩٨ - أبو بحر بن العاص سفيان بن العاص بن أحمد الأسدي
12212	٢٩٩ - ابن أبي تليد موسى بن عبد الرحمن بن خلف
12213	٣٠٠ - الحلواني أبو سعد يحيى بن علي
12214	٣٠١ - ابن منظور أبو القاسم أحمد بن محمد بن أحمد
12215	٣٠٢ - طغتكين أبو منصور الأتابك
12217	٣٠٣ - ابن الفاعوس أبو الحسن علي بن المبارك بن علي
12219	٣٠٤ - المسجدي أبو القاسم سهل بن إبراهيم النيسابوري
12220	٣٠٥ - السلطان محمود بن محمد بن ملكشاه السلجوقي
12221	٣٠٦ - الدينوري أبو الحسن علي بن عبد الواحد بن أحمد
12222	٣٠٧ - ابن البخاري أبو البركات هبة الله بن محمد بن علي
12223	٣٠٨ - جعفر بن عبد الواحد بن محمد بن محمود بن أحمد
12224	٣٠٩ - الطرقي أبو العباس أحمد بن ثابت بن محمد
12225	٣١٠ - خوارزمشاه أبو الفتح محمد بن نوشتكين
12225	٣١١ - القطائفي أبو بكر أحمد بن عمر بن علي بن حمد
12226	٣١٢ - ابن رضوان أبو نصر أحمد بن عبد الله بن أحمد
12226	٣١٣ - العطار أبو غالب أحمد بن عبد الباقي بن أحمد
12227	٣١٤ - ابن عيذون أبو الحسن علي بن عبد الجبار بن سلامة
12228	٣١٥ - البطليوسي أبو محمد عبد الله بن محمد بن السيد
12229	٣١٦ - البارع الحسين بن محمد بن عبد الوهاب بن أحمد
12232	٣١٧ - ابن الحصين هبة الله بن محمد بن عبد الواحد
12235	٣١٨ - ابن تومرت أبو عبد الله محمد بن عبد الله
12248	٣١٩ - ابن صدقة أبو علي الحسن بن علي النصيبي
12249	٣٢٠ - البطائحي أبو عبد الله المأمون بن البطائحي
12250	٣٢١ - الغزي أبو إسحاق إبراهيم بن يحيى بن عثمان
12251	٣٢٢ - ابن الأخشيذ أبو سعد إسماعيل بن الفضل بن أحمد
12252	٣٢٣ - الكراعي أبو منصور محمد بن علي بن محمود
12254	٣٢٤ - ابن كادش أبو العز أحمد بن عبيد الله بن محمد
12257	٣٢٥ - المسترشد بالله الفضل بن المستظهر بالله
12264	٣٢٦ - الراشد بالله منصور بن المسترشد بالله
12269	٣٢٧ - حمزة بن هبة الله
12269	٣٢٨ - تاج الملوك بوري ابن الأتابك طغتكين
12271	٣٢٩ - شمس الملوك إسماعيل بن بوري بن طغتكين التركي
12272	٣٣٠ - ابن الأكفاني أبو محمد هبة الله بن أحمد بن محمد
12274	٣٣١ - ابن يربوع أبو محمد عبد الله بن أحمد بن سعيد
12275	٣٣٢ - العبدري أبو عامر محمد بن سعدون بن مرجى
12279	٣٣٣ - الرازي أبو عبد الله محمد بن أحمد بن إبراهيم
12281	٣٣٤ - ابن أبي ذر أبو بكر محمد بن علي بن محمد
12282	٣٣٥ - ابن ملوك أبو المواهب أحمد بن محمد بن عبد الملك
12282	٣٣٦ - ابن عطية أبو بكر غالب بن عبد الرحمن بن غالب
12283	٣٣٧ - عبد الحق بن أبي بكر أبو محمد بن غالب بن عطية المحاربي
12285	٣٣٨ - أبو غالب الماوردي محمد بن الحسن بن علي
12286	٣٣٩ - صاعد بن سيار بن محمد بن عبد الله الإسحاقي
12287	٣٤٠ - ابن صاعد محمد بن أحمد بن محمد الصاعدي
12287	٣٤١ - طاهر بن سهل بن بشر بن أحمد بن سعيد
12288	٣٤٢ - ابن خسرو أبو عبد الله الحسين بن محمد
12289	٣٤٣ - ابن الطبر أبو القاسم هبة الله بن أحمد بن عمر
12290	٣٤٤ - حماد بن مسلم بن ددوه
12292	٣٤٥ - ابن زهر أبو العلاء زهر بن عبد الملك بن محمد
12293	٣٤٦ - ظافر بن القاسم بن منصور
12293	٣٤٧ - ابن حمويه أبو عبد الله محمد بن حمويه بن محمد
12294	٣٤٨ - ابن عيذون
12296	٣٤٩ - عبد الكريم بن حمزة بن الخضر بن العباس
12297	٣٥٠ - أبو الحسين بن الفراء محمد بن محمد بن الحسين
12298	٣٥١ - ابن أبي جعفر عبد الله بن محمد بن عبد الله الخشني
12299	٣٥٢ - أبو غالب بن البناء أحمد بن الحسن بن أحمد
12300	٣٥٣ - أبو خازم بن الفراء محمد بن محمد البغدادي
12301	٣٥٤ - أبو الحسن بن الزاغوني علي بن عبيد الله بن نصر
12304	٣٥٥ - أبو علي الفارقي الحسن بن إبراهيم بن برهون
12305	٣٥٦ - ابن قبليل أبو جعفر أحمد بن عمر بن خلف
12306	٣٥٧ - ابن الرطبي أبو العباس أحمد بن سلامة بن عبيد الله
12307	٣٥٨ - ابن الفتى أبو علي الحسن بن سلمان بن عبد الله
12308	٣٥٩ - دبيس أبو الأعز بن صدقة بن منصور الأسدي
12309	٣٦٠ - تاج الملوك سيف الدولة بدران
12310	٣٦١ - ابن الحاج أبو عبد الله محمد بن أحمد بن خلف
12311	٣٦٢ - الفراوي أبو عبد الله محمد بن الفضل بن أحمد
12315	٣٦٣ - ابن آسة أبو محمد علي بن عبد القاهر بن الخضر
12316	٣٦٤ - الخلال أبو عبد الله الحسين بن عبد الملك بن الحسين
12317	٣٦٥ - اليونارتي أبو نصر الحسن بن محمد بن إبراهيم
12318	٣٦٦ - الصيرفي أبو الفرج سعيد بن محمد بن بكر
12319	٣٦٧ - ابن القشيري عبد المنعم بن عبد الكريم بن هوازن
12321	٣٦٨ - بنت زعبل أم الخير فاطمة بنت علي بن مظفر
12322	٣٦٩ - ابن المؤذن أبو سعد إسماعيل بن أحمد بن عبد الملك
12324	٣٧٠ - عيسى بن محمد بن عبد الله بن عيسى بن مؤمل بن أبي البحر
12325	٣٧١ - البآر أبو نصر إبراهيم بن الفضل الأصبهاني
12327	٣٧٢ - المزرفي أبو بكر محمد بن الحسين بن علي
12328	٣٧٣ - العجلي أبو سعد عثمان بن علي بن شراف
12329	٣٧٤ - الميهني أبو الفتح أسعد بن أبي نصر بن الفضل
12330	٣٧٥ - ابن أبي الصلت أبو الصلت أمية بن عبد العزيز الداني
12331	٣٧٦ - الإسلامي أبو الحسن علي بن أحمد بن علي
12333	الجزء ٢٠ [طبقة ٢٨، ٢٩، ٣٠]
12333	تابع: الطبقة الثامنة والعشرون
12333	١ - الواسطي أبو القاسم هبة الله بن عبد الله بن أحمد
12334	٢ - الحاكمي أبو القاسم إسماعيل بن عبد الملك بن علي
12334	٣ - ابن البناء أبو عبد الله يحيى بن الحسن بن أحمد
12336	٤ - الغازي أبو نصر أحمد بن عمر بن محمد
12337	٥ - زاهر بن طاهر بن محمد بن محمد النيسابوري
12342	٦ - السيدي أبو محمد هبة الله بن سهل بن عمر بن محمد
12343	٧ - أنو شروان بن خالد أبو نصر القاشاني
12344	٨ - عبد الغافر بن إسماعيل بن عبد الغافر بن محمد بن عبد الغافر الفارسي
12346	٩ - ابن قبيس علي بن أحمد بن منصور بن محمد الغساني
12347	١٠ - القارئ إسماعيل بن عبد الرحمن بن صالح
12348	١١ - تميم بن أبي سعيد بن أبي العباس الجرجاني
12351	١٢ - قاضي المرستان محمد بن عبد الباقي بن محمد
12356	١٣ - ابن السمرقندي إسماعيل بن أحمد بن عمر
12359	١٤ - جمال الإسلام علي بن المسلم بن محمد السلمي
12362	١٥ - ابن توبة محمد بن أحمد بن محمد الأسدي
12363	١٦ - عبد الجبار أبو منصور بن أحمد بن محمد
12363	١٧ - الشاذياخي عبد الوهاب بن شاه بن أحمد
12365	١٨ - عماد الدولة بن هود
12369	١٩ - أحمد بن عبد الملك بن هود المستنصر بالله الأندلسي
12372	٢٠ - العثماني أبو عبد الله محمد بن أحمد بن يحيى
12374	٢١ - الدهان عبد الجبار بن عبد الوهاب بن عبد الله
12375	٢٢ - ابن سعدويه أبو سهل محمد بن إبراهيم بن محمد
12376	٢٣ - بدر أبو النجم بن عبد الله الأرمني الشيحي
12376	٢٤ - ابن موهب أبو الحسن علي بن عبد الله بن محمد
12377	٢٥ - الأمين أبو منصور علي بن علي بن عبيد الله
12378	٢٦ - صاحب دمشق محمود بن بوري بن طغتكين
12379	٢٧ - جمال الدين محمد أبو المظفر
12379	٢٨ - ابن خفاجة إبراهيم بن أبي الفتح بن عبد الله
12380	٢٩ - الموسوي أبو البركات مهدي بن محمد الحسيني
12380	٣٠ - البديع أبو القاسم هبة الله بن الحسين البغدادي
12381	٣١ - ابن بطريق أبو القاسم يحيى بن بطريق الطرسوسي
12382	٣٢ - ابن عطاف محمد بن محمد بن محمد الهمداني
12382	٣٣ - عطاء بن أبي سعد بن عطاء أبو محمد الثعلبي
12385	٣٤ - الزوزني أبو سعد أحمد بن محمد بن علي
12387	٣٥ - ابن الجلخت نصر الله بن محمد بن محمد الأزدي
12388	٣٦ - ابن البدن عبد الخالق بن عبد الصمد البغدادي
12388	٣٧ - ابن فطيمة الحسين بن أحمد بن علي الخسروجردي
12390	٣٨ - اليوسفي أبو القاسم عبد الله بن أحمد بن عبد القادر
12391	٣٩ - القاضي الزكي أبو المفضل يحيى بن علي القرشي
12394	٤١ - يوسف بن أيوب بن يوسف بن حسين بن وهرة الهمذاني
12397	٤٢ - القزاز عبد الرحمن بن محمد بن عبد الواحد الشيباني
12399	٤٣ - الخواري أبو محمد عبد الجبار بن محمد بن أحمد
12400	٤٤ - ابن برجان عبد السلام بن عبد الرحمن اللخمي
12402	٤٥ - اللفتواني أبو بكر محمد بن شجاع بن أحمد
12403	٤٦ - ابن السلال محمد بن محمد بن أحمد الكرخي
12405	٤٧ - ابن الطراح يحيى بن علي بن محمد البغدادي
12407	٤٨ - أبو البدر الكرخي إبراهيم بن محمد بن منصور
12408	٤٩ - التيمي أبو القاسم إسماعيل بن محمد بن الفضل
12417	٥٠ - ابن الجواليقي موهوب بن أحمد بن محمد
12419	٥١ - ابن أبي جمرة أحمد بن عبد الملك بن موسى الأموي
12420	٥٢ - الشاطبي أبو محمد عبد الله بن علي بن أحمد
12421	٥٣ - أبو المعالي الفارسي محمد بن إسماعيل بن محمد
12421	٥٤ - ابن باجة محمد بن يحيى بن الصائغ السرقسطي
12422	٥٥ - ابن خيرون محمد بن عبد الملك بن الحسن البغدادي
12423	٥٦ - العجلي أبو علي أحمد بن سعد بن علي
12425	٥٧ - ابن مازة عمر بن عبد العزيز بن عمر البخاري
12426	٥٨ - ابن طاووس أبو محمد هبة الله بن أحمد البغدادي
12427	٥٩ - غانم بن أحمد بن الحسن بن محمد بن علي الأصبهاني
12428	٦٠ - غانم بن خالد بن عبد الواحد بن أحمد الأصبهاني
12429	٦١ - أبو جعفر الهمذاني محمد بن الحسن بن محمد
12430	٦٢ - الجوهري أبو بكر محمد بن أحمد بن حسن بن أسد
12431	٦٣ - شرف الإسلام عبد الوهاب بن عبد الواحد بن محمد الأنصاري
12432	٦٤ - المازري أبو عبد الله محمد بن علي بن عمر بن محمد
12435	٦٥ - الفتح بن محمد بن عبد الله بن خاقان القيسي
12436	٦٦ - بهجة الملك علي بن عبد الرحمن الصوري
12437	٦٧ - وجيه بن طاهر بن محمد بن محمد بن أحمد الشحامي
12439	٦٨ - ابن العريف أحمد بن محمد بن موسى بن عطاء الله الصنهاجي
12442	٦٩ - الحلواني أبو المعالي عبد الله بن أحمد بن محمد
12443	٧٠ - ابن المهتدي بالله محمد بن عبد الله بن أحمد
12444	٧١ - البطروجي أحمد بن عبد الرحمن بن محمد
12446	٧٢ - المصيصي نصر الله بن محمد بن عبد القوي
12447	٧٣ - أبو سعد أحمد بن محمد بن أحمد الأصبهاني
12451	٧٤ - ابن مغيث أبو الحسن يونس بن محمد القرطبي
12452	٧٥ - ابن تاشفين أبو الحسن علي بن يوسف البربري
12454	٧٦ - النسفي أبو حفص عمر بن محمد بن أحمد
12455	٧٧ - ملك الخطا كوخان
12456	٧٨ - ابن ماشاذه محمود بن أحمد بن عبد المنعم الأصبهاني
12457	٧٩ - أبو عبد الله الحسين بن علي بن أحمد البغدادي
12458	٨٠ - أبو محمد عبد الله بن علي بن أحمد
12462	٨١ - الأنماطي عبد الوهاب بن المبارك بن أحمد
12465	٨٢ - ابن الزكي محمد بن يحيى بن علي القرشي
12467	٨٣ - ابن الشهرزوري أبو بكر محمد بن القاسم بن مظفر
12467	٨٤ - ابن المعتمد أبو الفتوح محمد بن الفضل الإسفراييني
12470	٨٥ - شريح بن محمد بن شريح بن أحمد الرعيني
12472	٥٦ - البديع الهمذاني أبو علي أحمد بن سعد
12475	٨٧ - ابن عبد السلام أبو الحسن علي بن هبة الله البغدادي
12476	٨٨ - فاطمة بنت البغدادي أم البهاء بنت محمد بن أحمد
12477	٨٩ - أكز حسام الدين الحاجب
12477	٩٠ - ابن طراد علي بن طراد بن محمد الهاشمي
12479	٩١ - الزمخشري أبو القاسم محمود بن عمر بن محمد
12484	٩٢ - البحيري عبد الرحمن بن عبد الله بن عبد الرحمن
12486	الطبقة التاسعة والعشرون
12486	٩٣ - سعد الخير أبو الحسن بن محمد بن سهل الأنصاري
12488	٩٤ - ابن الإخوة أبو العباس أحمد بن محمد بن إبراهيم
12488	٩٥ - شيخ الشيوخ إسماعيل بن أحمد بن محمد بن دوست
12489	٩٦ - شافع بن عبد الرشيد أبو عبد الله الجيلي
12490	٩٧ - ابن الآبنوسي أبو الحسن أحمد بن عبد الله بن علي
12491	٩٨ - ابن الأشقر أبو بكر أحمد بن علي بن عبد الواحد
12491	٩٩ - ابن أخت الطويل أبو بكر هبة الله بن الفرج الهمذاني
12493	١٠٠ - الدومي أبو الفتح مفلح بن أحمد بن محمد
12494	١٠١ - الشريك أبو عمرو عثمان بن محمد بن أحمد البلخي
12495	١٠٢ - ابن الصباغ علي بن عبد السيد بن محمد البغدادي
12497	١٠٣ - ابن الرزاز أبو منصور سعيد بن محمد بن عمر
12497	١٠٤ - الدهان عبيد الله بن عبد الله بن أبي الفضل
12498	١٠٥ - عمر بن ظفر بن أحمد أبو حفص الشيباني
12499	١٠٦ - ظاهر بن أحمد أبو القاسم البغدادي المساميري
12499	١٠٧ - الجلابي أبو عبد الله محمد بن علي بن محمد
12501	١٠٨ - ابن المختار أحمد بن محمد بن المختار العباسي
12502	١٠٩ - الطرائفي أبو عبد الله محمد بن أحمد بن الحسن
12502	١١٠ - ابن الداية محمد بن علي البغدادي
12503	١١١ - ابن الرماك عبد الرحمن بن محمد الأموي
12503	١١٢ - الغنوي أبو إسحاق إبراهيم بن محمد بن محرز
12505	١١٣ - ابن الوزير أبو علي الحسن بن مسعود الدمشقي
12505	١١٤ - الجورقاني الحسين بن إبراهيم بن الحسين بن جعفر
12507	١١٥ - أبو الدر ياقوت الرومي التاجر السفار
12508	١١٦ - هبة الرحمن بن عبد الواحد القشيري النيسابوري
12510	١١٧ - البيضاوي أبو الفتح عبد الله بن محمد بن محمد
12511	١١٨ - السمذي أبو المكارم المبارك بن علي بن عبد العزيز
12511	١١٩ - الأرموي أبو الفضل محمد بن عمر بن يوسف
12514	١٢٠ - الأموي أبو علي الحسن بن سعيد بن أحمد
12514	١٢١ - الأندي أبو الحجاج يوسف بن علي القضاعي
12515	١٢٢ - المرادي أبو الحسن علي بن سليمان بن أحمد
12517	١٢٣ - الأتابك عماد الدين زنكي بن آقسنقر التركي
12520	١٢٤ - غازي سيف الدين بن زنكي
12522	١٢٦ - ابن الشجري هبة الله بن علي بن محمد الهاشمي
12524	١٢٧ - الميهني أبو الفضل أحمد بن طاهر بن سعيد
12525	١٢٨ - ابن العربي أبو بكر محمد بن عبد الله الأندلسي
12532	١٢٩ - رزين بن معاوية بن عمار أبو الحسن العبدري
12534	١٣٠ - الكرماني عبد الرحمن بن محمد بن أميرويه
12535	١٣١ - الزينبي أبو القاسم علي بن الحسين بن محمد
12536	١٣٢ - أبو جعفرك أحمد بن علي بن أبي جعفر البيهقي
12537	١٣٣ - الفندلاوي أبو الحجاج يوسف بن دوناس المغربي
12538	١٣٤ - الأرجاني أبو بكر أحمد بن محمد بن الحسين
12540	١٣٥ - الزيادي أبو المحاسن أسعد بن علي بن الموفق
12540	١٣٦ - القاضي عياض بن موسى بن عياض اليحصبي
12547	١٣٧ - أبو عبد الله محمد بن عياض
12548	١٣٨ - ابن الدباغ يوسف بن عبد العزيز بن يوسف
12549	١٣٩ - البيع محمد بن عبد العزيز بن علي الزهري
12550	١٤٠ - ابن عبدان الخضر بن حسين بن عبد الله الأزدي
12550	١٤١ - موفق أبو السداد الحبشي
12551	١٤٢ - الشحامي أبو علي الحسين بن علي بن الحسين
12551	١٤٣ - الرفاء أبو الحسين أحمد بن منير بن أحمد
12552	١٤٤ - القيسراني أبو عبد الله محمد بن نصر بن صغير
12554	١٤٥ - الإسفراييني أبو المعالي الفضل بن سهل بن بشر
12555	١٤٦ - ابن الفراوي عبد الله بن محمد بن الفضل
12556	١٤٧ - السلطان أبو سعد عمر بن علي بن سهل الدامغاني
12557	١٤٨ - أنر معين الدين الطغتكيني
12558	١٤٩ - السنجبستي أبو علي الحسن بن محمد بن أحمد
12559	١٥٠ - العبادي أبو منصور المظفر بن أردشير المروزي
12560	١٥١ - أبو عبد الله مردنيش محمد الجذامي المغربي
12562	١٥٢ - ابن مسهر علي بن سعد بن علي الموصلي
12564	١٥٣ - ابن نظام الملك أبو نصر أحمد بن الحسن الطوسي
12565	١٥٤ - أبو محمد ابن عياض المجاهد عبد الله
12567	١٥٥ - ابن أبي ركب محمد بن مسعود بن عبد الله الخشني
12568	١٥٦ - محمد بن سعد بن محمد بن مردنيش الجذامي
12570	١٥٧ - حيدرة بن مفرج بن حسن ابن الصوفي الدمشقي
12570	١٥٨ - الوزير العميد أبو الذواد المسيب
12571	١٥٩ - ابن حمدين حمدين بن محمد بن علي بن محمد
12573	١٦٠ - خياط الصوف محمد بن جامع بن أبي نصر
12573	١٦١ - الحمامي أبو القاسم إسماعيل بن علي بن الحسين
12574	١٦٢ - ابن البن الحسين بن الحسن بن محمد الأسدي
12576	١٦٣ - ابن مطكود أبو القاسم نصر بن أحمد السوسي
12576	١٦٤ - علي بن أحمد بن مقاتل
12577	١٦٥ - ابن أبي مروان أحمد بن عبد الملك الأنصاري
12577	١٦٦ - حامد بن أبي الفتح أحمد بن محمد المديني
12578	١٦٧ - حمزة بن محمد بن بحسول أبو الفتح الهمذاني
12578	١٦٨ - علي بن حيدرة بن جعفر أبو طالب الحسيني
12579	١٦٩ - ابن دادا محمد بن إبراهيم بن حسين الجرباذقاني
12579	١٧٠ - الكشميهني محمد بن عبد الرحمن بن محمد
12582	١٧١ - عبد الخالق بن زاهر بن طاهر بن محمد الشحامي
12584	١٧٢ - عبدان أبو محمد بن زرين بن محمد الدويني
12585	١٧٣ - هبة الله بن الحسين بن علي بن محمد بن عبد الله البغدادي
12586	١٧٤ - الحرضي محمد بن منصور بن عبد الرحيم
12586	١٧٥ - الرشاطي أبو محمد عبد الله بن علي بن عبد الله
12588	١٧٦ - الأزجي أبو المعمر المبارك بن أحمد بن عبد العزيز
12588	١٧٧ - ابن الطلاية أحمد بن أبي غالب بن أحمد الكاغدي
12591	١٧٨ - نصر بن المظفر بن الحسين بن أحمد البرمكي
12592	١٧٩ - ابن البنا سعيد بن أحمد بن الحسن البغدادي
12593	١٨٠ - ابن ناصر محمد بن ناصر بن محمد السلامي
12600	١٨١ - الجنيد بن محمد أبو القاسم القايني
12601	١٨٢ - حنبل بن علي أبو جعفر البخاري ثم السجستاني
12601	١٨٣ - الكروخي عبد الملك بن عبد الله بن أبي سهل
12604	١٨٤ - البلخي أبو الحسن علي بن الحسن بن محمد
12605	١٨٥ - الرطبي أبو عبد الله محمد بن عبيد الله بن سلامة
12606	١٨٦ - ابن الزاغوني أبو بكر محمد بن عبيد الله بن نصر
12607	١٨٧ - عبد الخالق بن أحمد بن عبد القادر بن محمد بن يوسف
12608	١٨٨ - ابن الإخوة عبد الرحيم بن أحمد بن محمد
12609	١٨٩ - ابن السلار أبو الحسن علي بن السلار الكردي
12611	١٩٠ - ابن جهير مظفر بن علي بن محمد بن محمد
12611	١٩١ - البستي أبو العز محمد بن علي بن محمد
12612	١٩٢ - السنجي أبو طاهر محمد بن محمد بن عبد الله
12614	١٩٣ - السبخي محمد بن أبي بكر بن عثمان
12614	١٩٤ - الشهرستاني محمد بن عبد الكريم بن أحمد
12616	١٩٥ - عباسة أبو محمد العباس بن محمد بن أبي منصور
12617	١٩٦ - الشهرزوري أبو الكرم المبارك بن الحسن بن أحمد
12619	١٩٧ - ابن خميس الحسين بن نصر بن محمد الجهني
12622	١٩٨ - القيسي أبو العشائر محمد بن الخليل بن فارس
12622	١٦٦ - حامد بن أبي الفتح أبو عبد الله المديني
12623	١٩٩ - الخطير خطير الدولة أبو عبد الله
12624	٢٠٠ - العكبري أبو القاسم نصر بن نصر بن علي
12625	٢٠١ - الشلبي عبد الله بن عيسى بن عبد الله
12625	٢٠٢ - الفامي عبد الرحمن بن عبد الجبار بن عثمان
12627	٢٠٣ - المبارك بن كامل بن أبي غالب الخفاف البغدادي
12628	٢٠٤ - ابن الخل محمد بن المبارك بن محمد البغدادي
12631	٢٠٥ - بكبرة عبد السلام بن أحمد بن إسماعيل الهروي
12631	٢٠٦ - أبو الوقت عبد الأول بن عيسى بن شعيب السجزي
12639	٢٠٧ - المشكاني أبو الحسن علي بن محمد بن أحمد
12640	٢٠٨ - محمد بن يحيى بن منصور أبو سعد النيسابوري
12643	٢٠٩ - ابن ناجية أحمد بن عبد الله بن بركة الحربي
12644	٢١٠ - أحمد بن وقشي
12644	٢١١ - الزبيدي أبو عبد الله محمد بن يحيى بن علي
12647	٢١٢ - البروجردي محمد بن هبة الله بن العلاء
12648	٢١٣ - الحصكفي أبو الفضل يحيى بن سلامة بن حسين
12649	٢١٤ - علي بن مهدي الزبيدي
12650	٢١٥ - خوارزمشاه أتسز بن محمد بن نوشتكين
12651	٢١٦ - الشحام أبو محمد سلمان بن مسعود بن حسن
12652	٢١٧ - الغزنوي أبو الحسن علي بن الحسين
12653	٢١٨ - مجلي أبو المعالي مجلي بن جميع بن نجا القرشي
12654	٢١٩ - أبو البيان نبأ بن محمد بن محفوظ القرشي
12655	٢٢٠ - الخراز أبو علي أحمد بن أحمد بن علي الحريمي
12656	٢٢١ - صاحب نصيبين إبراهيم بن رضوان بن تتش السلجوقي
12656	٢٢٢ - عبد الصبور بن عبد السلام أبو صابر الهروي
12657	٢٢٣ - كوتاه عبد الجليل بن محمد بن عبد الواحد
12659	٢٢٤ - العباسي أبو جعفر أحمد بن محمد بن عبد العزيز
12661	٢٢٥ - ابن غبرة أبو الحسن محمد بن محمد الهاشمي
12662	٢٢٦ - ابن محمويه أبو الحسن علي بن أحمد اليزدي
12664	٢٢٧ - الأغرجي أبو الفرج محمد بن أحمد بن أبي سعيد
12664	٢٢٨ - البيكندي أبو عمرو عثمان بن علي بن محمد
12665	٢٢٩ - ابن الصفار عمر بن أحمد بن منصور النيسابوري
12667	٢٣٠ - الكرماني عبد الوهاب بن الحسن بن عبد الله
12667	٢٣١ - ابن القطان هبة الله بن الفضل بن عبد العزيز
12668	٢٣٢ - جعفر بن زيد بن جامع بن حسين الطائي
12670	٢٣٣ - أبو محمد عدي بن صخر الشامي
12672	٢٣٤ - ابن الحطيئة أحمد بن عبد الله بن أحمد اللخمي
12676	٢٣٥ - الداراني أبو محمد عبد الرحمن بن أبي الحسن
12677	٢٣٦ - الجواد محمد بن علي بن أبي منصور الأصبهاني
12678	٢٣٧ - جلال الدين علي
12678	٢٣٨ - سديد الدولة محمد بن عبد الكريم الشيباني
12679	٢٣٩ - اللباد أبو الحسن علي بن أحمد بن محمد
12680	٢٤٠ - البزري عمر بن محمد بن أحمد بن عكرمة
12680	٢٤١ - الحراني أبو عبد الله محمد بن عبد الله بن العباس
12681	٢٤٢ - ابن الفراء محمد بن محمد بن أبي يعلى البغدادي
12682	٢٤٣ - ابن التلميذ أبو الحسن هبة الله بن صاعد المسيحي
12682	٢٤٤ - ابن الصابوني عبد الوهاب بن محمد المالكي
12683	٢٤٥ - علي بن عساكر بن سرور أبو الحسن المقدسي
12684	٢٤٦ - ابن قفرجل أحمد بن المبارك بن عبد الباقي البغدادي
12685	٢٤٧ - ابن الحبوبي حمزة بن علي بن هبة الله الثعلبي
12686	٢٤٨ - الأقليشي أبو العباس أحمد بن معد بن عيسى
12687	٢٤٩ - ابن التريكي أبو المظفر محمد بن أحمد بن علي
12687	٢٥٠ - الغانمي أبو المحاسن مسعود بن محمد بن غانم
12688	٢٥١ - الطائي أبو الفتوح محمد بن محمد بن علي
12690	٢٥٢ - سنجر بن ملكشاه بن ألب أرسلان الغزي
12693	٢٥٣ - أبق الملك المظفر بن محمد بن بوري بن طغتكين
12694	٢٥٤ - عبد المؤمن بن علي بن علوي الكومي
12706	٢٥٦ - الباغبان محمد بن أحمد بن محمد الأصبهاني
12707	٢٥٧ - الشيخ رسلان بن يعقوب بن عبد الرحمن الجعبري
12708	٢٥٨ - أبو الحسين الزاهد بن أبي عبد الله بن حمزة المقدسي
12712	٢٥٩ - مسعود أبو الفتح بن محمد بن ملكشاه السلجوقي
12714	٢٦٠ - الخجندي محمد بن عبد اللطيف بن محمد
12715	٢٦١ - ابن المتوكل أبو علي الحسن بن جعفر الهاشمي
12716	٢٦٢ - ابن القلانسي حمزة بن أسد بن علي التميمي
12717	٢٦٣ - صاحب غزنة خسروشاه بن بهرام شاه بن مسعود
12718	٢٦٤ - الكرخي أبو طاهر محمد بن أحمد بن محمد
12719	٢٦٥ - ابن المادح أبو محمد محمد بن أحمد التميمي
12720	٢٦٦ - ابن كروس أبو يعلى حمزة بن أحمد السلمي
12721	٢٦٧ - الشبلي أبو المظفر هبة الله بن أحمد بن محمد
12722	٢٦٨ - الموسوي أبو الحسن علي بن حمزة بن إسماعيل
12723	٢٦٩ - الزيادي أبو عبد الله محمد بن يوسف البغوي
12724	٢٧٠ - أبو حكيم إبراهيم بن دينار النهرواني
12725	٢٧١ - الزيات أبو الندى حسان بن تميم بن نصر
12725	٢٧٢ - الصالح أبو الغارات طلائع بن رزيك الأرمني
12727	٢٧٣ - المقتفي لأمر الله محمد ابن المستظهر بالله
12740	٢٧٤ - المستنجد بالله يوسف ابن المقتفي لأمر الله
12747	٢٧٥ - أبو البركات هبة الله بن علي بن ملكا البلدي
12748	٢٧٦ - كمال بنت عبد الله بن أحمد بن عمر أم الحسن
12748	٢٧٧ - أخوها: أبو المظفر هبة الله
12749	٢٧٩ - الحرستاني أبو الحسن علي بن أحمد بن علي
12750	٢٨٠ - الفلكي أبو المظفر سعيد بن سهل بن محمد
12751	٢٨١ - العلوي أبو طالب محمد بن محمد بن محمد
12754	٢٨٢ - ابن هبيرة أبو المظفر يحيى بن محمد الشيباني
12760	٢٨٣ - الرستمي أبو عبد الله الحسن بن العباس بن علي
12763	٢٨٤ - ابن رفاعة أبو محمد عبد الله بن رفاعة السعدي
12766	٢٨٥ - خزيفة عبد الله بن سعد بن الحسين البغدادي
12767	٢٨٦ - الشيخ عبد القادر أبو محمد بن عبد الله الجيلي
12779	٢٨٧ - عبد الجليل بن أبي سعد منصور بن إسماعيل الهروي
12780	٢٨٨ - عبد الهادي بن أبي سعيد بن عبد الله بن عمر بن مأمون السجستاني
12780	٢٨٩ - البسطامي أبو شجاع عمر بن محمد بن عبد الله
12782	٢٩٠ - الكيزاني أبو عبد الله محمد بن إبراهيم بن ثابت
12783	٢٩١ - القنطري أبو القاسم محمد بن عبد الله بن أحمد
12784	٢٩٢ - السمعاني عبد الكريم بن محمد بن منصور
12793	٢٩٣ - ابن اللحاس أبو المعالي محمد بن محمد بن محمد
12794	٢٩٤ - الأشيري أبو محمد عبد الله بن محمد بن عبد الله
12795	٢٩٥ - ابن الماسح علي بن الحسن بن الحسن الكلابي
12796	٢٩٦ - البارزي عبد الواحد بن الحسين بن عبد الواحد
12797	٢٩٧ - مسعود بن الحسن الثقفي الأصبهاني
12799	٢٩٨ - الدقاق أبو القاسم هبة الله بن الحسن بن هلال
12800	٢٩٩ - الباجسرائي أحمد بن عبد الغني بن محمد
12801	٣٠٠ - ابن المقرب أحمد بن المقرب بن الحسين الكرخي
12801	٣٠١ - الطامذي أبو محمد عبد الله بن علي بن عبد الله
12803	٣٠٢ - أبو النجيب عبد القاهر بن عبد الله بن محمد القرشي
12806	٣٠٣ - ابن تاج القراء علي بن عبد الرحمن الطوسي
12809	٣٠٤ - ابن البطي محمد بن عبد الباقي بن أحمد البغدادي
12813	الطبقة الثلاثون
12813	٣٠٥ - ابن الفاخر أبو أحمد معمر بن عبد الواحد القرشي
12815	٣٠٦ - ابن خضير أبو طالب المبارك بن علي البغدادي
12817	٣٠٧ - نفيسة فاطمة بنت محمد بن علي البزازة البغدادية
12817	٣٠٨ - ابن الزبير أحمد بن علي بن إبراهيم الغساني
12819	٣٠٩ - ابن الكريدي أبو الحسن علي بن مهدي الهلالي
12819	٣١٠ - السويقي أبو عاصم قيس بن محمد بن إسماعيل
12820	٣١١ - الزاغولي أبو عبد الله محمد بن الحسين بن محمد
12822	٣١٢ - الباذرائي أبو المكارم المبارك بن محمد بن المعمر
12822	٣١٣ - ابن الدامغاني جعفر بن عبد الله بن محمد البغدادي
12823	٣١٤ - الصائن ابن عساكر أبو الحسين هبة الله بن الحسن
12825	٣١٥ - عبد الخالق بن أسد بن ثابت أبو محمد الدمشقي
12826	٣١٦ - ابن النقور عبد الله بن محمد بن أحمد البغدادي
12827	٣١٧ - ابن هلال عبد الواحد بن محمد بن المسلم الأزدي
12828	٣١٨ - الفارقي محمد بن عبد الملك بن عبد الحميد
12829	٣١٩ - فورجه محمود بن عبد الكريم بن علي الأصبهاني
12831	٣٢٠ - أبو زرعة المقدسي طاهر بن محمد بن طاهر
12833	٣٢١ - ابن الخلال أبو الحجاج يوسف بن محمد المصري
12833	٣٢٢ - يحيى بن ثابت بن بندار بن إبراهيم الدينوري
12834	٣٢٣ - ابن هذيل علي بن محمد بن علي البلنسي
12836	٣٢٤ - ابن سعادة أبو عبد الله محمد بن يوسف المرسي
12837	٣٢٥ - الجياني أبو بكر محمد بن علي بن عبد الله
12839	٣٢٦ - الرحبي أبو علي أحمد بن محمد بن أحمد
12839	٣٢٧ - البطليوسي أبو علي الحسن بن علي بن الحسن
12841	٣٢٨ - ابن بندار أبو المحاسن يوسف بن عبد الله الدمشقي
12842	٣٢٩ - شاور أبو شجاع شاور بن مجير السعدي
12845	٣٣٠ - محمد بن عبد الله بن محمد بن خليل القيسي
12846	٣٣١ - ابن قزمان عبد الرحمن بن محمد بن عبد الملك
12846	٣٣٢ - عليم بن عبد العزيز بن عبد الرحمن بن عبيد الله القرشي
12847	٣٣٣ - الزكي علي بن محمد بن يحيى بن علي القرشي
12848	٣٣٤ - ابن قرقول إبراهيم بن يوسف بن إبراهيم الحمزي
12849	٣٣٥ - مودود بن زنكي بن آقسنقر التركي
12850	٣٣٦ - ابن ظفر محمد بن أبي محمد بن محمد الصقلي
12851	٣٣٧ - ابن الخشاب عبد الله بن أحمد بن أحمد البغدادي
12856	٣٣٨ - الصيدلاني القاسم بن الفضل بن عبد الواحد
12858	٣٣٩ - الصيدلاني محمد بن الحسن بن الحسين الأصبهاني
12859	٣٤٠ - نور الدين محمود بن محمود بن زنكي التركي
12867	٣٤١ - حفده أبو منصور محمد بن أسعد بن محمد الطوسي
12868	٣٤٢ - ابن الرخلة صالح بن المبارك بن محمد البغدادي
12869	٣٤٣ - علي بن حميد بن عمار أبو الحسن الطرابلسي
12870	٣٤٤ - شهدة بنت المحدث أبي نصر أحمد بن الفرج الدينوري
12871	٣٤٥ - ابن ماشاذه محمد بن أحمد بن أبي الفرج
12872	٣٤٦ - المعداني أبو القاسم رجاء بن حامد بن رجاء
12873	٣٤٧ - نصر بن سيار بن صاعد بن سيار أبو الفتح الكناني
12874	٣٤٨ - ابن قلاقس أبو الفتوح نصر الله بن عبد الله اللخمي
12874	٣٤٩ - القرطبي أبو بكر يحيى بن سعدون بن تمام
12876	٣٥٠ - البطائحي أبو الحسن علي بن عساكر
12878	٣٥١ - تجني بنت عبد الله أم عتب الوهبانية
12879	٣٥٢ - خديجة بنت أحمد بن الحسن بن عبد الكريم النهرواني
12880	٣٥٣ - عبد الحق ابن الحافظ عبد الخالق بن أحمد اليوسفي
12882	٣٥٤ - ابن عساكر ثقة الدين أبو القاسم الدمشقي
12900	٣٥٥ - ابن شافع أبو الفضل أحمد بن صالح الجيلي
12901	٣٥٦ - أبو الخير عبد الرحيم بن محمد بن أحمد الأصبهاني
12903	٣٥٧ - الحاجي أبو مسعود عبد الرحيم بن علي بن حمد
12904	٣٥٨ - أبو رشيد عبد الله بن عمر بن عبد الله الأصبهاني
12905	٣٥٩ - البروي أبو منصور محمد بن محمد بن محمد
12906	٣٦٠ - الجبريلي أبو أحمد أسعد بن بلدرك بن أبي اللقاء
12906	٣٦١ - ابن العصار أبو الحسن علي بن عبد الرحيم السلمي
12908	٣٦٢ - الحظيري أبو المعالي سعد بن علي بن قاسم
12909	٣٦٣ - ابن الدهان سعيد بن المبارك بن الدهان البغدادي
12910	٣٦٤ - عبد النبي ابن المهدي علي بن مهدي
12911	٣٦٥ - الطاهري أبو المكارم محمد بن أحمد بن محمد
12912	٣٦٦ - ابن النعمة علي بن عبد الله بن خلف الأنصاري
12913	٣٦٧ - البيهقي أبو الحسن علي بن زيد بن أميرك
12915	٣٦٨ - ابن البلدي أبو جعفر أحمد بن محمد بن سعيد
12915	٣٦٩ - شيركوه بن شاذي بن مروان بن يعقوب الدويني
12917	٣٧٠ - نجم الدين أيوب
12918	٣٧١ - يوسف بن آدم بن محمد بن آدم المراغي الدمشقي
12920	٣٧٢ - ابن عبد الخضر بن شبل بن الحسين الحارثي
12920	٣٧٣ - عمارة أبو محمد بن علي بن زيدان الحكمي
12924	٣٧٤ - العثماني عبد الله بن عبد الرحمن بن يحيى
12926	٣٧٥ - ابن بنيمان محمد بن بنيمان بن يوسف الهمذاني
12929	الجزء ٢١ [طبقة ٣٠، ٣١، ٣٢]
12929	تابع: الطبقة الثلاثون
12929	١ - السلفي أبو طاهر أحمد بن محمد بن أحمد بن محمد
12964	٢ - أبو العلاء الهمداني الحسن بن أحمد بن الحسن بن أحمد
12971	٣ - الخطيبي أبو حنيفة محمد بن عبد الله بن علي الأصبهاني
12972	٤ - ابن البوقي أبو جعفر هبة الله بن يحيى بن حسن
12972	٥ - اليوسفي أبو نصر عبد الرحيم بن عبد الخالق
12973	٦ - العليمي أبو الخطاب عمر بن محمد بن عبد الله
12974	٧ - الحديثي أبو طالب روح بن أحمد بن محمد بن محمد
12975	٨ - أبو المعالي عبد الملك بن روح
12976	٩ - المأموني أبو محمد هارون بن العباس بن محمد العباسي
12977	١٠ - صاحب اليمن الملك المعظم شمس الدولة تورانشاه بن أيوب
12978	١١ - ملك الموصل غازي بن مودود بن زنكي التركي
12979	١٢ - خوارزمشاه أرسلان بن آتسز بن محمد بن نوشتكين
12980	١٣ - ابن حنين أبو الحسن علي بن أحمد بن حنين الكناني
12981	١٤ - ابن الشهرزوري محمد بن عبد الله بن القاسم
12984	١٥ - ابنه: محمد بن عبد الله بن القاسم ابن الشهرزوري
12985	١٦ - الحيص بيص سعد بن محمد بن سعد التميمي
12986	١٧ - أبو المسعودي عبد الرحمان بن محمد بن مسعود المروزي
12987	١٨ - ابن صيلا أبو بكر عتيق بن عبد العزيز بن علي الحربي
12988	١٩ - السقلاطوني أبو شاكر يحيى بن يوسف البغدادي
12988	٢٠ - شملة التركماني
12989	٢١ - الطوسي أبو بكر محمد بن علي بن محمد
12990	٢٢ - قايماز مولى المستنجد بالله
12990	٢٣ - صدقة بن الحسين أبو الفرج ابن الحداد البغدادي
12992	٢٤ - المستضيء بأمر الله أبو محمد الحسن ابن المستنجد بالله
12997	٢٥ - ابن غانية أبو زكريا يحيى بن علي البربري
12998	٢٦ - الرصافي أبو عبد الله محمد بن غالب الأندلسي
12999	٢٧ - عضد الدين محمد بن عبد الله بن هبة الله البغدادي
13001	٢٨ - الرفاعي أبو العباس أحمد بن علي بن أحمد بن يحيى
13005	٢٩ - الكشميهني محمد بن محمد بن عبد الرحمان
13006	٣٠ - ابن مواهب أبو العز محمد بن محمد البغدادي
13007	٣١ - الدوشابي أبو هاشم عيسى بن أحمد الهاشمي
13008	٣٢ - ابن العطار أبو بكر منصور بن نصر الحراني
13009	٣٣ - حفيد الشاشي أحمد بن عبد الله بن محمد بن أحمد
13009	٣٤ - ابن خير أبو بكر محمد بن خير بن عمر بن خليفة اللمتوني
13011	٣٥ - خطيب الموصل عبد الله بن أحمد بن محمد الطوسي
13013	٣٦ - ابن حمكا محمود بن أبي القاسم بن عمر الأصبهاني
13014	٣٧ - الخرقي أبو الفتح عبد الله بن أحمد بن أبي الفتح
13015	٣٨ - الصفاري أبو المحامد حماد بن إبراهيم بن إسماعيل
13016	٣٩ - ركن الدين أبو إسحاق إبراهيم بن إسماعيل الصفاري
13017	٤٠ - ابن صابر عبد الله بن عبد الرحمن بن أحمد السلمي
13018	٤١ - ابن أبي العجائز عبد الرحمن بن عبد العزيز الأزدي
13018	٤٢ - تقية بنت المحدث غيث بن علي الأرمنازي ثم الصوري
13019	٤٣ - أبو طالب أحمد بن المسلم بن رجاء اللخمي
13021	٤٤ - الرافعي محمد بن عبد الكريم بن الفضل القزويني
13021	٤٥ - ابن المطلب حسن بن هبة الله بن محمد البغدادي
13022	٤٦ - ابن عبد المؤمن أبو يعقوب يوسف بن عبد المؤمن بن علي
13027	٤٧ - السلماسي سديد الدين محمد بن هبة الله الشافعي
13027	٤٨ - ابن الصائغ أحمد بن أبي الوفاء البغدادي
13028	٤٩ - الزيدي أبو الحسن علي بن أحمد بن محمد الهاشمي
13029	٥٠ - القرشي أبو المحاسن عمر بن علي بن الخضر
13030	٥١ - القطب مسعود بن محمود بن مسعود الطريثيثي
13033	٥٢ - ابن أبي الصقر محمد بن حمزة بن محمد القرشي
13034	٥٣ - أبو الكرم علي بن عبد الكريم بن أبي العلاء العباسي
13034	٥٤ - صاحب حلب الملك الصالح إسماعيل بن نور الدين محمود
13036	٥٥ - صاحب أذربيجان الأتابك شمس الدين إلدكز
13037	٥٦ - الكمال الأنباري عبد الرحمان بن محمد بن عبيد الله
13039	٥٧ - الكتاني أبو طالب محمد بن علي بن أحمد بن محمد
13041	٥٨ - ابن شاتيل عبيد الله بن عبد الله بن محمد البغدادي
13042	٥٩ - ابن حبيش عبد الرحمان بن محمد الأنصاري
13046	٦٠ - ابن عوف إسماعيل بن مكي بن إسماعيل الزهري
13047	٦١ - أبو المحاسن محمد بن عبد الخالق بن أبي شكر الأصبهاني
13048	٦٢ - الترك أبو العباس أحمد بن أحمد بن محمد الأصبهاني
13049	٦٣ - ابن أبي عصرون عبد الله بن محمد التميمي
13053	٦٤ - الصائغ محمد بن عبد الواحد بن عبد الوهاب
13055	٦٥ - الحلاوي أبو عبد الله محمد بن المبارك بن الحسين
13056	٦٦ - الأبله أبو عبد الله محمد بن بختيار الجوهري
13056	٦٧ - القزاز نصر الله بن عبد الرحمان بن محمد
13058	٦٨ - الثقفي أبو الفرج يحيى بن محمود بن سعد
13060	٦٩ - ابن بري عبد الله بن بري بن عبد الجبار المقدسي
13061	٧٠ - ابن المني أبو الفتح نصر بن فتيان بن مطر النهرواني
13063	٧١ - ابن بشكوال خلف بن عبد الملك الأنصاري
13067	٧٢ - صاحب حمص الملك القاهر محمد بن شيركوه بن شاذي
13068	٧٣ - البهلوان ابن الأتابك إلدكز
13069	٧٤ - أبو اليسر شاكر بن عبد الله بن محمد التنوخي
13070	٧٥ - الباقداري أبو بكر محمد بن أبي غالب بن أحمد
13071	٧٦ - ابن زرقون محمد بن سعيد بن أحمد الأنصاري
13074	٧٧ - ابن مغاور أبو بكر عبد الرحمان بن محمد السلمي
13076	٧٨ - أبو موسى المديني محمد بن عمر بن أحمد بن عمر
13083	٧٩ - عبد المغيث بن زهير بن زهير بن علوي الحربي
13085	٨٠ - ابن الموازيني أبو الحسين أحمد بن حمزة بن علي
13087	الطبقة الحادية والثلاثون
13087	٨١ - ابن الصابوني أبو الفتح محمود بن أحمد المحمودي
13088	٨٢ - ابن الصاحب مجد الدين هبة الله
13089	٨٣ - ابن منقذ أبو المظفر أسامة بن مرشد بن علي الكناني
13091	٨٤ - الحازمي أبو بكر محمد بن موسى بن عثمان بن حازم
13096	٨٥ - الجابري أبو العلاء عمر بن بكر بن محمد
13097	٨٦ - المسعودي أبو سعيد محمد بن عبد الرحمن بن محمد
13099	٨٧ - ابن التعاويذي أبو الفتح محمد بن عبيد الله البغدادي
13100	٨٨ - ابن الدهان عبد الله بن أسعد بن علي الموصلي
13101	٨٩ - ابن الجد أبو بكر محمد بن عبد الله بن يحيى الفهري
13103	٩٠ - ابن الفراوي عبد المنعم بن عبد الله النيسابوري
13104	٩١ - ابن عياد أبو عمر يوسف بن عبد الله الأندلسي
13105	٩٢ - حياة بن قيس بن رجال بن سلطان الأنصاري
13106	٩٣ - أبو الحسن سنان بن سلمان بن محمد البصري الباطني
13114	٩٤ - الطالقاني أبو الخير أحمد بن إسماعيل بن يوسف
13117	٩٥ - ابن صدقة أبو عبد الله محمد بن علي الحراني
13119	٩٦ - ابن قائد أبو عبد الله محمد بن أبي المعالي الأواني
13120	٩٧ - الخرقي معيد الأمينية، أبو محمد عبد الرحمن
13121	٩٨ - قزل عثمان بن إلدكز
13122	٩٩ - عبد الحق بن عبد الرحمان بن عبد الله الأزدي
13126	١٠٠ - صاحب حماة عمر بن شاهنشاه بن أيوب بن شاذي
13128	١٠١ - الخبوشاني أبو البركات محمد بن موفق بن سعيد
13131	١٠٢ - السهروردي شهاب الدين يحيى بن حبش بن أميرك
13135	١٠٣ - صاحب الروم قلج أرسلان بن مسعود السلجوقي
13137	١٠٤ - النميري أبو المرهف نصر بن منصور بن حسن
13139	١٠٥ - ابن مجبر أبو بكر يحيى بن عبد الجليل الفهري
13140	١٠٦ - الحضرمي محمد بن عبد الرحمان بن محمد
13141	١٠٧ - أبو الفضل أحمد بن عبد الرحمن الحضرمي
13142	١٠٨ - سلطان شاه محمود بن أرسلان بن أتسز الخوارزمي
13143	١٠٩ - أبو مدين شعيب بن حسين الأندلسي
13144	١١٠ - ابن بنان أبو الفضل محمد بن محمد الأنباري
13147	١١١ - ابن حيدرة محمد بن حيدرة بن عمر الزيدي
13148	١١٢ - أبو طالب الكرخي المبارك بن المبارك بن المبارك
13151	١١٣ - القاضي الفاضل محمود بن علي بن أبي طالب التميمي
13151	١١٤ - ابن أبي حبة عبد الوهاب بن هبة الله البغدادي
13153	١١٥ - رجب بن مذكور بن أرنب أبو الحرم الأزجي
13154	١١٦ - عبد الوهاب بن علي بن خضر الأسدي
13155	١١٧ - قاضي خان حسن بن منصور بن محمود البخاري
13156	١١٨ - المرغيناني أبو الحسن علي بن أبي بكر بن عبد الجليل
13157	١١٩ - الجويني أبو علي حسن بن علي
13158	١٢٠ - الجنزوي أبو الفضل إسماعيل بن علي بن إبراهيم
13159	١٢١ - ابن عبد السلام عبد الله بن محمد بن علي البغدادي
13161	١٢٢ - صاحب الموصل مسعود بن مودود بن زنكي التركي
13163	١٢٣ - الشيرازي أبو يعقوب يوسف بن أحمد بن إبراهيم
13165	١٢٤ - ابن الفخار محمد بن إبراهيم بن خلف الأندلسي
13167	١٢٥ - ابن بوش يحيى بن أسعد بن يحيى البغدادي
13169	١٢٦ - الطرسوسي أبو جعفر محمد بن إسماعيل بن محمد
13170	١٢٧ - الكاغدي عبد الرحيم بن محمد بن عبد الواحد
13170	١٢٨ - ابن الباقلاني عبد الله بن منصور بن عمران الربعي
13172	١٢٩ - النوقاني أبو المفاخر محمد بن أبي علي بن أبي نصر
13174	١٣٠ - ذاكر بن كامل بن أبي غالب محمد بن حسين البغدادي
13175	١٣١ - الحجري أبو محمد عبد الله بن محمد بن علي
13179	١٣٢ - المجير محمود بن المبارك بن علي الواسطي
13181	١٣٣ - ابن فضلان يحيى بن علي بن الفضل البغدادي
13182	١٣٤ - ابن كليب عبد المنعم بن عبد الوهاب الحراني
13185	١٣٥ - جاكير محمد بن دشم الكردي
13185	١٣٦ - الشاطبي القاسم بن فيره بن خلف بن أحمد الرعيني
13188	١٣٧ - ابن صصرى الحسن بن هبة الله بن محفوظ التغلبي
13190	١٣٨ - الرئيس أبو البركات ابن صصرى الحسن بن هبة الله التغلبي
13191	١٣٩ - محفوظ بن الحسن بن محمد ابن صصرى التغلبي
13191	١٤٠ - طغرل شاه بن أرسلان بن طغرل بن محمد التركي
13192	١٤١ - الجمال مسعود بن أبي منصور بن محمد الأصبهاني
13193	١٤٢ - الراراني أبو سعيد خليل بن بدر بن ثابت بن روح
13193	١٤٣ - ابن ياسين إسماعيل بن صالح بن ياسين المصري
13194	١٤٤ - أحمد بن طارق بن سنان أبو الرضا الكركي
13197	١٤٥ - ابن حمدية عبد الله بن محمد بن أحمد العكبري
13197	١٤٦ - أبو طاهر إبراهيم بن محمد
13198	١٤٧ - الصابوني عبد الخالق بن عبد الوهاب بن محمد
13199	١٤٨ - ابن بونه عبد الحق بن عبد الملك بن بونه العبدري
13200	١٤٩ - ابن مأمون محمد بن جعفر بن أحمد الأموي
13201	١٥٠ - بكتمر الملك سيف الدين
13202	١٥١ - صلاح الدين وبنوه
13215	١٥٢ - العزيز عثمان بن صلاح الدين يوسف بن أيوب
13218	١٥٣ - الأفضل أبو الحسن علي بن يوسف
13220	١٥٤ - الظاهر غازي بن صلاح الدين يوسف بن أيوب
13223	١٥٥ - ابن يونس عبيد الله بن يونس بن أحمد البغدادي
13224	١٥٦ - الفراتي أبو القاسم يعيش بن صدقة الضرير
13225	١٥٧ - الفارسي أبو علي الحسن بن مسلم بن أبي الجود
13226	١٥٨ - طاهر بن مكارم بن أحمد بن سعد الموصلي
13226	١٥٩ - مسلم بن علي بن محمد أبو منصور، ابن السيحي الموصلي
13227	١٦٠- أبو جعفر القرطبي أحمد بن علي بن عتيق
13228	١٦١ - العراقي أبو إسحاق إبراهيم بن منصور بن المسلم
13229	١٦٢ - الساوي عبيد الله بن محمد بن عبد الجليل
13230	١٦٣ - الويرج ناصر بن محمد بن أبي الفتح الأصبهاني
13231	١٦٤ - ابن رشد الحفيد محمد بن أحمد بن محمد القرطبي
13234	١٦٥ - ابن ملاح الشط عبد الرحمان بن محمد القصري
13235	١٦٦ - صاحب المغرب المنصور أبو يوسف يعقوب بن يوسف
13244	١٦٧ - صاحب غزنة محمد بن سام بن حسين الغوري
13246	١٦٨ - السلطان شهاب الدين أبو المظفر محمد بن سام
13247	١٦٩ - ابن القصاب محمد بن علي بن أحمد البغدادي
13248	١٧٠- ابن المقرون محمد بن أبي محمد البغدادي
13249	١٧١ - ابن زهر أبو بكر محمد بن عبد الملك الإيادي
13251	١٧٢ - ابن زريق الحداد المبارك بن المبارك بن أحمد
13252	١٧٣ - البندار عبد الخالق بن هبة الله بن القاسم الحريمي
13254	١٧٤ - خوارزمشاه علاء الدين تكش بن أرسلان بن أتسز
13256	١٧٥ - العجلي أبو عبد الله محمد بن إدريس بن أحمد
13257	١٧٦ - صاحب اليمن طغتكين بن أيوب بن شاذي
13258	١٧٧ - ابن دوست عبد اللطيف بن أبي البركات إسماعيل البغدادي
13260	١٧٨ - ابن زبادة أبو طالب يحيى بن سعيد بن هبة الله الواسطي
13262	١٧٩ - القاضي الفاضل أبو علي عبد الرحيم بن علي
13269	١٨٠- العماد أبو عبد الله محمد بن محمد الأصبهاني
13274	١٨١ - الدولعي عبد الملك بن زيد بن ياسين
13276	١٨٢ - السبط هبة الله بن الحسن بن أبي سعد
13277	١٨٣ - الطاووسي أبو الفضل بن محمد بن العراقي
13277	١٨٤ - الحربي أبو علي عمر بن علي بن عمر
13278	١٨٥ - ابن الزينبي أبو الحسن محمد بن علي بن أبي طالب
13279	١٨٦ - الخشوعي أبو طاهر بركات بن إبراهيم بن طاهر
13282	١٨٧ - ابن الزكي أبو المعالي محمد بن علي القرشي
13285	١٨٨ - ابن أبي المجد أبو محمد عبد الله بن أحمد الحربي
13286	١٨٩ - اللبان أبو المكارم أحمد بن محمد بن محمد التيمي
13287	١٩٠- الكراني أبو عبد الله محمد بن أبي زيد بن أبي نصر
13288	١٩١ - ابن الفرس عبد المنعم بن محمد الأنصاري
13289	١٩٢ - أبو الفرج ابن الجوزي عبد الرحمان بن علي
13308	١٩٣ - لؤلؤ العادلي
13309	١٩٤ - حماد بن هبة الله بن حماد بن الفضل الحراني
13311	١٩٥ - الشهاب الطوسي محمد بن محمود بن محمد
13313	١٩٦ - السديد أبو المنصور عبد الله بن علي بن داود بن مبارك
13314	١٩٧ - البوصيري أبو القاسم هبة الله بن علي بن سعود
13316	١٩٨ - ابن موقى عبد الرحمان بن مكي الأنصاري
13317	١٩٩ - ابن نجية علي بن إبراهيم بن نجا الأنصاري
13320	٢٠٠ - علي بن حمزة بن علي بن طلحة بن علي البغدادي
13321	٢٠١ - ابن المارستانية أبو بكر عبيد الله بن علي
13322	٢٠٢ - ابن أبي جمرة أبو بكر محمد بن أحمد الأموي
13324	٢٠٣ - الهاشمي أبو عبد الله محمد بن أحمد بن إبراهيم
13324	٢٠٤ - ابن المعطوش أبو طاهر المبارك بن المبارك الحريمي
13326	٢٠٥ - العجلي أبو الفتوح أسعد بن محمود بن خلف
13327	٢٠٦ - الصفار أبو سعد عبد الله بن عمر بن أحمد
13329	٢٠٧ - القاسم بن علي بن الحسن، ابن عساكر الدمشقي
13335	٢٠٨ - شميم أبو الحسن علي بن الحسن بن عنتر الحلي
13336	٢٠٩ - بنت سعد الخير، فاطمة بنت أبي الحسن بن محمد الأنصاري
13337	٢١٠ - النوقاني، أبو المكارم فضل الله بن محمد بن أحمد
13339	٢١١ - الأرتاحي أبو عبد الله محمد بن حمد بن حامد
13341	الطبقة الثانية والثلاثون
13341	٢١٢ - ابن كامل يوسف بن المبارك بن كامل البغدادي
13342	٢١٣ - ابن الخريف، ضياء بن أحمد بن الحسن السقلاطوني
13343	٢١٤ - البستنبان، عبد الله بن عبد الرحمان بن أيوب الحربي
13344	٢١٥ - القصري أبو محمد عبد الجليل بن موسى الأنصاري
13345	٢١٦ - ابن خطيب الموصل، أحمد بن عبد الله الطوسي
13346	٢١٧ - التقي الأعمى
13346	٢١٨ - الفراء أبو المفاخر خلف بن أحمد بن حمد
13347	٢١٩ - سبط الشهرزوري، علي بن محمد بن علي بن المسلم
13348	٢٢٠ - محمد بن كامل بن أحمد بن أسد التنوخي
13349	٢٢١ - الماكسيني أبو الحرم مكي بن ريان
13350	٢٢٢ - عبد الرزاق ابن شيخ الإسلام عبد القادر بن أبي صالح الجيلي
13352	٢٢٣ - صاحب الروم سليمان بن قلج أرسلان السلجوقي
13352	٢٢٤ - ابن الفاخر محمد بن معمر الأصبهاني
13354	٢٢٥ - الصيدلاني أبو جعفر محمد بن أحمد بن نصر
13355	٢٢٦ - حنبل بن عبد الله بن فرج بن سعادة
13357	٢٢٧ - ابن القارص الحسين بن أبي نصر بن حسن الحريمي
13358	٢٢٨ - ست الكتبة نعمة بنت علي بن يحيى بن علي بن الطراح
13359	٢٢٩ - عبد الواحد بن أبي المطهر القاسم بن الفضل الأصبهاني
13360	٢٣٠ - ابن المنجى أسعد بن المنجى بن بركات التنوخي
13362	٢٣١ - المندائي أبو الفتح محمد بن أحمد بن بختيار
13364	٢٣٢ - ابن مشق أبو بكر محمد بن المبارك البغدادي
13365	٢٣٣ - حمزة بن علي بن حمزة بن فارس البغدادي
13366	٢٣٤ - ابن الخصيب أبو الفضل محمد بن الحسين القرشي
13367	٢٣٥ - عبد الغني بن عبد الواحد بن علي المقدسي
13395	٢٣٦ - ابن الساعاتي، أبو الحسن علي بن محمد الخراساني
13396	٢٣٧ - عبد المجيب بن أبي القاسم عبد الله بن زهير بن زهير
13397	٢٣٨ - أبو الجود غياث بن فارس بن مكي اللخمي
13398	٢٣٩ - ابن درباس عبد الملك بن عيسى بن درباس الماراني
13400	٢٤٠ - الجلياني أبو الفضل عبد المنعم بن عمر بن عبد الله
13401	٢٤١ - ابن أبي ركب مصعب بن محمد الخشني
13402	٢٤٢ - الميرتلي أبو عمران موسى بن حسين
13403	٢٤٣ - ابن الشيخ أبو الحجاج يوسف بن محمد البلوي
13403	٢٤٤ - النفيس أبو العباس أحمد بن عبد الغني بن أحمد
13404	٢٤٥ - ابن سناء الملك هبة الله بن جعفر المصري
13405	٢٤٦ - عفيفة بنت أبي بكر أحمد بن عبد الله بن محمد
13407	٢٤٧ - أبو هريرة واثلة بن الأسقع الهمذاني المؤذن
13408	٢٤٨ - ابن الإخوة هشام بن عبد الرحيم بن أحمد البغدادي
13409	٢٤٩ - ابن مماتي أبو المكارم أسعد بن الخطير المصري
13410	٢٥٠ - ابن الربيع يحيى بن الربيع بن سليمان العمري
13412	٢٥١ - الجبائي أبو محمد عبد الله بن أبي الحسن
13412	٢٥٢ - ابن الأثير المبارك بن محمد بن محمد الشيباني
13415	٢٥٣ - ابن روح أبو الفخر أسعد بن سعيد الأصبهاني
13417	٢٥٤ - أبو المجد زاهر بن أبي طاهر أحمد بن حامد الثقفي
13418	٢٥٥ - منصور بن عبد المنعم بن عبد الله بن محمد الصاعدي
13420	٢٥٦ - صاحب الموصل أرسلان شاه ابن عز الدين
13421	٢٥٧ - الجزولي أبو موسى عيسى بن عبد العزيز
13422	٢٥٨ - ابن يونس أبو حامد محمد بن يونس الإربلي
13422	٢٥٩ - الأصبهاني أبو زكريا يحيى بن عبد الرحمان
13423	٢٦٠- بنت معمر أم حبيبة عائشة بنت الحافظ معمر بن الفاخر
13424	٢٦١ - فخر الدين محمد بن عمر بن الحسين القرشي
13426	٢٦٢ - ابن سكينة عبد الوهاب بن علي بن علي البغدادي
13430	٢٦٣ - ابن الزنف محمد بن وهب بن سلمان السلمي
13430	٢٦٤ - صاحب غزنة محمود بن محمد بن سام الغوري
13431	٢٦٥ - صاحب الجزيرة معز الدين سنجر بن غازي بن مودود
13431	٢٦٦ - ابن طبرزذ عمر بن محمد بن معمر البغدادي
13437	الجزء ٢٢ [طبقة ٣٢، ٣٣]
13437	تابع: الطبقة الثانية والثلاثون
13437	١ - الشيخ أبو عمر محمد بن أحمد بن محمد بن قدامة المقدسي
13441	٢ - ابن القبيطي محمد بن علي بن حمزة البغدادي
13442	٣ - ابن كامل أبو الفرج محمد بن هبة الله البغدادي
13443	٤ - المعبر أبو العباس الخضر بن كامل بن سالم الدمشقي
13443	٥ - القصري عبد الجليل بن موسى بن عبد الجليل
13444	٦ - يونس بن يحيى الهاشمي الأزجي القصار المجاور
13445	٧ - ابن عات أبو عمر أحمد بن هارون بن أحمد النفزي
13446	٨ - ربيعة بن الحسن بن علي بن عبد الله بن يحيى الحضرمي
13448	٩ - الحصار أبو جعفر أحمد بن علي بن يحيى الداني
13449	١٠ - زاهر بن رستم بن أبي الرجاء الأصبهاني
13450	١١ - ابن نوح أبو عبد الله محمد بن أيوب الغافقي
13451	١٢ - صاحب الروم غياث الدين كيخسرو بن قلج رسلان
13451	١٣ - ابن شنيف الحسين بن سعيد بن الحسين الدارقزي
13452	١٤ - ابن المعزم عبد الرحمان بن عبد الوهاب الهمذاني
13453	١٥ - العاقولي أبو العباس أحمد بن الحسن بن أبي البقاء
13453	١٦ - ابن مندويه عبد الجليل بن أبي غالب الأصبهاني
13455	١٧ - عين الشمس بنت أحمد بن أبي الفرج أم النور الثقفية
13456	١٨ - ابن نغوبا علي بن علي بن المبارك الواسطي
13456	١٩ - التجيبي محمد بن عبد الرحمان بن علي بن محمد
13458	٢٠ - ابن خروف أبو الحسن علي بن محمد الإشبيلي
13458	٢١ - تاج الأمناء أحمد بن محمد بن الحسن الدمشقي
13459	٢٢ - أبو جعفر ابن يحيى أحمد بن محمد الحميري
13460	٢٣ - المطرزي، أبو الفتح ناصر بن عبد السيد بن علي
13460	٢٤ - غلام ابن المني إسماعيل بن علي الأزجي
13462	٢٥ - ابن جرج أحمد بن محمد بن عبد الله القرطبي
13463	٢٦ - ابن الأخضر عبد العزيز بن محمود الجنابذي
13465	٢٧ - ابن منينا أبو محمد عبد العزيز بن معالي البغدادي
13466	٢٨ - الكندي أبو اليمن زيد بن الحسن بن زيد
13473	٢٩ - ابن حوط الله عبد الله بن سليمان بن داود الأنصاري
13474	٣٠ - العز ابن الحافظ محمد بن عبد الغني الجماعيلي
13476	٣١ - ابن واجب أحمد بن محمد بن عمر القيسي
13477	٣٢ - ابن جبير أبو الحسين محمد بن أحمد الكناني
13479	٣٣ - العماد إبراهيم بن عبد الواحد بن علي المقدسي
13484	٣٤ - ابن الجلاجلي محمد بن علي بن المبارك البغدادي
13485	٣٥ - ابن الصيقل موسى بن سعيد الهاشمي
13485	٣٦ - يحيى بن ياقوت أبو الفرج الفراش
13486	٣٧ - ابن مجلي عبد الله بن محمد بن عبد الله الرملي
13487	٣٨ - الزهري عبد الرحمان بن علي بن أحمد الإشبيلي
13487	٣٩ - عبد السلام ابن الفقيه عبد الوهاب ابن الشيخ عبد القادر الجيلي
13488	٤٠ - السائح علي بن أبي بكر الهروي
13490	٤١ - ابن الصباغ أبو الحسن علي بن حميد الصعيدي
13490	٤٢ - ابن البناء محمد بن عبد الله بن موهوب البغدادي
13491	٤٣ - الملنجي محمد بن محمد بن أبي القاسم
13492	٤٤ - ابن ظافر أبو الحسن علي بن ظافر بن الحسين الأزدي
13493	٤٥ - ابن صاحب الأحكام محمد بن أحمد بن يوسف الأنصاري
13494	٤٦ - الجاجرمي محمد بن إبراهيم بن أبي الفضل السهلي
13495	٤٧ - أبو تراب يحيى بن إبراهيم بن أبي تراب الكرخي
13496	٤٨ - البندنيجي أبو العباس أحمد بن أحمد بن أحمد
13497	- أبو القاسم تميم بن أبي بكر أحمد بن أحمد الأزجي
13498	٤٩ - علي بن المفضل بن علي بن مفرج بن حاتم بن حسن بن جعفر المقدسي
13501	٥٠ - ابن القرطبي عبد الله بن الحسن بن أحمد الأنصاري
13503	٥١ - الرهاوي عبد القادر بن عبد الله بن عبد الله
13507	٥٢ - ابن البل أبو المظفر محمد بن علي بن نصر الدوري
13508	٥٣ - العميدي أبو حامد محمد بن محمد بن محمد
13509	٥٤ - القاهر مسعود بن أرسلان شاه بن مسعود
13510	٥٥ - ابن سيدهم أبو الفضل أحمد بن محمد الأنصاري
13510	٥٦ - ست الشام خاتون
13511	٥٧ - ابن حمويه محمد بن عمر بن علي الجويني
13512	٥٨ - ابن الحرستاني عبد الصمد بن محمد الأنصاري
13516	٥٩ - العطار أحمد بن عبد الله بن عبد الصمد
13517	٦٠ - الشعرية أم المؤيد زينب بنت عبد الرحمان
13518	٦١ - ابن الدهان المبارك بن المبارك بن سعيد الواسطي
13521	٦٢ - البكري أبو الفتوح محمد بن محمد بن محمد
13522	٦٣ - ابن ملاعب داود بن أحمد بن محمد البغدادي
13523	٦٤ - العكبري أبو البقاء عبد الله بن الحسين بن عبد الله
13525	٦٥ - ابن الناقد أبو محمد عبد العزيز بن أحمد البغدادي
13526	٦٦ - ابن سيدهم أبو الفضل أحمد بن محمد الأنصاري
13527	٦٧ - ريحان أبو الخير بن تيكان بن موسك الكردي
13527	٦٨ - الشقوري أبو الحسن علي بن أحمد بن علي
13529	٦٩ - ابن الرزاز سعيد بن محمد بن سعيد البغدادي
13529	٧٠ - العميدي محمد بن محمد بن محمد
13530	٧١ - ابن شاس أبو محمد عبد الله بن نجم الجذامي
13531	٧٢ - الافتخار عبد المطلب بن الفضل القرشي
13532	٧٣ - ابن الجراح تاج الدين يحيى بن منصور المصري
13533	٧٤ - اليونيني عبد الله بن عثمان بن جعفر
13535	٧٥ - الغزنوي أبو الفتح أحمد بن علي بن الحسين
13536	٧٦ - الطوسي أبو الحسن المؤيد بن محمد بن علي
13539	٧٧ - السمعاني عبد الرحيم بن عبد الكريم بن محمد
13541	٧٨ - ابن الصفار القاسم بن عبد الله بن عمر النيسابوري
13542	٧٩ - محمد بن مكي بن أبي الرجاء الأصبهاني
13543	٨٠ - نجم الدين الكبرى أحمد بن عمر بن محمد الخوارزمي
13546	٨١ - أبو روح عبد المعز بن محمد الساعدي
13547	٨٢ - أبو بكر محمد بن أيوب بن شاذي الدويني
13552	٨٣ - المعظم عيسى بن محمد بن أيوب بن شاذي الدويني
13554	٨٤ - الأشرف أبو الفتح موسى شاه أرمن ابن العادل
13559	٨٥ - الكامل محمد ابن الملك العادل بن أيوب
13563	٨٦ - الأوحد أيوب ابن الملك العادل بن أيوب الدويني
13564	٨٧ - الحافظ نور الدين أرسلان شاه ابن الملك العادل
13565	٨٨ - المظفر شهاب الدين غازي ابن الملك العادل
13566	٨٩ - الصالح إسماعيل ابن الملك العادل محمد بن أيوب
13569	٩٠ - صاحب الروم كيكاوس بن كيخسرو السلجوقي
13571	٩١ - خوارزمشاه محمد بن إيل رسلان بن أتسز الخوارزمي
13575	٩٢ - فتيان بن علي بن فتيان الدمشقي الشاغوري
13577	٩٤ - العماد ابن عساكر
13578	٩٥ - صاحب حماة المنصور محمد بن عمر بن شاهنشاه بن أيوب
13580	٩٦ - الصلاح عبد الرحمان بن عثمان بن موسى الكردي
13580	٩٧ - ابن وهبان أبو نصر عبد الرحيم بن النفيس السلمي
13581	٩٨ - ياقوت الكبير أمين الدين الموصلي الملكي
13582	٩٩ - موسى بن عبد القادر بن أبي صالح الجيلي
13583	١٠٠ - ابن طاووس أبو محمد هبة الله بن الخضر البغدادي
13584	١٠١ - الشيخ أبو المعالي أحمد بن الخضر الصوفي
13584	١٠٢ - ثابت بن مشرف بن أبي سعد بن إبراهيم البغدادي
13586	١٠٣ - مسمار بن عمر بن محمد بن عيسى، ابن العويس
13588	الطبقة الثالثة والثلاثون
13588	١٠٤ - ابن راجح أبو عبد الله محمد بن خلف المقدسي
13590	١٠٥ - صاحب الألموت إلكيا جلال الدين حسن الإسماعيلي
13591	١٠٦ - الواسطي محمد بن عبد الرحمان بن أبي العز
13591	١٠٧ - قتادة بن إدريس الحسني
13592	١٠٨ - العثماني محمد بن عمر بن عبد الغالب بن نصر
13593	١٠٩ - ابن الحمامي محمد بن محمود بن إبراهيم
13594	١١٠ - الملاحي محمد بن عبد الواحد بن إبراهيم
13595	١١١ - ابن الحصري أبو الفتوح نصر بن أبي الفرج
13597	١١٢ - ابن قدامة عبد الله بن أحمد بن محمد المقدسي
13605	١١٣ - ابن الأنماطي إسماعيل بن عبد الله الأنصاري
13606	١١٤ - ابن أبي الرداد الحسين بن يحيى بن حسين المصري
13607	١١٥ - الزناتي أبو عبد الله محمد بن إسحاق بن عياش
13608	١١٦ - البيع أبو بكر زيد بن يحيى بن أحمد الأزجي
13609	١١٧ - ابن إدريس علي بن محمد بن عبد الله الروحائي
13610	١١٨ - ابن النبيه علي بن محمد بن حسن المصري
13610	١١٩ - يونس بن يوسف بن مساعد الشيباني المخارقي
13611	١٢٠ - الفارسي أبو عبد الله محمد بن إبراهيم بن أحمد
13613	١٢١ - أبو المجد خزعل بن عسكر بن خليل الشنائي
13614	١٢٢ - قاضي حران عبد الله بن نصر بن أبي بكر الحراني
13614	١٢٣ - القزويني محمد بن أحمد بن إسماعيل
13615	١٢٤ - الإمام أبو بكر محمد بن أحمد الشافعي
13616	١٢٥ - ابن حوط الله أبو سليمان داود بن سليمان
13617	١٢٦ - ابن عبد السميع عبد الرحمان بن محمد القرشي
13619	١٢٧ - ابن عساكر عبد الرحمان بن محمد بن الحسن الدمشقي
13622	١٢٨ - صاحب توريز أزبك بن محمد البهلوان بن إلدكز
13623	١٢٩ - البردغولي عبد السلام بن المبارك بن عبد الجبار
13623	١٣٠ - ابن صرما أحمد بن يوسف بن محمد الأزجي
13624	١٣١ - الناصر لدين الله أبو العباس أحمد ابن المستضيء
13675	١٣٢ - جنكز خان
13676	١٣٣ - ابن الجباب عبد القوي بن عبد العزيز بن الحسين التميمي
13678	١٣٤ - ابن مكرم محمد بن هبة الله بن المكرم البغدادي
13679	١٣٥ - ابن البناء علي بن نصر بن المبارك الواسطي
13680	١٣٦ - ابن يونس أبو الفضل أحمد بن موسى الإربلي
13681	١٣٧ - القزويني أبو المجد محمد بن الحسين بن أحمد
13682	١٣٨ - الأندرشي أبو عبد الله محمد بن أحمد بن محمد
13684	١٣٩ - الرافعي عبد الكريم بن محمد بن عبد الكريم
13687	١٤٠ - البخاري أحمد بن عبد الواحد بن أحمد
13688	١٤١ - ابن دمدم أحمد بن عبد الرحمن بن أحمد الربعي
13689	١٤٢ - المصري يونس بن بدران بن فيروز بن صاعد
13690	١٤٣ - ابن باز الحسين بن عمر بن نصر الموصلي
13691	١٤٤ - الخفيفي عبد المحسن بن أبي العميد بن خالد
13692	١٤٥ - ابن شيرويه أبو مسلم أحمد بن شيرويه الديلمي
13693	١٤٦ - ابن عبد الحق محمد بن عبد الحق بن سليمان الكوفي
13693	١٤٧ - ابن عطاء محمد بن النفيس بن محمد البغدادي
13694	١٤٨ - البيع محمد بن هبة الله بن عبد العزيز القرشي
13695	١٤٩ - ابن أبي الجود المبارك بن علي بن المبارك البغدادي
13695	١٥٠ - عبد البر ابن أبي العلاء الحسن بن أحمد الهمذاني
13696	١٥١ - الظاهر بأمر الله أبو نصر محمد بن الناصر لدين الله
13700	١٥٢ - عامر بن أبي الوليد هشام، أبو القاسم الأزدي
13700	١٥٣ - داود بن معمر بن عبد الواحد بن الفاخر القرشي
13701	١٥٤ - البهاء عبد الرحمن بن إبراهيم بن أحمد المقدسي
13704	١٥٥ - ابن عبد السلام الفتح بن عبد الله بن محمد البغدادي
13706	١٥٦ - ابن بقي أحمد بن يزيد بن عبد الرحمن الأموي
13709	١٥٧ - ابن البراج أحمد بن يحيى بن أحمد البغدادي
13710	١٥٨ - ابن الجواليقي الحسن بن إسحاق البغدادي
13710	١٥٩ - ابن البن الحسن بن علي بن الحسين الأسدي
13712	١٦٠ - ابن عفيجة محمد بن عبد الله بن المبارك البندنيجي
13713	١٦١ - والد الأبرقوهي إسحاق بن محمد بن المؤيد الهمذاني
13714	١٦٢ - ابن صصرى الحسين بن هبة الله بن محفوظ الربعي
13716	١٦٣ - زين الأمناء الحسن بن محمد ابن عساكر الدمشقي
13719	١٦٤ - عمر بن بدر بن سعيد أبو حفص الكردي
13720	١٦٥ - ابن تيمية محمد بن الخضر بن محمد بن الخضر الحراني
13722	١٦٦ - ابن درباس إبراهيم بن عثمان بن عيسى الماراني
13723	١٦٧ - الشيخ ضياء الدين
13723	١٦٨ - أبو القاسم عبد الملك، صدر الدين
13723	١٦٩ - ابن النرسي محمد بن محمد بن أبي حرب
13724	١٧٠ - ابن النرسي عبد اللطيف بن المبارك بن أحمد
13725	١٧١ - الهمذاني أبو محمد عبد الله بن إبراهيم بن محمد
13726	١٧٢ - ابن شكر عبد الله بن علي بن حسين الشيبي
13727	١٧٣ - ابن حريق علي بن محمد بن أحمد المخزومي
13728	١٧٤ - القاضي علي بن يوسف بن عبد الله الدمشقي
13729	١٧٥ - ابن بورنداز أبو الحسن علي بن النفيس البغدادي
13730	١٧٦ - ابن أبي لقمة محمد بن السيد الأنصاري
13732	١٧٧ - ابن شمس الخلافة جعفر بن محمد بن مختار الأفضلي
13733	١٧٨ - اللبلي أحمد بن تميم بن هشام بن حيون
13733	١٧٩ - ابن شيث عبد الرحيم بن علي بن حسين القرشي
13734	١٨٠ - السنجاري أسعد بن يحيى بن موسى السلمي
13735	١٨١ - ابن الأستاذ عبد الرحمن بن عبد الله الأسدي
13736	١٨٢ - الداهري عبد السلام بن عبد الله بن أحمد
13738	١٨٣ - ابن القطان أبو الحسن علي بن محمد الحميري
13739	١٨٤ - ابن النرسي أحمد بن الحسين بن عبد الله البغدادي
13740	١٨٥ - ياقوت مهذب الدين الرومي مولى أبي منصور الجيلي
13741	١٨٦ - المنجنيقي أبو يوسف يعقوب بن صابر بن بركات
13743	١٨٧ - ابن زرقون محمد بن محمد بن سعيد الأنصاري
13744	١٨٨ - ياقوت شهاب الدين الرومي مولى عسكر الحموي
13745	١٨٩ - ابن قنيدة المهذب بن علي بن هبة الله الأزجي
13746	١٩٠ - ابن وردان عبد الوهاب بن عتيق العامري
13747	١٩١ - ابن عيسى عيسى بن عبد العزيز الشريشي
13747	١٩٢ - الحسن ابن الزبيدي أبو علي الحسن بن المبارك
13748	١٩٣ - الدخوار عبد الرحيم بن علي بن حامد الدمشقي
13749	١٩٤ - أبو موسى ابن الحافظ عبد الله بن عبد الغني الجماعيلي
13752	١٩٥ - الموفق عبد اللطيف بن يوسف بن محمد الموصلي
13756	١٩٦ - ابن معطي يحيى بن عبد المعطي الزواوي
13757	١٩٧ - عمر بن كرم بن علي بن عمر الدينوري
13758	١٩٨ - خوارزمشاه جلال الدين منكوبري بن محمد الخوارزمي
13761	١٩٩ - أبو محمد الروابطي
13762	٢٠٠ - الأمجد أبو المظفر بهرام شاه
13763	٢٠١ - المسعود أقسيس بن محمد بن أبي بكر بن أيوب
13764	٢٠٢ - ابن صيلا أبو محمد عبد الرحمان بن عتيق
13765	٢٠٣ - ابن سكينة عبد السلام بن عبد الرحمن البغدادي
13766	٢٠٤ - ابن برجان عبد السلام بن عبد الرحمن اللخمي
13766	٢٠٥ - صاحب إربل كوكبري بن علي التركماني
13769	٢٠٦ - صاحب الغرب أبو عبد الله محمد بن يعقوب
13771	٢٠٧ - أبو يعقوب يوسف بن محمد بن يعقوب المؤمني
13773	٢٠٨ - عبد الواحد ابن السلطان يوسف ابن السلطان عبد المؤمن
13773	٢٠٩ - عبد الله ابن السلطان يعقوب بن يوسف بن عبد المؤمن القيسي
13774	٢١٠ - صاحب المغرب إدريس بن يعقوب بن يوسف القيسي
13775	٢١١ - الرشيد عبد الواحد ابن المأمون إدريس المؤمني
13775	٢١٢ - الحاجري حسام الدين عيسى بن سنجر بن بهرام
13776	٢١٣ - الأمير السيد الحسن بن علي بن المرتضى العلوي
13777	٢١٤ - العبادي أبو الفضل عبيد الله بن إبراهيم
13778	٢١٥ - القمي محمد بن محمد بن عبد الكريم
13779	٢١٦ - ابن نقطة محمد بن عبد الغني بن أبي بكر
13781	٢١٧ - الإوقي أبو علي الحسن بن أحمد بن يوسف
13783	٢١٨ - ابن باقا عبد العزيز بن أحمد بن عمر البغدادي
13784	٢١٩ - ابن الجوزي علي بن عبد الرحمن بن علي البكري
13785	٢٢٠ - ابن الأثير علي بن محمد بن محمد
13788	٢٢١ - ابن باتكين إسماعيل بن علي بن إسماعيل الجوهري
13789	٢٢٢ - ابن الزبيدي الحسين بن المبارك بن محمد الربعي
13791	٢٢٣ - العلبي أبو يحيى زكريا بن علي بن حسان
13793	٢٢٤ - همام بن راجي الله بن سرايا بن فتوح العسقلاني
13793	٢٢٥ - علي بن همام بن راجي الله بن سرايا العسقلاني
13793	٢٢٦ - محمد بن علي بن همام بن راجي الله العسقلاني
13794	٢٢٧ - محمد بن محمد بن علي بن همام العسقلاني
13794	٢٢٨ - المازني أبو الغنائم المسلم بن أحمد بن علي
13795	٢٢٩ - ابن عنين محمد بن نصر الله بن مكارم الأنصاري
13796	٢٣٠ - السيف علي بن أبي علي بن محمد التغلبي
13799	٢٣١ - رتن الهندي
13800	٢٣٢ - ابن الفارض عمر بن علي بن مرشد الحموي
13801	٢٣٣ - ابن زينة مهذب بن حسين بن محمد الأصبهاني
13801	٢٣٤ - ابن غانية يحيى بن إسحاق بن حمو الصنهاجي
13802	٢٣٥ - الرضي الجيلي سليمان بن مظفر بن غنائم
13802	٢٣٦ - ابن الحاجب عمر بن محمد بن منصور الأميني
13803	٢٣٧ - الرحبي رضي الدين يوسف بن حيدرة بن حسن
13804	٢٣٨ - ابن صباح أبو صادق الحسن بن يحيى المخزومي
13805	٢٣٩ - السهروردي عمر بن محمد بن عبد الله
13810	٢٤٠ - المديني محمد بن عبد الواحد بن أبي سعد
13811	٢٤١ - شعرانة محمد بن زهير بن محمد الأصبهاني
13811	٢٤٢ - ابن عماد محمد بن عماد بن محمد الجزري
13813	٢٤٣ - ابن غسان محمد بن غسان بن غافل الأنصاري
13814	٢٤٤ - الرشيدي أبو الحسن علي بن الحسن بن أحمد
13814	٢٤٥ - ابن مندة محمود بن إبراهيم بن سفيان العبدي
13815	٢٤٦ - ابن شداد يوسف بن رافع بن تميم الأسدي
13819	٢٤٧ - ابن روزبة أبو الحسن علي بن أبي بكر البغدادي
13821	٢٤٨ - ابن دحية أبو الخطاب عمر بن حسن الكلبي
13827	٢٤٩ - الإربلي أبو عبد الله محمد بن إبراهيم بن مسلم
13828	٢٥٠ - نصر بن عبد الرزاق الجيلي
13833	الجزء ٢٣ [طبقة ٣٣، ٣٤، ٣٥]
13833	تابع: الطبقة الثالثة والثلاثون
13833	١ - ابن ياسين أبو منصور سعيد بن محمد البغدادي البزاز السفار
13834	٢ - الناصح عبد الرحمان بن نجم بن عبد الوهاب الأنصاري
13836	٣ - أبو العباس أحمد بن نجم
13836	٤ - القطيعي أبو الحسن محمد بن أحمد بن عمر بن حسين
13839	٥ - مرتضى بن العفيف أبي الجود حاتم بن المسلم بن أبي العرب
13840	٦ - ابن كمال أبو بكر هبة الله بن عمر بن حسن الحربي البغدادي
13841	٧ - ياسمين أم عبد الله ياسمين بنت سالم بن علي الحريمية
13842	٨ - الأنجب بن أبي السعادات بن محمد بن عبد الرحمن البغدادي
13843	٩ - ابن اللتي أبو المنجى عبد الله بن عمر بن علي البغدادي
13845	١٠ - الملك المحسن أحمد بن صلاح الدين يوسف بن أيوب
13846	١١ - ابن طراد أبو طالب عبد الله بن المظفر بن علي الهاشمي
13847	١٢ - ابن سكينة عبد الرزاق بن عبد الوهاب بن علي البغدادي
13848	١٣ - ابن رئيس الرؤساء الحسين بن علي بن الحسين الصوفي
13848	١٤ - محمد بن يوسف بن هود الأندلسي
13850	١٥ - الرعيني أبو موسى عيسى بن سليمان الأندلسي الرندي
13852	١٦ - صاحب الروم علاء الدين كيقباذ بن كيخسرو السلجوقي
13852	١٧ - الدولعي محمد بن أبي الفضل بن زيد بن ياسين التغلبي
13853	١٨ - ابن البغدادي عبد القادر بن محمد بن الحسن المصري
13854	١٩ - أخو ابن دحية أبو عمرو عثمان بن حسن بن علي الجميل
13855	٢٠ - ابن سني الدولة أبو البركات يحيى بن هبة الله الدمشقي
13856	٢١ - ابن الشواء أبو المحاسن يوسف بن إسماعيل الكوفي
13857	٢٢ - ابن الباجي محمد بن أحمد بن عبد الملك اللخمي
13858	٢٣ - ابن بهروز أبو بكر محمد بن مسعود البغدادي
13859	٢٤ - ابن الشيرازي محمد بن هبة الله بن محمد الدمشقي
13862	٢٥ - مكرم بن محمد بن حمزة بن محمد بن أحمد القرشي
13864	الطبقة الرابعة والثلاثون
13864	٢٦ - الهمداني أبو الفضل جعفر بن علي بن هبة الله بن جعفر
13867	٢٧ - صاحب حمص أسد الدين أبو الحارث شيركوه بن ناصر الدين محمد
13869	٢٨ - الصفراوي عبد الرحمان بن عبد المجيد بن إسماعيل
13870	٢٩ - ابن السباك محمد بن محمد بن الحسن البغدادي
13871	٣٠ - ابن الطفيل عبد الرحيم بن يوسف بن هبة الله الدمشقي
13872	٣١ - ابن دلف عبد العزيز بن دلف بن أبي طالب البغدادي
13874	٣٢ - صاحب ماردين ناصر الدين أرتق بن أرسلان بن ألبي التركماني
13875	٣٣ - الحرالي أبو الحسن علي بن أحمد بن حسن التجيبي
13876	٣٤ - ابن العربي أبو بكر محمد بن علي بن محمد الطائي
13877	٣٥ - ابن المستوفي المبارك بن أحمد بن المبارك اللخمي
13881	٣٦ - الحصيري أبو المحامد محمود بن أحمد بن عبد السيد
13883	٣٧ - البرزالي أبو عبد الله محمد بن يوسف بن محمد
13885	٣٨ - يوسف
13885	٣٩ - الشيخ بهاء الدين محمدا كاتب الحكم
13886	٤٠ - ابن الرومية أبو العباس أحمد بن محمد بن مفرج الإشبيلي
13887	٤١ - الخجندي أبو سعد ثابت بن محمد بن أحمد بن محمد
13888	٤٢ - سالم ابن الحافظ أبي المواهب الحسن بن هبة الله التغلبي
13889	٤٣ - ابن علان أبو المعالي أسعد بن المسلم بن مكي القيسي
13890	٤٤ - التبريزي أبو الخير بدل بن أبي المعمر بن إسماعيل
13891	٤٥ - حامد بن أبي العميد بن أميري بن ورشي بن عمر القزويني
13892	٤٦ - عماد الدين
13892	٤٧ - الخويي شمس الدين أحمد بن الخليل بن سعادة بن جعفر
13893	٤٨ - ابن عسكر أبو عبد الله محمد بن علي بن خضر الغساني
13894	٤٩ - عبد الحميد بن عبد الرشيد بن علي بن بنيمان الهمذاني
13896	٥٠ - الدبيثي أبو عبد الله محمد بن سعيد بن يحيى بن علي
13899	٥١ - ابن خلفون أبو بكر محمد بن إسماعيل بن محمد الأزدي
13900	٥٢ - ابن الأثير أبو الفتح نصر الله بن محمد بن محمد الشيباني
13901	٥٣ - ابن المعز أبو علي أحمد بن محمد بن محمود الحراني
13903	٥٤ - ابن راجح أبو العباس أحمد بن محمد بن خلف المقدسي
13904	٥٥ - صلاح الدين موسى
13904	٥٦ - ابن مختار أبو الحسن علي بن مختار بن نصر العامري
13905	٥٧ - المارستاني أبو العباس أحمد بن يعقوب بن عبد الله البغدادي
13908	٥٨ - عمر بن أسعد بن المنجى بن أبي البركات التنوخي ثم المعري
13909	٥٩ - العماد الزاهد
13909	٦٠ - ابن ظفر أبو الطاهر إسماعيل بن ظفر بن أحمد المنذري
13910	٦١ - ابن الصابوني علي بن محمود بن أحمد المحمودي
13912	٦٢ - ابن شفنين محمد بن عبد الواحد بن أحمد القرشي
13913	٦٣ - ابن يونس أبو الفتح موسى بن يونس بن محمد الموصلي
13915	٦٤ - القبيطي أبو طالب عبد اللطيف بن محمد بن علي بن حمزة
13917	٦٥ - الصريفيني أبو إسحاق إبراهيم بن محمد بن الأزهر
13918	٦٦ - ابن أبي الفخار أبو التمام علي بن هبة الله بن محمد الهاشمي
13920	٦٧ - التسارسي أبو الرضا علي بن زيد بن علي بن مفرج
13920	٦٨ - كريمة بنت عبد الوهاب أم الفضل القرشية الأسدية
13921	٦٩ - علي بن محمد بن علي بن مهران، محيي الدين القرميسيني
13922	٧٠ - عبد الملك بن عبد الحق
13923	٧١ - ابن محارب محمد بن محمد بن عبد الرحمن القيسي
13924	٧٢ - ابن حمويه أبو محمد عبد الله بن عمر بن علي الجويني
13925	٧٣ - العماد أبو الفتح عمر بن محمد بن عمر بن حمويه
13927	٧٤ - الكمال أبو العباس أحمد بن أبي الحسن الشافعي الصوفي
13928	٧٥ - المعين أبو علي الحسن بن صدر الدين
13928	٧٦ - الفخر يوسف ابن شيخ الشيوخ
13930	٧٧ - ابن الخشوعي أبو إسحاق إبراهيم بن بركات بن إبراهيم
13931	٧٨ - ابن سهل أبو الحسن سهل بن محمد بن سهل الأزدي
13932	٧٩ - ابن مقبل عبد الرحمان بن مقبل بن حسين الواسطي
13933	٨٠ - ابن عين الدولة محمد بن عبد الله بن الحسن الإسكندراني
13934	٨١ - عبد الحق بن خلف بن عبد الحق، أبو محمد الدمشقي
13935	٨٢ - ابن الحبير أبو بكر محمد بن يحيى بن مظفر البغدادي
13936	٨٣ - ابن الناقد أبو الأزهر أحمد بن محمد بن علي البغدادي
13937	٨٤ - الرفيع عبد العزيز بن عبد الواحد بن إسماعيل الجيلي
13939	٨٥ - ابن سلام الحسن بن سالم بن سلام الكاتب
13940	٨٦ - الكردري أبو الوحدة محمد بن عبد الستار بن محمد
13942	٨٧ - ابن الطيلسان القاسم بن محمد بن أحمد الأنصاري
13943	٨٨ - ابن العجمي عمر بن عبد الرحيم بن عبد الرحمن الشافعي
13944	٨٩ - ابن شحم أبو المنصور ظافر بن طاهر بن ظافر الإسكندراني
13944	٩٠ - ابن المخيلي يوسف بن عبد المعطي بن منصور الغساني
13946	٩١ - ابن المجد أبو العباس أحمد بن عيسى بن عبد الله المقدسي
13947	٩٢ - ابن المقير أبو الحسن علي بن الحسين بن علي البغدادي
13949	٩٣ - الغزال حمزة بن عمر بن عتيق بن أوس الأنصاري
13950	٩٤ - السخاوي أبو الحسن علي بن محمد بن عبد الصمد
13952	٩٥ - ابن الخازن أبو بكر محمد بن سعيد بن الموفق النيسابوري
13953	٩٦ - ابن أبي الدم إبراهيم بن عبد الله بن عبد المنعم الهمداني
13954	٩٧ - الضياء المقدسي محمد بن عبد الواحد بن أحمد
13959	٩٨ - ابن النجار محمد بن محمود بن حسن البغدادي
13962	٩٩ - أبو الربيع بن سالم سليمان بن موسى بن سالم الحميري
13968	١٠٠ - ابن الصلاح أبو عمرو عثمان بن عبد الرحمان الكردي
13972	١٠١ - يعيش بن علي بن يعيش بن أبي السرايا محمد الأسدي
13975	١٠٢ - العامري صائن الدين محمد بن حسان بن رافع
13976	١٠٣ - الكاشغري أبو إسحاق إبراهيم بن عثمان بن يوسف
13979	١٠٤ - يوسف بن خليل بن قراجا عبد الله، أبو الحجاج الدمشقي
13983	١٠٥ - المستنصر بالله أبو جعفر منصور بن الظاهر بأمر الله العباسي
13996	١٠٦ - المستنصر أبو القاسم أحمد ابن الظاهر بأمر الله الهاشمي
14000	١٠٧ - المخزومي أبو المعالي عبد الرحمان بن علي بن عثمان
14001	١٠٨ - صاحب اليمن المنصور عمر بن علي بن رسول بن هارون
14002	١٠٩ - المستعصم بالله أبو أحمد عبد الله ابن المستنصر بالله الهاشمي
14012	١١٠ - الجواد يونس بن ممدود بن العادل أبي بكر الأيوبي
14013	١١١ - صاحب تونس يحيى بن عبد الواحد بن عمر الهنتاني
14014	١١٢ - صاحب الغرب المعتضد بالله علي بن إدريس المؤمني
14015	١١٣ - الملك الصالح أبو الفتوح أيوب ابن الكامل ابن العادل
14021	١١٤ - المعظم تورانشاه بن أيوب ابن الكامل ابن العادل
14024	١١٥ - الملك الموحد عبد الله
14024	١١٦ - الملك الصالح
14025	١١٧ - الفارس أقطاي
14026	١١٨ - المعز أيبك التركماني الصالحي الجاشنكير
14028	١١٩ - المظفر قطز بن عبد الله المعزي
14029	١٢٠ - الكامل محمد بن غازي بن أبي بكر محمد بن أيوب
14030	١٢١ - العزيز غياث الدين محمد ابن الظاهر بن صلاح الدين
14031	١٢٢ - الملك المحسن أبو العباس أحمد بن يوسف بن أيوب
14032	١٢٣ - الناصر يوسف بن محمد بن غازي بن يوسف بن أيوب
14035	١٢٤ - الشلوبين أبو علي عمر بن محمد بن عمر الأزدي
14037	١٢٥ - الدباج أبو الحسن علي بن جابر بن علي الإشبيلي
14038	١٢٦ - صاحب حماة المظفر محمود بن محمد بن عمر الأيوبي
14039	١٢٧ - ابن الفاضل أحمد بن عبد الرحيم بن علي المصري
14040	١٢٨ - ابن العز أحمد بن محمد بن عبد الغني المقدسي
14041	١٢٩ - ابن النخال أبو بكر عبد الله بن عمر بن أبي بكر البواب
14041	١٣٠ - ابن الوليد عبد الله بن محمد بن الوليد البغدادي
14042	١٣١ - ابن شحانة عبد الرحمان بن عمر بن بركات الخراساني
14043	١٣٢ - ابن مقرب أبو القاسم عبد الرحمان بن مقرب الكندي
14043	١٣٣ - ابن حمود عبد المحسن بن حمود بن المحسن التنوخي
14044	١٣٤ - النسابة محمد بن أحمد بن محمد ابن عساكر الدمشقي
14045	١٣٥ - ابن أبي جعفر محمد بن أحمد بن علي القرطبي
14046	١٣٦ - ابن المنذري أبو بكر محمد بن عبد العظيم بن عبد القوي
14047	١٣٧ - المنتجب منتجب الدين بن أبي العز بن رشيد الهمذاني
14048	١٣٨ - ابن المعوج منصور بن أحمد بن محمد البغدادي
14049	١٣٩ - صاحب حمص المنصور ناصر الدين إبراهيم بن شيركوه
14049	١٤٠ - عتيق بن أبي الفضل بن سلامة، أبو بكر السلماني
14050	١٤١ - ابن الجباب محمد بن عبد الرحمان بن عبد الله السعدي
14050	١٤٢ - ابن معقل عز الدين أحمد بن علي بن معقل المهلبي
14051	١٤٣ - ابن عدي حسن بن عدي بن أبي البركات الكردي
14052	١٤٤ - الحريري علي بن أبي الحسن بن منصور الحوراني
14055	١٤٥ - القفطي أبو الحسين علي بن يوسف بن إبراهيم
14056	١٤٦ - الخونجي أبو عبد الله محمد بن ناماور بن عبد الملك
14057	١٤٧ - مهنا بن مانع بن حديثة بن فضل بن ربيعة
14057	١٤٨ - ابن رئيس الرؤساء المبارك بن محمد بن عبد الله البغدادي
14058	١٤٩ - ابن الدوامي هبة الله بن الحسن بن هبة الله البغدادي
14059	١٥٠ - الصدر تاج الدين علي الحاجب
14059	١٥١ - الهذباني يعقوب بن محمد بن الحسن بن عيسى الكردي
14060	١٥٢ - عجيبة ضوء الصباح بنت محمد بن أبي غالب الباقداري
14061	١٥٣ - الساوي أبو يعقوب يوسف بن محمود بن الحسين
14062	١٥٤ - ابن الجباب أحمد بن محمد بن عبد العزيز التميمي
14063	١٥٥ - ابن الخير إبراهيم بن محمود بن سالم بن مهدي البغدادي
14065	١٥٦ - ابن رواج أبو محمد عبد الوهاب بن رواج الأزدي
14066	١٥٧ - ابن العليق أبو نصر أعز بن فضائل بن أبي نصر البغدادي
14067	١٥٨ - النشتبري أبو محمد عبد الخالق بن الأنجب بن معمر
14076	١٥٩ - الكمال إسحاق بن أحمد المعري
14077	١٦٠ - ابن سعد محمد بن سعد بن عبد الله الأنصاري
14078	١٦١ - اللمغاني عبد الرحمان بن عبد السلام بن إسماعيل
14078	١٦٢ - الرندي أبو الحسين عبيد الله بن عاصم بن عيسى
14079	١٦٣ - ابن عمرون محمد بن محمد بن أبي علي الحلبي
14079	١٦٤ - ابن الزبيدي عبد العزيز بن يحيى بن المبارك الربعي
14080	١٦٥ - ابن المني أبو المظفر محمد بن مقبل بن فتيان النهراوي
14081	١٦٦ - ابن الجميزي علي بن هبة الله بن سلامة اللخمي
14083	١٦٧ - بشير بن حامد بن سليمان بن يوسف، أبو النعمان الهاشمي
14084	١٦٨ - ابن البيطار ضياء الدين عبد الله بن أحمد المالقي
14085	١٦٩ - اللاردي أبو عبد الله محمد بن عتيق بن علي بن عبد الله
14086	١٧٠ - الإسفراييني مجد الدين محمد بن محمد بن عمر
14086	١٧١ - الطراز أبو عبد الله محمد بن سعيد بن علي الأنصاري
14089	١٧٢ - ابن رواحة عبد الله بن الحسين بن عبد الله الأنصاري
14091	١٧٣ - ابن البراذعي أبو البركات عمر بن عبد الوهاب القرشي
14092	١٧٤ - ابن الجوهري أحمد بن محمود بن إبراهيم الدمشقي
14092	١٧٥ - ابن الحاجب عثمان بن عمر بن أبي بكر الكردي
14094	١٧٦ - السيدي أبو جعفر محمد بن عبد الكريم بن محمد
14096	١٧٧ - مظفر بن عبد الملك بن عتيق، ابن الفوي الإسكندراني
14096	١٧٨ - شعيب بن يحيى بن أحمد بن محمد بن عطية القيرواني
14097	١٧٩ - ابن أبي حرمي عبد الرحمان بن فتوح بن بنين المكي
14098	١٨٠ - صفية بنت العدل عبد الوهاب بن علي بن الخضر الأسدية
14099	١٨١ - سليمان بن داود العبيدي
14100	١٨٢ - ابن أبي السعادات محمد بن عبد الله بن محمد البغدادي
14100	١٨٣ - الريغي أبو محمد عبد الله بن إبراهيم بن سعيد بن قايد
14101	١٨٤ - ابن مطروح يحيى بن عيسى بن إبراهيم الصعيدي
14102	١٨٥ - الموفق قاسم بن هبة الله بن محمد المدائني
14103	١٨٦ - الشاري أبو الحسن علي بن محمد بن علي بن محمد
14106	١٨٧ - السبط أبو القاسم عبد الرحمان بن مكي الطرابلسي
14108	١٨٨ - عبد القادر بن الحسين بن جميل، أبو محمد البندنيجي
14108	١٨٩ - عيسى بن سلامة بن سالم بن ثابت الحراني
14109	١٩٠ - ابن مسلمة أبو العباس أحمد بن المفرج بن علي الدمشقي
14110	١٩١ - الصاغاني أبو الفضائل الحسن بن محمد بن الحسن
14113	١٩٢ - ابن قميرة يحيى بن نصر بن أبي القاسم التميمي
14114	١٩٣ - أبو العباس أحمد بن نصر التميمي
14114	١٩٤ - ابن علان أبو محمد مكي بن المسلم بن مكي القيسي
14116	الطبقة الخامسة والثلاثون
14116	١٩٥ - القوصي شهاب الدين إسماعيل بن حامد بن عبد الرحمن
14117	١٩٦ - صالح بن شجاع بن محمد بن سيدهم بن عمرو المدلجي
14118	١٩٧ - فرج بن عبد الله، أبو الغيث الحبشي
14119	١٩٨ - ابن تيمية عبد السلام بن عبد الله بن الخضر الحراني
14121	١٩٩ - ابن طلحة أبو سالم محمد بن طلحة بن محمد القرشي
14122	٢٠٠ - النظام البلخي أبو عبد الله محمد بن محمد بن محمد
14123	٢٠١ - عثمان بن محمد بن عبد الحميد التنوخي البعلبكي
14123	٢٠٢ - السفاقسي أبو بكر محمد بن الحسن بن عبد السلام
14124	٢٠٣ - ابن قزغلي يوسف بن قزغلي بن عبد الله التركي العوني
14126	٢٠٤ - أقطاي فارس الدين التركي الصالحي النجمي
14127	٢٠٥ - ابن خليل أبو الخطاب محمد بن أحمد السكوني
14127	٢٠٦ - عيسى بن أحمد بن إلياس اليونيني
14128	٢٠٧ - الطوسي أبو إبراهيم إسحاق بن إبراهيم بن عامر
14129	٢٠٨ - العماد داوود بن عمر بن يوسف الزبيدي المقدسي
14130	٢٠٩ - الضياء أبو الطاهر يوسف
14130	٢١٠ - القميني الشيخ يوسف القميني
14131	٢١١ - ابن وثيق إبراهيم بن محمد بن عبد الرحمن الأموي
14132	٢١٢ - ابن قطرال علي بن عبد الله بن محمد الأنصاري القرطبي
14133	٢١٣ - الرشيد العراقي أبو الفضل إسماعيل الأواني ثم الدمشقي
14134	٢١٤ - صقر بن يحيى بن سالم بن يحيى بن عيسى بن صقر الكلبي
14135	٢١٥ - البلخي أبو عبد الله محمد بن أبي بكر بن أحمد بن خلف
14136	٢١٦ - ابن النحاس عبد الله بن الحسن بن الحسن الأنصاري
14137	٢١٧ - الحلبي عز الدين أيبك الحلبي الصالحي
14138	٢١٨ - ابن الحلاوي أحمد بن محمد بن أبي الوفاء الربعي
14139	٢١٩ - اليلداني عبد الرحمن بن عبد المنعم بن عبد الرحمن
14140	٢٢٠ - المرسي أبو عبد الله محمد بن عبد الله بن محمد
14147	٢٢١ - ابن باطيش أبو المجد إسماعيل بن هبة الله الموصلي
14147	٢٢٢ - عبد العظيم أبو محمد بن عبد القوي بن عبد الله المنذري
14152	٢٢٣ - الكفرطابي أبو الفضل عبد العزيز بن عبد الوهاب بن بيان
14153	٢٢٤ - خطيب مردا محمد بن إسماعيل بن أحمد المقدسي
14154	٢٢٥ - النشبي شمس الدين علي بن المظفر بن القاسم الربعي
14154	٢٢٦ - البكري أبو علي الحسن بن محمد بن محمد بن محمد
14157	٢٢٧ - شرف الدين محمد بن محمد البكري
14157	٢٢٨ - ابن شقيرا أبو الفضل المرجى بن الحسن بن علي الواسطي
14158	٢٢٩ - فضل الله بن عبد الرزاق بن عبد القادر الجيلي
14159	٢٣٠ - ابن السراج أحمد بن محمد بن أحمد الأنصاري
14160	٢٣١ - الباذرائي أبو محمد عبد الله بن محمد بن حسن
14162	٢٣٢ - الأرموي أبو الفضائل محمد بن الحسين بن عبد الله
14163	٢٣٣ - ابن عليم عبد الرحيم بن أحمد بن علي الأنصاري
14164	٢٣٤ - ابن الأبار محمد بن عبد الله بن أبي بكر القضاعي
14167	٢٣٥ - البياسي يوسف بن محمد بن إبراهيم الأنصاري
14167	٢٣٦ - العماد عبد الحميد بن عبد الهادي بن يوسف المقدسي
14169	٣٣٧ - ابن الهني محمد بن علي بن عبد الصمد البغدادي الخياط
14170	٢٣٨ - محمد بن عبد الهادي بن يوسف بن محمد المقدسي
14171	٢٣٩ - ابن الخشوعي عبد الله بن بركات بن إبراهيم الدمشقي
14171	٢٤٠ - النعال أبو الحسن محمد بن أنجب بن أبي عبد الله
14173	٢٤١ - الزنجاني أبو المناقب محمود بن أحمد بن محمود
14174	٢٤٢ - الخاتون بنت محمد بن العادل
14175	٢٤٣ - غازية بنت السلطان الكامل
14175	٢٤٥ - ابن خطيب القرافة أبو عمرو عثمان بن علي بن عبد الواحد القرشي
14175	٢٤٤ - الخاتون أختهما
14176	٢٤٦ - أبو العز مفضل بن علي الشافعي
14176	٢٤٧ - ابن العجمي عبد الرحمن بن عبد الرحيم بن عبد الرحمن الحلبي
14177	٢٤٨ - القزويني أبو عبد الله محمد بن أبي القاسم بن محمد
14178	٢٤٩ - لاحق أبو الكرم لاحق بن عبد المنعم
14179	٢٥٠ - ابن عمه أبو العباس أحمد بن حامد بن أحمد الأرتاحي
14180	٢٥٢ - ابن درباس محمد بن عبد الملك بن عيسى الماراني
14181	٢٥٣ - العز الضرير حسن بن محمد بن أحمد بن نجا الإربلي
14182	٢٥٤ - الإربلي أبو عبد الله الحسين بن إبراهيم بن الحسين
14183	٢٥٥ - البهاء زهير أبو العلاء زهير بن محمد بن علي الأزدي
14184	٢٥٦ - الملك الرحيم أبو الفضائل لؤلؤ الأرمني النوري الأتابكي
14186	٢٥٧ - المعظم الحلبي أبو المفاخر تورانشاه بن يوسف بن أيوب
14187	٢٥٨ - الظاهر غازي ابن العزيز محمد ابن الظاهر غازي
14188	٢٥٩ - شعلة أبو عبد الله محمد بن أحمد بن محمد الموصلي
14189	٢٦٠ - الفاسي أبو عبد الله محمد بن حسن بن محمد بن يوسف
14189	٢٦١ - ابن العلقمي محمد بن محمد بن علي البغدادي
14191	٢٦٢ - الباخرزي أبو المعالي سعيد بن المطهر بن سعيد بن علي
14198	٢٦٣ - إقبال شرف الدين أبو الفضائل الحبشي المستنصري
14199	٢٦٤ - الدويدار مجاهد الدين أيبك الدويدار الصغير
14200	٢٦٥ - ابن أبي الحديد قاسم بن هبة الله بن محمد المدائني
14200	٢٦٦ - ابن الجوزي محيي الدين يوسف بن أبي الفرج القرشي
14202	٢٦٧ - الصاحب شرف الدين عبد الله بن يوسف
14203	٢٦٨ - واقف الصدرية أسعد بن عثمان بن أسعد التنوخي
14203	٢٦٩ - المحب أبو محمد عبد الله بن أحمد بن محمد السعدي
14204	٢٧٠ - الناصر داود ابن المعظم عيسى ابن العادل
14209	٢٧١ - المنصور نور الدين علي ابن المعز أيبك التركي التركماني