2	مقدمة التحقيق
3	(١) مقدمة التحقيق
3	أهمية العمل ومبرراته
5	خطة العمل ومنهج التحقيق
5	أولا: فيما يتصل بالنسخ الخطية
6	ثانيا: فيما يتصل بتحقيق نصوص الكتاب فإنه يجري على هذا الشكل
8	مدى الالتزام بهذه الخطة
9	القراءات المتعددة للكتاب بكامله
10	وختاما
11	(٢) دراسة شخصية المؤلف الحافظ ابن كثير
12	أولا: عصر المؤلف
12	تمهيد
13	١ - الحياة السياسية
14	٢ - الحياة الاجتماعية
15	٣ - الحياة العلمية
15	٤ - الحياة الفكرية
17	ثانيا: اسمه ونسبه
18	ثالثا: ولادته ونشأته
18	ولادته
19	نشأته
21	رابعا: أسرته
21	أبوه
21	إخوته وأخواته
22	زوجه
22	أولاده
24	خامسا: شيوخه وتلاميذه
24	أ- شيوخه
33	وأجاز لابن كثير
33	ب- تلاميذه
39	سادسا: كتبه
39	تمهيد
40	أ- الكتب المطبوعة والمخطوطة
40	١ - تفسير القرآن العظيم
42	٢ - فضائل القرآن
42	٣ - البداية والنهاية
43	٤ - السيرة النبوية مبسوطة
43	٥ - الفصول في سيرة الرسول ﷺ
44	٦ - "اختصار علوم الحديث"
45	٧ - الاجتهاد في طلب الجهاد
46	٨ - جامع المسانيد والسنن الهادي لأقوي سنن
48	٩ - التكميل في معرفة الثقات والضعفاء والمجاهيل
49	١٠ - مسند الفاروق أمير المؤمنين أبي حفص عمر بن الخطاب ﵁ وأقواله على أبواب العلم
49	١١ - طبقات الشافعية
50	ب - الكتب المفقودة
54	ج- الأجزاء الحديثيه
56	سابعا: مكانته العلمية والاجتماعية
56	تمهيد
56	أ- مكانته العلمية
62	ب- مكانته الاجتماعية
65	ثامنا: وفاته
66	(٣) دراسة الكتاب البداية والنهاية
67	أولا: المحتوى
67	تمهيد
69	١ - المبتدأ وقصص الأنبياء
70	٢ - السيرة النبوية
71	٣ - تاريخ الإسلام
74	٤ - النهاية (ذكر الآخرة وأحوالها. .)
76	ثانيا: منهج الكتاب
80	ثالثا: الأسلوب
82	رابعا: الموارد والمصادر
82	أ- كتب التفسير
83	ب- الكتب السماوية
83	ج- كتب الحديث ورجاله
83	د- كتب السير والمغازي
83	هـ- كتب الدلائل
84	و- كتب التاريخ الإسلامي
84	خامسا: طبعات البداية والنهاية
85	(٤) ثبت بأجزاء كتاب "البداية والنهاية" وأسماء المحققين لها
86	(٥) وصف النسخ المخطوطة ونماذج من صورها
86	أولا - النسخة الأحمدية
87	ثانيا - نسخة برلين
88	ثالثا - نسخة الظاهرية
88	رابعا: نسخة الرباط
98	مقدمة المؤلف
105	١ - المبتدأ وقصص الأنبياء
105	فصل - الله خالق كل شيء -
109	فصل فيما ورد في صفة خلق العرش والكرسي
116	وأما الكرسي
119	ذكر اللوح المحفوظ
120	باب ما ورد في خلق السماوات والأرض وما بينهما
127	باب ما جاء فى سبع أرضين
134	فصل في البحار والأنهار
143	فصل في دلائل عظمة الله تعالى
145	باب ذكر ما يتعلق بخلق السماوات وما فيهن من الآيات
157	الكلام على المجرة وقوس قزح
159	[الكلام على الرعد]
160	باب ذكر خلق الملائكة وصفاتهم ﵈
182	باب خلق الجان وقصة الشيطان
202	باب ما ورد في خلق آدم ﵇
220	ذكر احتجاج آدم وموسى ﵉
226	ذكر الأحاديث الواردة في خلق آدم
236	ذكر قصة ابني آدم قابيل وهابيل
245	ذكر وفاة آدم ووصيته إلى ابنه شيث ﵇
247	ذكر إدريس ﵇
250	قصة نوح ﵇
272	ذكر شيء من أخبار نوح نفسه ﵇
272	ذكر صومه ﵇
273	ذكر حجه ﵇
273	ذكر وصيته لولده ﵇
276	قصة هود ﵇
289	قصة صالح نبي ثمود ﵇
299	مرور النبي بوادي الحجر من أرض ثمود عام تبوك
301	قصة إبراهيم الخليل ﵇
312	ذكر مناظرة إبراهيم الخليل مع من أراد أن ينازع العظيم الجليل في إزار العظمة ورداء الكبرياء، فادعى الربوبية، وهو أحد العبيد الضعفاء
314	ذكر هجرة الخليل ﵇ إلى بلاد الشام ودخوله الديار المصرية، واستقراره بالأرض المقدسة
320	ذكر مولد إسماعيل ﵇ من هاجر
321	ذكر مهاجرة إبراهيم بابنه إسماعيل وأمه هاجر إلى جبال فاران، وهي أرض مكة وبنائه البيت العتيق
325	قصة الذبيح
330	ذكر مولد إسحاق
333	ذكر بناية البيت العتيق
338	ذكر ثناء الله ورسوله الكريم على عبده وخليله إبراهيم
347	ذكر قصره في الجنة
347	ذكر قصة إبراهيم ﵇
348	ذكر وفاة إبراهيم، وما قيل في عمره
351	ذكر أولاد إبراهيم الخليل
351	[قصة قوم لوط ﵇]
361	قصة مدين قوم شعيب ﵇
370	باب ذكر ذرية إبراهيم ﵊
371	ذكر إسماعيل ﵇
373	ذكر إسحاق بن إبراهيم الكريم ابن الكريم عليهما الصلاة والتسليم
379	ذكر ما وقع من الأمور العجيبة في حياة إسرائيل فمن ذلك قصة يوسف بن راحيل
408	قصة أيوب ﵇
414	وهذه قصة ذي الكفل الذي زعم قوم أنه ابن أيوب
416	باب ذكر أمم أهلكوا بعامة
423	قصة يونس ﵇
429	ذكر فضل يونس ﵇
433	قصة موسى الكليم
464	فصل في هلاك فرعون وجنوده
485	فصل فيما كان من أمر بني إسرائيل بعد هلاك فرعون
493	فصل في دخول بني إسرائيل التيه وما جرى لهم من الأمور العجيبة
497	سؤال الرؤية
502	قصة عبادتهم العجل في غيبة كليم الله عنهم
509	ذكر حديث آخر في معنى ما ذكره ابن حبان
513	قصة بقرة بني إسرائيل
515	قصة موسى والخضر ﵉
521	ذكر الحديث الملقب بحديث الفتون المتضمن قصة موسى مبسوطة من أولها إلى آخرها
530	ذكر بناء قبة الزمان
533	قصة قارون مع موسى ﵇
537	باب ذكر فضائل موسى ﵇ وشمائله وصفاته ووفاته
543	ذكر حجته ﵇ إلى البيت العتيق
544	ذكر وفاته ﵇
548	ذكر نبوة يوشع وقيامه بأعباء بني إسرائيل بعد موسى وهارون ﵈
558	ذكر قصتي الخضر وإلياس ﵉
576	وأما إلياس ﵇
580	باب ذكر جماعة من أنبياء بني إسرائيل بعد موسى ﵇
580	قصة حزقيل
583	وهذه قصة اليسع ﵇
583	فصل
585	قصة شمويل ﵇ وفيها بدء أمر داود ﵇
591	قصة داود ﵇ وما كان في أيامه وذكر فضائله وشمائله ودلائل نبوته وأعلامه
601	ذكر كمية حياته وكيفية وفاته ﵇
605	قصة سليمان بن داود ﵉
621	ذكر وفاته وكم كانت مدة ملكه وحياته
625	باب ذكر جماعة من أنبياء بني إسرائيل ﵈ ممن لا يعلم وقت زمانهم على التعيين إلا أنهم بعد داود وسليمان ﵉ وقبل زكريا ويحيى ﵉
625	شعيا بن أمصيا
626	أرميا بن حلقيا من سبط لاوي بن يعقوب
627	ذكر خراب بيت المقدس
635	ذكر شيء من خبر دانيال ﵇
638	وهذا ذكر عمارة بيت المقدس بعد خرابها واجتماع الملأ لمن بني إسرائيل بعد تفرقهم في بقاع الأرض وشعابها
640	وهذه قصة العزير
643	فصل
645	قصة زكريا ويحيى ﵉
655	بيان سبب قتل يحيى ﵇
658	قصة عيسى ابن مريم عبد الله ورسوله وابن أمته عليه من الله أفضل الصلاة والسلام
670	ذكر ميلاد العبد الرسول عيسى ابن مريم البتول
681	باب بيان أن الله تعالى منزه عن الولد تعالى عما يقول الظالمون علوا كبيرا
688	ذكر منشأ عيسى ابن مريم ﵉ ومرباه في صغره وصباه وبيان بدء الوحي إليه من الله تعالى
693	[بيان نزول الكتب الأربعة ومواقيتها]
705	ذكر خبر المائدة
707	فصل
715	ذكر رفع عيسى ﵇ إلى السماء في حفظ الرب وبيان كذب اليهود والنصارى عليهم لعائن الله فى دعوى الصلب
723	ذكر صفة عيسى ﵇ وشمائله وفضائله
731	فصل
734	كتاب أخبار الماضين
734	خبر ذي القرنين
741	[بيان طلب ذي القرنين عين الحياة]
744	ذكر أمتي يأجوج ومأجوج وصفاتهم وما ورد من أخبارهم وصفة السد
750	قصة أصحاب الكهف
757	قصة الرجلين المؤمن والكافر
761	قصة أصحاب الجنة
763	قصة أصحاب أيلة الذين اعتدوا في سبتهم
767	قصة لقمان
779	قصة أصحاب الأخدود
784	باب بيان الإذن في الرواية والحديث عن أخبار بني إسرائيل
784	بيان الإذن في الرواية والحديث عن أخبار بني إسرائيل
789	قصة جريج أحد عباد بني إسرائيل
793	قصة برصيصا
795	قصة الثلاثة الذين أووا إلى الغار فانطبق عليهم فتوسلوا إلى الله بصالح أعمالهم ففرج عنهم
797	خبر الثلاثة الأعمى والأبرص والأقرع
799	حديث الذي استلف من صاحبه ألف دينار فأداها
800	قصة أخرى شبيهة بهذه في الصدق والأمانة
801	قصة أخرى
807	قصة الملكين التائبين
814	فصل
816	ذكر تحريف أهل الكتاب وتبديلهم أديانهم
822	كتاب الجامع لأخبار الآنبياء المتقدمين
823	حديث آخر
829	ذكر أخبار العرب
834	قصة سبأ
839	فصل
840	قصة ربيعة بن نصر بن أبي حارثة بن عمرو بن عامر
844	قصة تبع أبي كرب تبان أسعد ملك اليمن مع أهل المدينة، وكيف أراد غزو البيت الحرام، ثم شرفه وعظمه وكساه الحلل، فكان أول من كساه
851	وثوب لخنيعة ذي شناتر على ملك اليمن
853	ذكر خروج الملك باليمن من حمير وصيرورته إلى الحبشة السودان
854	ذكر خروج أبرهة الأشرم على أرياط واختلافهما، واقتتالهما، وصيرورة ملك اليمن إلى أبرهة بعد قتله أرياط
855	ذكر سبب قصد أبرهة بالفيل مكة ليخرب الكعبة فأهلكه الله عاجلا غير آجل، كما قال ﷾: ﴿ألم تر كيف فعل ربك بأصحاب الفيل (١) ألم يجعل كيدهم في تضليل (٢) وأرسل عليهم طيرا أبابيل (٣) ترميهم بحجارة من سجيل (٤) فجعلهم كعصف مأكول (٥)﴾ [الفيل: ١ - ٥].
867	ذكر خروج الملك عن الحبشة ورجوعه إلى سيف بن ذي يزن الحميري كما أخبر بذلك الكاهنان لربيعة بن نصر اللخمي
872	ذكر ما آل إليه أمر الفرس باليمن
876	قصة الساطرون صاحب الحضر
879	خبر ملوك الطرائف
881	باب ذكر بني إسماعيل وهم عرب الحجاز وما كان من أمور الجاهلية إلى زمان البعثة
885	قصة خزاعة وخبر عمرو بن لحي وعبادة الأصنام بأرض
896	خبر عدنان جد عرب الحجاز
903	ذكر أصول أنساب قبائل عرب الحجاز إلى عدنان
905	الكلام على قريش نسبا واشتقاقا وفضلا وهم بنو النضر بن كنانة
913	خبر قصي بن كلاب وما كان من أمره في ارتجاعه ولاية البيت إلى قريش وانتزاعه ذلك من خزاعة واجتماع قريش إلى الحرم الذي جعله الله أمنا للعباد بعد تفرقها في البلاد وتمزقها في الجبال والمهاد
920	فصل
922	ذكر جمل من الأحداث الواقعة في زمن الجاهلية
922	باب ذكر جماعة مشهورين كانوا في الجاهلية
925	ذكر حاتم الطائي أحد أجواد الجاهلية
933	ذكر شيء من أخبار عبد الله بن جدعان
935	ذكر امرئ القيس بن حجر الكندي صاحب إحدى المعلقات
940	ذكر شيء من أخبار أمية بن أبي الصلت الثقفي
955	بحيري الراهب
956	ذكر قس بن ساعدة الإيادي
967	ذكر زيد بن عمرو بن نفيل ﵁
977	٢ - السيرة النبوية
979	ذكر شيء مما وقع من الحوادث في زمن الفترة فمن ذلك بنيان الكعبة
979	ذكر كعب بن لؤي
980	ذكر تجديد حفر زمزم
985	ذكر نذر عبد المطلب ذبح أحد ولده
987	ذكر تزويج عبد المطلب ابنه عبد الله من آمنة بنت وهب الزهرية
991	كتاب سيرة رسول الله ﷺ
1004	باب مولد رسول الله ﷺ تسليما كثيرا
1009	صفة مولده الشريف ﵊
1016	فصل: فيما وقع من الآيات ليلة مولده ﵊
1018	ذكر ارتجاج الإيوان وسقوط الشرفات وخمود النيران ورؤيا الموبذان وغير ذلك من الدلالات
1026	ذكر مراضعه وحواضنه ﵊
1027	ذكر رضاعه ﵊ من حليمة بنت أبي ذؤيب السعدية وما ظهر عليه من البركة وآيات النبوة
1037	فصل
1041	فصل
1044	فصل: في خروجه ﵊ مع عمه أبي طالب إلى الشام وقصته مع بحيرى الراهب
1049	فصل: في منشئه ﵊ ومرباه وكفاية الله له، وحياطته، وكيف كان يتيما فآواه وعائلا فأغناه
1053	ذكر شهوده ﵊ حرب الفجار
1056	فصل: في شهوده عليه [الصلاة] والسلام حلف الفضول
1060	فصل: في تزويجه ﵊ خديجة بنت خويلد بن أسد بن عبد العزى بن قصي
1062	باب: ما كان يشتغل به رسول الله ﷺ قبل أن يتزوج خديجة
1065	فصل
1068	فصل: في تجديد قريش بناء الكعبة قبل المبعث بخمس سنين
1079	فصل
1081	كتاب مبعث رسول الله ﷺ تسليما كثيرا وذكر شيء من البشارات بذلك
1085	فصل
1097	ذكر أخبار غريبة في ذلك
1101	قصة عمرو بن مرة الجهني
1116	قصة سيف بن ذي يزن الحميري وبشارته بالنبي الأمي
1122	باب في هواتف الجان وما ألقته الجنان على ألسنة الكهان ومسموعا من الأوثان
1161	باب كيف بدأ الوحي إلى رسول الله ﷺ، وذكر أول شيء أنزل عليه من القرآن العظيم
1164	ذكر عمره ﷺ وقت بعثته وتاريخها
1181	فصل
1183	فصل في منع الجان ومردة الشياطين من استراق السمع حين أنزل القرآن لئلا يختطف أحد منهم ولو حرفا واحدا فيلقيه على لسان وليه فيلتبس الأمر ويختلط الحق
1188	فصل في كيفية إتيان الوحي إلى رسول الله ﷺ
1192	فصل
1194	فصل في ذكر أول من أسلم من متقدمي الإسلام من الصحابة ﵃
1207	ذكر إسلام حمزة بن عبد المطلب ﵁ عم النبي ﷺ
1208	ذكر إسلام أبي ذر ﵁
1212	ذكر إسلام ضماد
1214	باب أمر الله رسوله ﵊ بإبلاغ الرسالة
1224	قصة الإراشي
1225	فصل
1226	فصل في تأليب الملأ من قريش على رسول الله ﷺ وأصحابه، واجتماعهم بعمه أبي طالب القائم في منعه ونصرته، وحرصهم عليه أن يسلمه إليهم، فأبى عليهم ذلك بحول الله وقوته.
1230	فصل في مبالغتهم في الأذية لآحاد المسلمين المستضعفين
1230	فصل
1242	فصل
1248	باب مجادلة المشركين رسول الله ﷺ وإقامة الحجة الدامغة عليهم واعترافهم في أنفسهم بالحق وإن أظهروا المخالفة عنادا وحسدا وبغيا وجحودا
1255	باب هجرة من هاجر من أصحاب رسول الله ﷺ، من مكة إلى أرض الحبشة فرارا بدينهم من الفتنة
1278	فصل
1279	فصل في ذكر مخالفة قبائل قريش بني هاشم وبني عبد المطلب في نصر رسول الله ﷺ وتحالفهم فيما بينهم عليهم، على أن لا يبايعوهم ولا يناكحوهم حتى يسلموا إليهم رسول الله ﷺ، وحصرهم إياهم في شعب أبي طالب مدة طويلة، وكتاباتهم بذلك صحيفة ظالمة فاجرة؛ وما ظهر في ذلك كله من آيات النبوة ودلائل الصدق
1292	ذكر عزم الصديق على الهجرة إلى أرض الحبشة
1295	فصل
1295	ذكر نقض الصحيفة
1299	فصل
1303	قصة أعشى بن قيس
1306	قصة مصارعة ركانة وكيف أراه الشجرة التي دعاها فأقبلت ﷺ
1311	فصل
1312	فصل
1313	فصل في الإسراء برسول الله ﷺ من مكة إلى بيت المقدس ثم عروجه من هناك إلى السماوات وما رأى هنالك من الآيات
1327	فصل
1328	فصل انشقاق القمر في زمان النبي ﷺ
1335	فصل وفاة أبي طالب عم رسول الله ﷺ
1342	فصل في موت خديجة بنت خويلد
1347	فصل في تزويجه ﷺ بعد خديجة ﵂ بعائشة بنت الصديق وسودة بنت زمعة ﵂
1352	فصل
1355	فصل في ذهابه ﷺ إلى أهل الطائف يدعوهم إلى دين الله فردوا عليه ذلك ولم يقبلوه منه فرجع عنهم إلى مكة
1357	فصل
1359	فصل في عرض رسول الله ﷺ نفسة الكريمة على أحياء العرب في مواسم الحج أن يؤوه وينصروه، ويمنعوه ممن خالفه وكذبه، فلم يجبه أحد منهم لما ذخره الله للأنصار من الكرامة العظيمة ﵃
1370	فصل قدوم وفد الأنصار عاما بعد عام حتى بايعوا رسول الله ﷺ بيعة بعد بيعة ثم بعد ذلك تحول إليهم رسول الله ﷺ إلى المدينة فنزل بين أظهرهم كما سيأتي بيانه وتفصيله إن شاء الله وبه الثقة
1370	حديث سويد بن صامت الأنصاري
1371	إسلام إياس بن معاذ
1374	باب بدو إسلام الأنصار ﵃
1387	قصة بيعة العقبة الثانية
1398	فصل
1399	فصل يتضمن أسماء من شهد بيعة العقبة الثانية وجملتهم على ما ذكره ابن إسحاق ﵀ ثلاثة وسبعون رجلا وامرأتان
1402	باب بدو الهجرة من مكة إلى المدينة
1410	فصل في سبب هجرة رسول الله ﷺ بنفسه الكريمة
1414	باب هجرة رسول الله ﷺ بنفسه الكريمة مق مكة إلى المدينة ومعه أبو بكر الصديق ﵁
1437	فصل في دخوله ﵊ المدينة وأين استقر منزله بها وما يتعلق بذلك
1449	فصل
1452	ذكر ما وقع في السنة الأولى من الهجرة النبوية من الحوادث والوقائع العظيمة
1455	فصل
1457	فصل في إسلام عبد الله بن سلام ﵁
1461	فصل
1461	ذكر خطبة رسول الله ﷺ يومئذ
1463	فصل في بناء مسجده الشريف في مدة مقامة عليه [الصلاة] والسلام بدار أبي أيوب ﵁
1470	تنبيه على فضل هذا المسجد الشريف والمحل المنيف
1472	فصل
1473	فصل فيما أصاب المهاجرين من حمى المدينة ﵃ أجمعين
1477	فصل في عقده عليه الصلاة السلام الألفة بين المهاجرين والأنصار بالكتاب الذي أمر به فكتب بينهم والمؤاخاة التي أمرهم بها وقررهم عليها وموادعته اليهود الذين كانوا بالمدينة
1480	فصل في مؤاخاة النبي ﷺ بين المهاجرين والأنصار ليرتفق المهاجري بالأنصاري
1484	فصل
1486	فصل في ميلاد عبد الله بن الزبير في شوال سنة الهجرة
1487	فصل وبنى رسول الله ﷺ بعائشة في شوال من هذه السنة
1488	فصل
1488	فصل في الأذان ومشروعيته عند مقدمه ﵇ المدينة النبوية
1491	فصل في سرية حمزة بن عبد المطلب ﵁
1491	فصل في سرية عبيدة بن الحارث بن عبد المطلب
1492	فصل
1496	ذكر ما وقع في السنة الثانية من الهجرة من الحوادث
1496	كتاب المغازي
1498	فصل
1502	فصل
1504	ذكر أول المغازي، وهي غزوة الأبواء، ويقال لها: غزوة ودان
1509	فصل
1510	غزوة بواط من ناحية رضوى
1511	[غزوة العشيرة]
1513	غزوة بدر الأولى
1514	باب سرية عبد الله بن جحش التي كانت سببا لغزوة بدر العظمى، وذلك يوم الفرقان يوم التقى الجمعان، والله على كل شيء قدير
1519	فصل في تحويل القبلة في سنة ثنتين من الهجرة قبل وقعة بدر
1523	فصل في فرضية صوم شهر رمضان سنة ثنتين قبل وقعة بدر
1525	غزوة بدر العظمى يوم الفرقان يوم التقى الجمعان
1566	مقتل أبي البختري بن هشام
1567	فصل [في مقتل أمية بن خلف]
1569	مقتل أبي جهل، لعنه الله
1575	رده، ﵇، عين قتادة
1576	فصل قصة أخرى شبيهة بها
1577	ذكر طرح رؤوس الكفر في بئر [يوم] بدر
1583	فصل
1589	فصل
1591	فصل
1594	فصل في رجوعه، ﵇، من بدر إلى المدينة، وما كان من الأمور في مسيره إليها مؤيدا منصورا عليه من ربه أفضل الصلاة والسلام
1597	مقتل النضر بن الحارث وعقبة بن أبي معيط لعنهما الله
1599	ذكر فرح النجاشي، ﵁، بوقعة بدر
1600	فصل في وصول خبر مصاب أهل بدر إلى أهاليهم بمكة
1603	فصل في بعث قريش إلى رسول الله ﷺ في فداء أسراهم
1609	فصل
1610	حرف الألف
1611	حرف الباء
1611	حرف التاء
1612	حرف الثاء
1612	حرف الجيم
1613	حرف الحاء
1614	حرف الخاء
1614	حرف الذال
1614	حرف الراء
1615	حرف الزاي
1615	حرف السين
1617	حرف الشين
1617	حرف الصاد
1617	حرف الضاد
1617	حرف الطاء
1618	حرف الظاء
1618	حرف العين
1621	حرف الغين
1622	حرف الفاء
1622	حرف القاف
1622	حرف الكاف
1622	حرف الميم
1623	حرف النون
1624	حرف الهاء
1624	حرف الواو
1624	حرف الياء
1625	باب الكنى
1625	فصل
1629	فصل في فضل من شهد بدرا من المسلمين
1631	فصل في قدوم زينب بنت الرسول ﷺ، مهاجرة من مكة إلى المدينة (بعد وقعة بدر بشهر، بمقتضى ما كان شرط زوجها أبو العاص للنبي ﷺ، كما تقدم).
1636	فصل فيما قيل من الأشعار في غزوة بدر العظمى
1643	فصل
1647	فصل في ذكر غزوة بني سليم سنة ثنتين من الهجرة النبوية
1647	فصل غزوه السويق في ذي الحجة منها، وهي غزوة قرقرة الكدر
1649	فصل في دخول علي بن أبي طالب، ﵁ على زوجته فاطمة بنت رسول الله ﷺ
1651	فصل في ذكر جمل من الحوادث الواقعة سنة ثنتين من الهجرة
1653	سنة ثلاث من الهجرة
1654	غزوة الفرع من بحران
1654	خبر يهود بني قينقاع من أهل المدينة
1656	سرية زيد بن حارثة [﵁]
1657	مقتل كعب بن الأشرف اليهودي
1662	غزوة أحد في شوال سنة ثلاث
1672	مقتل حمزة، ﵁
1678	فصل
1688	فصل فيما لقي النبي ﷺ يومئذ من المشركين قبحهم الله
1694	فصل
1695	فصل
1696	فصل
1701	ذكر دعاء النبي ﷺ بعد الوقعة يوم أحد
1702	فصل
1704	ذكر الصلاة على حمزة وقتلى أحد
1712	فصل في عدد الشهداء
1713	فصل
1716	ذكر خروج النبي ﷺ بأصحابه، على ما بهم من القرح والجراح، في أثر أبي سفيان؛ إرهابا له ولأصحابه حتى بلغ حمراء الأسد وهي على ثمانية أميال من المدينة
1721	فصل فيما تقاول به المؤمنون والكفار في وقعة أحد من الأشعار
1731	آخر الكلام على وقعة أحد
1731	فصل
1732	سنة أربع من الهجرة النبوية
1733	غزوة الرجيع
1741	سرية عمرو بن أمية الضمري، على إثر مقتل خبيب
1743	سرية بئر معونة
1747	غزوة بني النضير وهي التي أنزل الله فيها سورة "الحشر"
1754	قصة عمرو بن سعدى القرظي حين مر على ديار بني النضير وقد صارت يبابا، ليس بها داع ولا مجيب
1755	غزوة بني لحيان التي صلى فيها صلاة الخوف بعسفان
1757	غزوة ذات الرقاع
1759	قصة غورث بن الحارث
1760	قصة الذي أصيبت امرأته في هذه الغزوة
1762	قصة جمل جابر في هذه الغزوة
1763	غزوة بدر الآخرة
1766	فصل في جمل من الحوادث الواقعة سنة أربع من الهجرة
1769	سنة خمس من الهجرة النبوية
1769	غزوة دومة الجندل في ربيع الأول [منها]
1770	غزوة الخندق وهي غزوة الأحزاب
1783	فصل
1794	فصل في دعائه [عليه] السلام على الأحزاب
1801	فصل في غزوة بني قريظة
1815	وفاة سعد بن معاذ ﵁
1821	فصل فيما قيل من الأشعار في الخندق وبني قريظة
1828	مقتل أبي رافع سلام بن أبي الحقيق اليهودي لعنه الله
1832	مقتل خالد بن سفيان بن نبيح الهذلي
1834	قصة عمرو بن العاص مع النجاشي وإسلامه
1836	فصل في تزويج النبي ﷺ بأم حبيبة بنت أبي سفيان
1839	تزويجه، ﵇، بزينب بنت جحش
1841	ذكر نزول الحجاب صبيحة عرسها الذي ولي الله عقد نكاحه
1845	سنة ست من الهجرة النبوية
1846	غزوة ذي قرد
1853	غزوة بني المصطلق من خزاعة
1859	ذكر قصة الإفك
1864	غزوة الحديبية
1875	ذكر سياق البخاري لعمرة الحديبية
1880	فصل في ذكر السرايا والبعوث التي كانت في سنة ست من الهجرة
1883	فصل فيما وقع من الحوادث في هذه السنة أعني سنة ست من الهجرة
1885	سنة سبع من الهجرة النبوية غزوة خيبر في أولها
1898	فصل
1904	ذكر قصة صفية بنت حيي بن أخطب النضرية ﵂
1906	فصل
1907	فصل في فتح حصونها وقسم أرضها
1915	فصل
1916	ذكر قدوم جعفر بن أبي طالب ﵁ ومن كان بقي بالحبشة ممن هاجر إليها من المسلمين، ومن انضم إليهم من أهل اليمن، على رسول الله ﷺ وهو مخيم بخيبر
1921	ذكر قصة الشاة المسمومة وما كان من أمر البرهان الذي ظهر عندها
1925	فصل
1929	فصل من استشهد بخيبر من الصحابة، على ما ذكره ابن إسحاق بن يسار ﵀ وغيره من أصحاب المغازي
1929	[خبر الحجاج بن علاط البهزي ﵁]
1933	فصل في مروره ﷺ - بوادي [القرى] ومحاصرته قوما من اليهود، [ومصالحته يهود] تيماء على ما ذكره الواقدي
1935	فصل
1937	سرية أبي بكر الصديق إلى بني فزارة
1937	سرية عمر بن الخطاب، ﵁ إلى تربة من أرض هوازن وراء مكة بأربعة أميال
1938	سرية عبد الله بن رواحة إلى يسير بن رزام اليهودي
1938	سرية أخرى مع بشير بن سعد
1941	سرية أبي حدرد إلى الغابة
1942	السرية التي قتل فيها محلم بن جثامة عامر بن الأضبط
1944	سرية عبد الله بن حذافة السهمي
1945	عمرة القضاء
1953	وأما قصة تزويجه، ﵊، بميمونة
1955	ذكر خروجه ﷺ من مكة بعد قضاء عمرته
1957	فصل
1958	سنة ثمان من الهجرة النبوية
1958	فصل في إسلام عمرو بن العاص، وخالد بن الوليد، وعثمان بن طلحة، ﵃، وكان قدومهم أوائل سنة ثمان، على ما سيأتي
1961	طريق إسلام خالد بن الوليد
1962	سرية شجاع بن وهب الأسدي إلى نفر من هوازن
1963	سرية كعب بن عمير إلى بني قضاعة من أرض الشام
1964	غزوة مؤتة
1977	فصل
1980	فصل
1982	فصل في فضل هؤلاء الأمراء الثلاثة؛ زيد وجعفر وعبد الله، [﵃]
1988	فصل في ذكر من استشهد يوم مؤتة من المسلمين
1989	حديث فيه فضيلة عظيمة لأمراء هذه السرية
1990	فصل فيما قيل من الأشعار في غزوة مؤتة
1992	كتاب بعث رسول الله ﷺ إلى ملوك الآفاق وكتبه إليهم يدعوهم إلى الله، ﷿، وإلى الدخول في الإسلام
2000	إرساله ﷺ إلى ملك العرب من النصارى الذين بالشام
2000	ذكر بعثه ﷺ إلى كسرى ملك الفرس
2005	بعثه ﷺ[إلى] المقوقس صاحب مدينة الإسكندرية واسمه جريج بن مينا القبطي
2006	غزوة ذات السلاسل
2010	سرية أبي عبيدة بن الجراح إلى سيف البحر
2013	غزوة الفتح الأعظم وكانت في رمضان سنة ثمان
2019	قصة حاطب بن أبي بلتعة
2021	فصل
2024	فصل في إسلام العباس بن عبد المطلب عم النبي ﷺ وأبي سفيان بن الحارث بن عبد المطلب ابن عم رسول الله ﷺ وعبد الله بن أبي أمية بن المغيرة المخزومي أخي أم سلمة أم المؤمنين وهجرتهم إلى رسول الله ﷺ فوجدوه في أثناء الطريق وهو ذاهب إلى فتح مكة
2025	فصل
2031	صفة دخوله ﷺ مكة
2054	فصل
2057	بعثه ﷺ خالد بن الوليد بعد الفتح إلى بني جذيمة من كنانة
2062	بعث خالد بن الوليد لهدم العزى
2063	فصل في مدة إقامته، ﵇، بمكة
2065	فصل فيما حكم به ﷺ بمكة من الأحكام
2067	فصل
2071	غزوة هوازن يوم حنين
2077	فصل في كيفية الوقعة وما كان في أول الأمر من الفرار ثم كانت العاقبة للمتقين
2090	فصل
2091	سرية أوطاس
2094	فصل: فيمن استشهد يوم حنين وسرية أوطاس
2095	فصل: فيما قيل من الأشعار في غزوة هوازن
2100	غزوة الطائف
2111	فصل: في مرجعه، ﵊، عن الطائف وقسمة غنائم هوازن التي أصابها يوم حنين قبل دخوله مكة معتمرا من الجعرانة
2121	ذكر قدوم مالك بن عوف النصري على الرسول ﷺ
2123	اعتراض بعض الجهلة من أهل الشقاق والنفاق على رسول الله ﷺ في القسمة العادلة بالاتفاق
2125	ذكر مجيء أخت رسول الله ﷺ من الرضاعة، إليه وهو بالجعرانة واسمها الشيماء
2127	عمرة الجعرانة في ذي القعدة
2132	إسلام كعب بن زهير بن أبي سلمى ﵁، وأبوه هو صاحب إحدى المعلقات السبع، الشاعر ابن الشاعر، وذكر قصيدته التي سمعها رسول الله ﷺ وهي: بانت سعاد
2139	فصل: فيما كان من الحوادث المشهورة في سنة ثمان والوفيات
2142	سنة تسع من الهجرة
2142	ذكر غزوة تبوك في رجب منها
2145	فصل فيمن تخلف معذورا من البكائين وغيرهم
2148	فصل
2152	ذكر مروره ﷺ في ذهابه إلى تبوك بمساكن ثمود وصرحتهم بالحجر
2155	ذكر خطبته، ﵊، في تبوك إلى نخلة هناك
2157	ذكر الصلاة على معاوية بن معاوية إن صح الخبر في ذلك
2158	قدوم رسول قيصر إلى رسول الله ﷺ بتبوك
2159	ذكر مصالحته، ﵊، ملك أيلة وأهل جرباء وأذرح وهو مخيم على تبوك قبل رجوعه
2160	بعثه، ﵊، خالد بن الوليد إلى أكيدر دومة
2161	فصل
2165	قصة مسجد الضرار
2166	[قدومه ﷺ المدينة]
2168	حديث كعب بن مالك ﵁
2171	ذكر أقوام تخلفوا من العصاة غير هؤلاء
2172	ذكر ما كان من الحوادث بعد رجوعه ﷺ إلى المدينة منصرفه من تبوك
2174	قدوم وفد ثقيف على رسول الله ﷺ في رمضان من سنة تسع
2181	ذكر موت عبد الله بن أبي قبحه الله
2183	فصل
2184	ذكر بعث رسول الله ﷺ أبا بكر الصديق أميرا على الحج سنة تسع ونزول سورة "براءة"
2187	فصل
2191	كتاب الوفود: الواردين إلى رسول الله ﷺ
2200	حديث في فضل بني تميم
2200	وفد بني عبد القيس
2204	قصة ثمامة ووفد بني حنيفة ومنهم مسيلمة الكذاب
2210	وفد أهل نجران
2216	وفد بني عامر وقصة عامر بن الطفيل وأربد بن قيس
2222	قدوم ضمام بن ثعلبة على رسول الله ﷺ وافدا عن قومه بني سعد بن بكر
2225	فصل
2225	وفد طيئ مع زيد الخيل ﵁
2226	قصة عدي بن حاتم الطائي
2233	قصة دوس والطفيل بن عمرو [الدوسي]
2235	قصة عمان والبحرين
2236	وفود فروة بن مسيك المرادي إلى رسول الله ﷺ
2237	قدوم عمرو بن معد يكرب في أناس من زبيد
2240	قدوم الأشعث بن قيس في وفد كندة
2241	قدوم أعشى بني مازن علي النبي ﷺ
2242	قدوم صرد بن عبد الله الأزدي في نفر من قومه ثم وفود أهل جرش بعدهم
2243	قدوم رسول ملوك حمير إلى رسول الله ﷺ
2246	قدوم جرير بن عبد الله البجلي وإسلامه
2251	وفادة وائل بن حجر بن ربيعة بن وائل بن يعمر الحضرمي أبو هنيدة أحد ملوك اليمن علي رسول الله ﷺ
2252	وفادة لقيط بن عامر المنتفق أبي رزين العقيلي إلى رسول الله ﷺ
2256	وفادة زياد بن الحارث ﵁
2257	وفادة الحارث بن حسان البكري إلي رسول الله ﷺ
2259	وفادة عبد الرحمن بن أبي عقيل مع قومه
2260	قدوم طارق بن عبد الله وأصحابه
2261	قدوم وافد فروة بن عمرو الحذامي، صاحب بلاد معان
2262	قدوم تميم الداري على رسول الله ﷺ في خروج النبي ﷺ وإيمان من آمن به
2263	وفد بني أسد
2264	وفد بني عبس
2264	وفد بني فزارة
2265	وفد بني مرة
2265	وفد بني ثعلبة
2265	وفد بني محارب
2266	وفد بني كلاب
2266	وفد بني رؤاس بن كلاب
2267	وفد بني عقيل بن كعب
2267	وفد بني قشير بن كعب
2268	وفد بني البكاء
2268	وفد كنانة
2269	وفد أشجع
2269	وفد باهلة
2269	وفد بني سليم
2270	وفد بني هلال بن عامر
2271	وفد بني بكر بن وائل
2271	وفد بني تغلب
2272	وفادات أهل اليمن: وفد تجيب
2272	وفد خولان
2272	وفد جعفي
2272	فصل في قدوم الأزد على رسول الله ﷺ
2273	ثم ذكر: وفد كندة
2274	وفد الصدف
2274	وفد خشين
2274	وفد بني سعد
2275	وافد السباع
2277	فصل
2280	سنة عشر من الهجرة
2280	باب بعث رسول الله خالد بن الوليد
2282	بعث رسول الله ﷺ الأمراء إلى أهل اليمن قبل حجة الوداع يدعونهم إلى الله ﷿
2290	باب بعث رسول الله ﷺ علي بن أبي طالب وخالد بن الوليد إلى اليمن قبل حجة الوداع
2298	كتاب حجة الوداع في سنة عشر
2298	باب بيان أنه ﵇ لم يحج من المدينة إلا حجة واحدة، وأنه اعتمر قبلها ثلاث عمر
2301	باب تاريخ خروجه ﵊ من المدينة لحجة الوداع بعدما استعمل عليها أبا دجانة سماك بن خرشة الساعدي، ويقال سباع بن عرفطة الغفاري
2304	باب صفة خروجه ﵊ من المدينة إلى مكة للحج
2307	فصل
2313	باب بيان الموضع الذي أهل منه ﵇، واختلاف الناقلين لذلك، وترجيح الحق في ذلك
2319	باب بسط البيان لما أحرم به ﵊ في حجته هذه من الإفراد والتمتع والقران (ذكر الأحاديث الواردة بأنه ﵊ كان منفردا)
2324	ذكر من قال إنه ﷺ حج متمتعا
2331	ذكر حجة من ذهب إلى أنه ﵇ كان قارنا وسرد الأحاديث في ذلك
2333	رواية أميري المؤمنين عثمان وعلي ﵄
2342	حديث البراء بن عازب في القران
2342	رواية جابر بن عبد الله ﵄
2343	طريق أخرى عن جابر
2344	رواية أبي طلحة زيد بن سهل الأنصاري ﵁
2345	رواية سراقة بن مالك بن جعشم
2345	رواية سعد: بن أبي وقاص عن النبي ﷺ أنه تمتع بالحج إلى العمرة وهو القران
2346	رواية عبد الله بن أبي أوفى
2346	رواية عبد الله بن عباس في ذلك
2347	رواية عبد الله بن عمر ﵄
2348	رواية عبد الله بن عمرو ﵄
2349	رواية عمران بن حصين ﵁
2350	رواية الهرماس بن زياد الباهلي
2350	رواية حفصة بنت عمر أم المؤمنين ﵄
2351	رواية عائشة أم المؤمنين ﵂
2354	فصل
2357	ذكر مستند من قال: إنه ﵊ أطلق الإحرام ولم يعين حجا ولا عمرة أولا، ثم بعد ذلك إلى معين
2360	ذكر تلبية سول الله ﷺ
2365	فصل
2370	ذكر الأماكن التي صلى فيها رسول الله ﷺ وهو ذاهب من المدينة إلى مكة في عمرته وحجته
2373	باب دخول النبي ﷺ إلى مكة شرفها الله ﷿ وعظمها
2376	صفة طوافه صلوات الله وسلامه عليه
2383	ذكر رمله ﵊ في طوافه واضطباعه
2390	ذكر طوافه ﷺ بين الصفا والمروة
2400	فصل
2402	فصل
2403	فصل
2405	فصل
2415	فصل فيما حفظ من دعائه ﵊، وهو واقف بعرفة
2420	ذكر ما نزل على رسول الله ﷺ (٤) من الوحي المنيف (٤) في هذا الموقف الشريف
2421	ذكر إفاضته ﵊ من عرفات إلى المشعر الحرام
2428	فصل
2431	ذكر تلبيته ﵊ بالمزدلفة
2431	فصل في وقوفه ﵊ بالمشعر الحرام، ودفعه من المزدلفة قبل طلوع الشمس، وإيضاعه في وادي محسر
2435	ذكر رميه ﵊ جمرة، العقبة وحدها يوم النحر، وكيف رماها ومتى رماها، ومن أي موضع وماها (وبكم رماها) وقطعه التلبية حين رماها
2440	فصل
2442	صفة حلقه رأسه الكريم عليه أفضل الصلاة والتسليم
2443	فصل
2445	ذكر إفاضته ﷺ إلى البيت العتيق
2449	فصل
2450	فصل
2459	فصل
2461	فصل فيما ورد من الأحاديث الدالة على أنه ﵊ خطب بمنى في اليوم الثاني من أيام التشريق وهو أوسطها
2464	ذكر إيراد حديث فيه أن رسول الله ﷺ كان يزور البيت في كل ليلة من ليالي منى
2465	فصل
2470	فصل
2472	فصل
2482	سنة إحدى عشرة من الهجرة
2495	فصل في الآيات والأحاديث المنذرة بوفاة رسول الله ﷺ وكيف ابتدئ رسول الله ﷺ بمرضه الذي مات فيه
2504	ذكر الأحاديث الواردة في ذلك
2508	ذكر أمره ﵊، أبا بكر الصديق، ﵁ أن يصلي بالصحابة أجمعين مع حضورهم كلهم وخروجه ﵊، فصلى وراءه مقتديا به في بعض الصلوات على ما سنذكره وإماما له ولمن بعده من الصحابة
2515	فائدة
2516	(فصل في كيفية) احتضاره ووفاته ﵊
2527	فصل في ذكر أمور مهمة وقعت بعد وفاته ﷺ وقبل دفنه ﵊
2528	قصة سقيفة بني ساعدة
2531	ذكر اعتراف سعد بن عبادة بصحة ما قاله الصديق يوم السقيفة
2536	فصل
2542	فصل في ذكر الوقت الذي توفي فيه رسول الله ﷺ ومبلغ سنه حال وفاته، وفي كيفية غسله ﵊، وتكفينه، والصلاة عليه ودفنه، وموضع قبره صلوات الله وسلامه عليه
2551	صفة غسله ﵊
2554	صفة كفنه ﵊
2558	كيفية الصلاة عليه ﷺ
2560	صفة دفنه ﵊ وأين دفن (وذكر الخلاف في دفنه ليلا كان أو نهارا)
2567	آخر الناس به عهدا ﵊
2568	متى وقع دفنه ﵊
2570	فصل فى صفة قبره ﵊
2572	ذكر ما أصاب المسلمين من المصيبة بوفاته ﷺ
2577	ذكر ما ورد من التعزية به ﵊
2579	فصل فيما روي من معرفة أهل الكتاب بيوم وفاته ﷺ
2581	فصل
2582	فصل
2585	باب بيان أن النبي ﷺ لم يترك دينارا ولا درهما ولا عبدا ولا أمة، ولا شاة ولا بعيرا ولا شيئا يورث عنه، بل أرضا جعلها كلها صدقة لله ﷿، فإن الدنيا بحذافيرها كانت أحقر عنده -كما هي عند الله- من أن يسعى لها أو يتركها بعده ميراثا، صلوات الله وسلامه عليه، وعلى إخوانه من النبيين والمرسلين، وسلم تسليما كثيرا دائما إلى يوم الدين
2589	باب بيان أنه ﵊ قال: "لا نورث"
2592	بيان رواية الجماعة لما رواه الصديق وموافقتهم على ذلك
2596	فصل
2598	أبواب
2598	باب ذكر زوجاته صلوات الله وسلامه عليه وأولاده ﷺ
2610	فصل فيمن خطبها ﵊ ولم يعقد عليها
2613	فصل في ذكر سراريه ﵊
2619	فصل في ذكر أولاده عليه وعليهم الصلاة والسلام
2626	باب ذكر عبيده. ﵊ وإمائه وذكر خدمه وكتابه وأمنائه (مع مراعاة الحروف في أسمائهم وفي ذكر بعض ما ذكر من أنبائهم)
2658	فصل وأما خدامه ﷺ الذين خدموه من الصحابة من غير مواليه
2671	فصل أما كتاب الوحي وغيره بين يديه، صلوات الله وسلامه عليه، ورضي عنهم أجمعين
2694	فصل
2697	باب (ما يذكر من) آثار النبي ﷺ التي كان يختص بها في حياته، من ثياب وسلاح ومراكب (وغير ذلك) (مما جرى في مجراه، وينتظم في معناه) ذكر الخاتم الذي كان يلبسه ﵊ (ومن أي شيء كان من الأجسام)
2697	ذكر الخاتم الذي كان يلبسه ﵊ (ومن أي شيء كان من الأجسام)
2699	باب في ترك الخاتم
2702	ذكر سيفه ﵊
2704	ذكر نعله التي كان يمشي فيها ﵊
2706	صفة قدح النبي ﷺ
2706	(ذكر ما ورد في) في المكحلة التي كان ﵊ يكتحل منها
2707	البردة
2708	ذكر أفراسه ومراكيبه ﵊
2715	كتاب الشمائل شمائل رسول الله ﷺ وبيان خلقه الظاهر وخلقه الطاهر
2715	باب ما ورد في حسنه الباهر
2719	صفة لون رسول الله ﷺ
2723	صفة وجه رسول الله ﷺ وذكر محاسنه فرقه وجبينه وحاجبيه وعينيه وأنفه وفمه وثناياه وما جرى مجرى ذلك من محاسن طلعته ومحياه
2733	ذكر شعره ﵊
2737	ذكر ما ورد في منكبيه وساعديه وإبطيه وقدميه وكعبيه
2740	صفة قوامه ﵊ وطيب رائحته
2746	صفة خاتم النبوة الذي بين كتفيه صلوات الله وسلامه عليه
2750	باب جامع لأحاديث متفرقة وردت في صفة رسول الله ﷺ
2752	حديث أم معبد في ذلك
2755	حديث هند بن أبي هالة في ذلك
2760	باب ذكر أخلاقه وشمائله الطاهرة ﷺ
2775	ذكر كرمه ﵊
2781	ذكر مزاحه ﵊
2784	باب زهده ﵊ وإعراضه عن هذه الدار (وإقباله واجتهاده وعمله لدار القرار)
2800	فصل عبادته ﵊ واجتهاده في ذلك
2804	فصل في شجاعته ﵊
2805	فصل فيما يذكر من صفاته ﵊ في الكتب المأثور عن الأنبياء الأقدمين
2812	كتاب دلائل النبوة
2818	فصل من الدلائل المعنوية
2823	باب (وأما) دلائل النبوة الحسية (-أعني المشاهدة بالأبصار- فسماوية وأرضية)
2832	فصل في إيراد هذا الحديث من أماكن متفرقة
2841	استسقاء الرسول ﷺ
2849	فصل وأما المعجزات الأرضية
2860	باب ما ظهر في البئر التي كانت بقباء من بركته ﷺ
2860	باب تكثيره ﵊ الأطعمة
2863	تكثيره ﵊ السمن لأم سليم
2865	ذكر ضيافة أبي طلحة الأنصاري رسول الله ﷺ
2866	طريق آخر عن أنس بن مالك ﵁
2867	طريق أخرى عن أنس بن مالك
2867	طريق أخرى
2867	طريق أخرى عن أنس
2868	طريق أخرى عن أنس
2869	طريق أخرى عن أنس
2870	طريق أخرى عن أنس
2870	طريق أخرى
2871	طريق أخرى
2872	حديث آخر عن أنس في معنى ما تقدم
2873	حديث آخر عن أبي هريرة في ذلك
2873	حديث آخر عن أبي أيوب في ذلك
2874	قصة أخرى في تكثير الطعام في بيت فاطمة
2875	قصة أخرى في بيت رسول الله ﷺ
2875	قصة قصعة بيت الصديق
2876	حديث آخر عن عبد الرحمن بن أبي بكر في هذا المعنى
2877	حديث آخر في تكثير الطعام في السفر
2878	حديث آخر في هذه القصة
2879	حديث آخر في هذه القصة
2879	حديث آخر عن عمر بن الخطاب في هذه القصة
2880	حديث آخر عن سلمة بن الأكوع في ذلك
2881	قصة جابر ودين أبيه وتكثيره ﵊ التمر
2882	قصة سلمان في تكثيره ﷺ تلك القطعة من الذهب لوفاء دينه في مكاتبته
2882	ذكر مزود أبي هريرة وتمره
2882	طريق أخرى عنه
2883	طريق أخرى عن أبي هريرة في ذلك
2884	طريق أخرى عن عبد الملك بن عمرو العقدي
2884	حديث عن العرباض بن سارية في ذلك رواه الحافظ ابن عساكر في ترجمته من طريق محمد بن عمر الواقدي
2888	حديث الذراع
2891	باب انقياد الشجر لرسول الله ﷺ
2895	باب حنين الجذع، شوقا إلى رسول الله، وشغفا من فراقه
2906	باب تسبيح الحصى في كفه ﵊
2910	باب ما يتعلق بالحيوانات من دلائل النبوة قصة البعير الناد وسجوده له وشكواه إليه
2911	رواية ابن عباس
2921	حديث في سجود الغنم له ﷺ
2921	قصة الذئب، وشهادته بالرسالة
2927	قصة الوحش الذي كان في بيت النبي ﷺ وكان يحترمه ﵊ ويوقره ويجله
2927	قصة الأسد
2928	حديث الغزالة
2930	حديث الضب على ما فيه من النكارة والغرابة
2932	حديث الحمار
2933	حديث الحمرة، وهي طائر مشهور
2934	(باب ما جاء في إضاءة عصا الرجلين من أصحاب النبي ﷺ حين خرجا من عنده)
2937	حديث فيه كرامة لولي من هذه الأمة
2938	قصة أخرى مع قصة العلاء بن الحضرمي
2941	قصة زيد بن خارجة وكلامه بعد الموت
2944	باب في كلام الأموات وعجائبهم
2944	حديث غريب جدا
2946	قصة الصبي الذي كان يصرع فدعا له ﵊ فبرأ
2961	فصل
2964	طريق أخوى عن أنس
2964	باب المسائل التي سئل عنها رسول الله ﷺ فأجاب عنها بما يطابق الحق الموافق لها في الكتب الموروثة عن الأنبياء
2969	فصل
2969	حديث آخر: يتضمن اعتراف اليهود بأنه رسول الله ﷺ ويتضمن تحاكمهم إليه، ولكن بقصد منهم مذموم
2972	فصل
2978	حديث في جوابه ﵊ لمن سأل عما سأل، قبل أن يسأله عن شيء منه
2978	باب ما أخبر به ﷺ من الكائنات المستقبلة في حياته وبعده فوقعت طبق ما أخبر به سواء بسواء
2983	فصل
2991	فصل في الإخبار بغيوب ماضية ومستقبلة
2992	فصل في ترتيب الإخبار بالغيوب المستقبلة بعده ﵊
3009	ومن كتاب دلائل النبوة في باب إخباره ﵊ عن الغيوب المستقبلة
3018	حديث آخر
3019	ذكر إخباره ﷺ عن الفتن الواقعة في آخر أيام عثمان بن عفان وفي خلافة علي بن أبي طالب ﵄
3031	ذكر إخباره ﵊ عن خروج الخوارج، وعلامتهم بالرجل المخدج ذي الثدية، فوجد ذلك في خلافة علي بن أبي طالب ﵁
3034	إخباره ﷺ بمقتل علي بن أبي طالب فكان كما أخبر
3036	ذكر إخباره ﵊ بذلك، وسيادة ولده الحسن بن علي في تركه الأمر من يده، وإعطائه ذلك الأمر لمعاوية، ما كان سواه يقوم بأعبائه
3040	إخباره ﵊ عن غزوة البحر إلى قبرص التي كانت في أيام أمير المؤمنين عثمان بن عفان ﵁
3041	باب ما قيل في غزو الروم
3041	الإخبار عن غزوة الهند
3042	فصل في الإخبار عن قتال الترك كما سنبينه إن شاء الله
3044	خبر عبد الله بن سلام
3045	الإخبار عن موت ميمونة بنت الحارث بسرف
3045	ما روي في إخباره عن مقتل حجر بن عدي وأصحابه
3046	خبر آخر
3047	خبر رافع بن خديج
3048	ذكر إخباره ﵊ لما وقع من الفتن من بني هاشم بعد موته وغير ذلك
3051	الإخبار بمقتل الحسين بن علي ﵄
3056	ذكر الإخبار عن وقعة الحرة التي كانت في زمن يزيد أيضا
3059	معجزة أخرى
3060	فصل
3064	ذكر الإشارة النبوية إلى دولة عمر بن عبد العزيز تاج بني أمية
3066	حديث آخر في صحته نظر، في ذكر وهب بن منبه بالمدح، وذكر غيلان بالذم
3066	الإشارة إلى محمد بن كعب القرظي وعلمه بتفسير القرآن وحفظه
3067	ذكر الإخبار بانخرام قرنه ﵊ بعد مئة سنة من ليلة إخباره فكان كما أخبر
3067	حديث آخر
3068	الإخبار عن الوليد بما فيه له من الوعيد الشديد وإن صح فهو الوليد بن يزيد لا الوليد بن عبد الملك
3069	حديث آخر
3071	ذكر الإخبار عن خلفاء بني أميه جملة من جملة والإشارة إلى مدة دولتهم
3073	ذكر الإخبار عن دولة بني العباس وكان أول ظهورهم من خراسان بالرايات السود سنة اثنتين وثلاثين ومئة
3078	ذكر الإخبار عن الأئمة الاثني عشر الذين كلهم من قريش
3081	ذكر الإخبار عن أمور وقعت في دولة بني العباس إلى زماننا هذا
3082	حديث آخر فيه إشارة إلى مالك بن أنس الإمام
3082	حديث آخر فيه إشارة إلى محمد بن إدريس الشافعي
3083	حديث آخر
3085	حديث آخر
3086	حديث آخر
3087	حديث آخر
3088	حديث آخر
3089	حديث آخر
3090	باب التنبيه على ذكر معجزات لرسول الله ﷺ مماثلة لمعجزات جماعة من الأنبياء قبله، وأعلى منها، خارجة عما اختص به من المعجزات العظيمة التي لم يكن لأحد قبله منهم ﵈
3093	القول فيما أوتي نوح ﵇
3095	قصة أخرى تشبه قصة العلاء بن الحضرمي
3095	قصة أخرى شبيهة بذلك
3102	القول فيما أوتي هود ﵇
3102	القول فيما أوتي صالح ﵇
3103	القول فيما أوتي إبراهيم الخليل ﵇
3112	القول فيما أوتي موسى ﵇ من الآيات البينات
3121	قصة أبي مسلم الخولاني
3122	باب فيما أعطي رسول الله ﷺ وما أعطي الأنبياء قبله
3123	قصة حبس الشمس
3125	القول فيما أعطي إدريس ﵇ من الرفعة التي نوه الله بذكرها، فقال: ﴿ورفعناه مكانا عليا﴾ [مريم: ٥٧]
3129	القول فيما أوتي داود ﵇
3131	القول فيما أوتي سليمان بن داود ﵇
3136	القول فيما أوتي عيسى ابن مريم ﵇
3138	قصة أخرى
3141	قصة الأعمى الذي رد الله عليه بصره بدعاء الرسول ﷺ
3142	قصة أخرى
3150	٣ - تاريخ الإسلام
3151	سنة إحدى عشرة من الهجرة
3151	كتاب تاريخ الإسلام الأول من الحوادث الواقعة في الزمان، ووفيات المشاهير والأعيان
3151	الخلفاء الراشدون
3151	خلافة أبي بكر الصديق ﵁ وما فيها من الحوادث
3155	فصل في تنفيذ جيش أسامة بن زيد
3157	مقتل الأسود العنسي، المتنبئ الكذاب
3158	صفة خروجه وتمليكه ومقتله
3160	خروج الأسود العنسي
3163	فصل في تصدي الصديق لقتال أهل الردة ومانعي الزكاة
3168	خروجه إلى ذي القصة حين عقد ألوية الأمراء الأحد عشر
3170	فصل في مسيرة الأمراء من ذي القصة على ما عوهدوا عليه
3173	وقعة أخرى
3173	قصة الفجاءة
3174	قصة سجاح وبني تميم
3176	فصل في خبر مالك بن نويرة اليربوعي التميمي
3178	مقتل مسيلمة الكذاب لعنه الله
3183	ذكر ردة أهل البحرين وعودهم إلي الإسلام
3187	ذكر ردة أهل عمان ومهر اليمن
3189	ذكر من توفي في هذه السنة
3207	سنة اثنتي عشرة من الهجرة النبوية
3208	بعث خالد بن الوليد إلى العراق
3212	[وقعة المذار]
3213	[ذكر وقعة الولجة]
3214	[وقعة أليس]
3215	فصل
3218	فتح خالد للأنبار، وتسمى هذه الغزوة ذات العيون
3219	وقعة عين التمر
3221	خبر دومة الجندل
3222	خبر وقعتي الحصيد والمصبخ
3224	وقعة الفراض
3225	فصل فيما كان من الحوادث في هذه السنة
3226	فصل فيمن توفي في هذه السنة
3228	سنة ثلاث عشرة من الهجرة
3231	وقعة اليرموك
3245	انتقال إمرة الشام من خالد إلى أبي عبيدة [في الدولة العمرية وذلك] بعد وقعة اليرموك وصيرورة الإمرة بالشام إلى أبي عبيدة أول من سمي أمير الأمراء
3246	وقعة جرت بالعراق بعد مجيء خالد إلى الشام
3248	خلافة عمر بن الخطاب ﵁ وأرضاه
3250	[ذكر فتح دمشق]
3252	[الكنائس التي تركت لأهل دمشق]
3254	[متى فتحت دمشق]
3255	فصل: [هل فتحت دمشق صلحا أو عنوة]
3256	[هل كان إمداد خالد زمن أبي بكر أم زمن عمر]
3256	[بعثناه بريدا فعاد أميرا]
3257	[مسألة فقهية في المسح على الخفين]
3257	فصل: [فتح البقاع وبيروت وتدمر]
3258	[فتح سائر مدن دمشق صلحا]
3258	وقعة فحل [بكسر الفاء، وقيل والحاء، والصحيح تسكينها]
3259	[فصل فيـ]ــــــما وقع بأرض العراق آنذاك من القتال
3260	وقعة النمارق
3262	وقعة جسر أبي عبيد ومقتل أمير المسلمين وخلق كثير منهم
3264	وقعة البويب التي اقتص فيها المسلمون من الفرس
3265	فصل
3265	ذكر اجتماع الفرس على يزدجرد بعد اختلافهم
3266	[ذكر] ما وقع [في هذه السنة - أعني] سنة ثلات عشرة من الحوادث [إجماعا ومن توفي من الأعيان]
3268	ذكر المتوفين في هذه السنة مرتبين على الحروف كما ذكرهم [شيخنا] الحافظ الذهبي [في تاريخه]
3274	سنة أربع عشرة من الهجرة
3278	[فصل في] غزوة القادسية
3279	[رستم والمغيرة بن شعبة]
3280	[رستم وربعي بن عامر]
3284	فصل
3293	ذكر من توفي في هذا العام من المشاهير [والأعيان]
3295	وممن ذكر شيخنا أبو عبد الله الذهبي من المستشهدين في هذه السنة مرتبين على الحروف
3298	ثم دخلت سنة خمس عشرة
3298	[وقعة مرج الروم]
3298	وقعة حمص الأولى
3299	وقعة قنسرين
3301	وقعة قيسارية
3301	وقعة أجنادين
3302	[دخل عمر الشام أربع مرات]
3303	فتح بيت المقدس على يدي عمر بن الخطاب
3310	بهرسير
3311	من توفي في هذه السنة مرتبين على الحروف
3314	ثم دخلت سنة ست عشرة
3315	ذكر فتح المدائن [التي هي مستقر ملك كسرى]
3321	وقعة جلولاء
3324	ذكر فتح حلوان
3324	فتح تكريت والموصل
3326	فتح ماسبذان من أرض العراق
3326	فتح قرقيسياء وهيت في هذه السنة
3327	[وضع عمر ﵁ التأريخ الهجري]
3329	ثم دخلت سنة سبع عشرة
3330	قصة أبي عبيدة وحصر الروم له بحمص وقدوم عمر إلى الشام [أيضا لينصره]
3331	فتح الجزيرة
3331	[قدوم عمر ﵁ إلى الشام]
3333	[ذكر] شيء من أخبار طاعون عمواس
3336	كائنة غريبة فيها عزل خالد عن قنسرين أيضا
3338	[ذكر خبر عزل المغيرة بن شعبة عن البصرة وولاية أبي موسى]
3339	فتح الأهواز ومناذر ونهرتيري
3340	فتح تستر المرة الأولى صلحا
3341	ذكر غزو (بلاد) فارس من ناحية البحرين (عن) ابن جرير عن سيف
3342	ذكر فتح تستر ثانية [عنوة والسوس ورامهرمز] وأسر الهرمزان وبعثه إلى عمر بن الخطاب ﵁
3345	فتح السوس
3348	ثم دخلت سنة ثماني عشرة
3353	وقال الواقدي: وفيها كان طاعون عمواس
3353	وهذا ذكر طائفة من أعيانهم ﵃
3353	الحارث بن هشام
3354	شرحبيل ابن حسنة
3354	عامر بن عبد الله بن الجراح
3355	الفضل بن عباس بن عبد المطلب
3355	معاذ بن جبل
3356	يزيد بن أبي سفيان
3357	أبو جندل بن سهيل بن عمرو
3357	أبو عبيدة بن الجراح
3357	أبو مالك الأشعري
3357	ثم دخلت سنة تسع عشرة
3359	(ذكر من توفي فيها من الأعيان)
3360	سنة عشرين من الهجرة
3360	صفة فتح [بلاد] مصر [مجموعا من كلام] ابن إسحاق وسيف [وغيرهما]
3363	قصة نيل مصر
3366	ذكر المتوفين [في هذه السنة] من الأعيان
3371	ثم دخلت سنه إحدى وعشرين
3371	وكانت وقعة نهاوند [وفتحها على المشهور]
3380	[فتح أصبهان]
3381	ذكر من توفي [في هذه السنة -أعني] سنة إحدى وعشرين-
3392	ثم دخلت سنة اثنتين وعشرين
3394	فتح الري
3394	فتح قومس
3394	فتح جرجان
3394	وهذا فتح أذربيجان
3395	فتح الباب
3396	أول غزو الترك
3397	قصة السد
3398	بقية من خبر السد
3400	قصة يزدجرد بن شهريار بن كسرى [الذي كان ملك الفرس]
3400	[غزو المسلمين بلاد] خراسان مع الأحنف بن قيس
3404	ثم دخلت سنة ثلاث وعشرين
3405	فتح فسا ودارابجرد وقصة سارية بن زنيم
3406	[فتح كرمان وسجستان ومكران]
3407	غزة الأكراد
3408	خبر سلمة بن قيس الأشجعي والأكراد
3409	[وفاة عمر بن الخطاب ﵁]
3413	[تسمية عمر أمير المؤمنين]
3416	صفته ﵁
3416	ذكر زوجاته وأبنائه وبناته
3418	ذكر بعض ما رثي به
3420	[قتادة بن النعمان الأنصاري الأوسي]
3426	سنة أربع وعشرين
3426	خلافة أمير المؤمنين عثمان بن عفان ﵁ ثي استهلت سنة أربع وعشرين [من الهجرة النبوية]
3433	ثم دخلت سنة خمس وعشرين
3434	ثم دخلت سنة ست وعشرين
3434	ثم دخلت سنة سبع وعشرين
3435	غزوة إفريقية
3435	غزوة الأندلس
3435	وقعة جرجير والبربر مع المسلمين
3436	ثم دخلت سنة ثمان وعشرين
3436	فتح قبرص
3437	ثم دخلت سنة تسع وعشرين
3438	سنة ثلاثين من الهجرة النبوية
3440	فصل
3442	ثم دخلت سنة إحدى وثلاثين
3443	كيفية قتل كسرى ملك الفرس وهو يزدجرد
3445	ثم دخلت سنة ثنتين وثلاثين
3447	ذكر من توفي من الأعيان في هذه السنة
3454	ثم دخلت سنة ثلاث وثلاثين
3455	ثم دخلت سنة أربع وثلاثين
3460	ثم دخلت سنة خمس وثلاثين
3465	ذكر مجيء الأحزاب إلى عثمان للمرة الثانية من مصر [وغيرها في شوال من هذه السنة]
3469	ذكر حصر أمير المؤمنين عثمان بن عفان ﵁
3470	طريق أخرى
3471	طريق أخرى
3472	طريق أخرى
3473	طريق أخرى
3477	فصل
3480	صفة قتله ﵁
3488	فصل
3489	فصل
3492	ذكر صفته ﵁
3493	فصل
3494	طريق أخرى عنه
3499	وهذا ذكر بعض ما رثي به ﵁
3501	فصل
3503	بعض الأحاديث الواردة في فضائل [أمير المؤمنين] عثمان بن عفان
3506	الأول: فيما ورد في فضائله مع غيره
3507	حديث آخر
3509	حديث آخر
3509	طريق أخرى عن حفصة
3510	طريق أخرى عن ابن عباس
3510	طريق أخرى عن ابن عمر
3511	حديث آخر
3512	حديث آخر
3513	حديث آخر
3513	طريق أخرى عن ابن عمر ﵄
3513	طريق أخرى عن ابن عمر بلفظ آخر
3514	القسم الثاني فيما ورد من فضائله وحده
3515	طريق أخرى
3515	حديث آخر
3516	حديث آخر
3517	طريق أخرى
3518	حديث آخر
3519	حديث آخر
3519	طريق أخرى
3521	حديث آخر
3522	حديث آخر
3522	حديث آخر عن طلحة
3523	حديث آخر
3524	حديث آخر
3525	حديث آخر
3525	[فصل في] ذكر شيء من سيرته وهي دالة على فضيلته
3528	[فصل في ذكر] شيء من خطبه
3529	فصل
3530	فصل: [من مناقبه]
3532	ذكر زوجاته وبنيه وبناته ﵃
3533	فصل
3534	فصل في ذكر من توفي في زمان دولة عثمان ممن لا يعرف وقت وفاته على التعيين [على ما ذكره شيخنا أبو عبد الله الذهبي]
3540	خلافة أمير المؤمنين علي بن أبي طالب ﵁
3545	ذكر بيعة علي ﵁ بالخلافة
3549	ثم دخلت سنة ست وثلاثين من الهجرة
3550	ابتداء وقعة الجمل
3555	[ذكر] مسير [أمير المؤمنين] علي بن أبي طالب من المدينة إلى البصرة بدلا من [مسيره إلى] الشام
3571	فصل
3573	فصل
3579	وفي هذه السنة أعني سنة ست وثلاثين
3582	فصل في [ذكر وقعة صفين] بين أهل العراق [من أصحاب علي] وبين أهل الشام [من أصحاب معاوية]
3589	ثم دخلت سنة سبع وثلاثين
3601	مقتل عمار بن ياسر ﵁
3610	[ذكر] رفع أهل الشام المصاحف
3615	قصة التحكيم
3618	[ذكر] خروج الخوارج
3620	فصل
3623	اجتماع الحكمين أبي موسى وعمرو بن العاص بدومة الجندل
3627	[ذكر] خروج الخوارج من الكوفة ومبارزتهم عليا [بالعداوة والمخالفة وقتال علي إياهم وما روي في ذلك من الأحاديث]
3631	[ذكر] مسير أمير المؤمنين علي إلى الخوارج
3635	ما ورد فيهم من الأحاديث الشريفة
3635	الطريق الأولى
3636	طريق أخرى عن علي
3637	طريق أخرى
3637	طريق أخرى عن علي
3638	طريق أخرى
3639	طريق أخرى
3640	طريق أخرى
3641	طريق أخرى
3642	طريق أخرى
3644	الحديث الثاني (عن ابن مسعود ﵁
3644	الحديث الثالث عن أنس بن مالك
3645	طريق أخرى
3645	(الحديث الرابع عن جابر بن عبد الله)
3647	حديث (رافع) بن عمرو الأنصاري مع حديث أبي ذر ﵄ الحديث الخامس عن سعد بن أبي وقاص
3648	الحديث السادس عن أبي سعيد سعد بن مالك بن سنان الأنصاري وله طرق (عنه) الأولى منها
3648	الطريق الثاني
3649	الطريق الثالث
3649	الطريق الرابع
3650	الطريق الخامس
3651	الطريق السادس
3651	الطريق السابع
3653	الطريق الثامن
3653	الحديث الثامن عن سلمان الفارسي
3654	الحديث التاسع عن سهل بن حنيف الأنصاري
3655	الحديث العاشر عن ابن عباس
3655	الحديث الحادي عشر عن ابن عمر
3656	الحديث الثاني عشر عن عبد الله بن عمرو
3656	الحديث الثالث عشر عن أبي ذر
3657	الحديث الرابع عشر عن (أم المؤمنين) عائشة
3658	حديث آخر عن رجلين من الصحابة
3659	حديث [آخر] في مدح علي ﵁ على قتاله الخوارج
3661	حديث ابن مسعود في ذلك
3661	حديث [آخر عن] أبي سعيد في ذلك
3661	حديث أبي أيوب في ذلك
3662	فصل
3665	فصل
3666	فصل
3667	ذكر من توفي [في هذه السنة] من الأعيان
3671	ثم دخلت سنة ثمان وثلاثون
3677	فصل
3678	ذكر من توفي في هذه السنة من الأعيان
3680	ثم دخلت سنة تسع وثلاثين
3683	ذكر من توفي في هذه السنة من الأعيان
3684	سنة أربعين من الهجرة [النبوية]
3685	ذكر مقتل أمير المؤمنين علي بن أبي طالب وما ورد [في ذلك] من الأحاديث النبوية [وما في ذلك من دلائل النبوة] من الأخبار بمقتله وكيفيته
3686	طريق أخرى
3687	طريق أخرى عنه
3687	طريق أخرى
3687	طريق أخري عن علي
3688	طريق أخرى عنه
3688	حديث آخر في ذلك
3689	حديث آخر في معنى ذلك
3689	صفة مقتله ﵁
3696	[فصل في] ذكر زوجاته وبنيه وبناته ﵃
3699	[باب ذكر] شيء من فضائل (أمير المؤمنين) علي بن أبي طالب ﵁
3703	حديث المؤاخاة
3706	رواية بريدة بن الحصيب
3706	رواية عبد الله بن عمر
3707	رواية ابن عباس
3708	وفي رواية عمران
3708	رواية أبي سعيد في ذلك
3709	رواية علي بن أبي طالب ﵁ في ذلك
3709	رواية سعد بن أبي وقاص في ذلك
3712	رواية عمر ﵁ في ذلك
3712	رواية ابن عمر ﵄
3713	تزويجه فاطمة الزهراء ﵂
3714	حديث آخر
3714	ورواه سعد بن أبي وقاص
3714	طريق أخرى عن سعد
3715	حديث آخر
3720	حديث غدير خم
3724	حديث الطير
3729	حديث آخر في فضل علي
3730	حديث آخر
3732	[حديث آخر]
3733	حديث آخر
3733	حديث آخر في رد الشمس
3734	حديث آخر
3735	حديث آخر
3736	حديث آخر
3736	حديث الصدقة بالخاتم وهو راكع
3737	حديث آخر
3738	حديث آخر
3739	حديث آخر
3740	حديث آخر
3740	حديث آخر في معناه
3741	حديث آخر
3742	فصل في ذكر شيء من سيرته [العادلة وطريقته] الفاضلة ومواعظه وقضاياه الفاصلة وخطبه [الكاملة] وحكمه التي هي إلى القلوب واصلة
3747	ومن كلامه الحسن ﵁
3755	غريبة من الغرائب وآبدة من الأوابد
3761	خلافة الحسن بن علي ﵁ [وعن أبيه وعن أمه]
3766	سنة إحدى وأربعين من الهجرة النبوية
3766	ذكر أيام معاوية بن أبي سفيان [﵁] وملكه
3768	فضل معاوية [بن أبي سفيان ﵁]
3769	خروج طائفة من الخوارج عليه
3773	ثم دخلت سنة ثنتين وأربعين
3774	ثم دخلت سنة ثلاث وأربعين
3780	ثم دخلت سنة أربع وأربعين
3783	ثم دخلت سنة خمس وأربعين
3787	ثم دخلت سنة ست وأربعين
3789	ثم دخلت سنة سبع وأربعين
3791	ثم دخلت سنة ثمان وأربعين
3792	ثم دخلت سنة تسع وأربعين
3814	ثم دخلت سنة خمسين من الهجرة
3824	ثم دخلت سنة إحدى وخمسين
3839	ثم دخلت سنة ثنتين وخمسين
3839	ذكر من توفي فيها من الأعيان
3845	ثم دخلت سنة ثلاث وخمسين
3853	ثم دخلت سنة أربع وخمسين
3862	ثم دخلت سنة خمس وخمسين
3862	ذكر من توفي في هذه السنة من الأعيان
3875	ثم دخلت سنة ست وخمسين
3879	ثم دخلت سنة سبع وخمسين
3879	ثم دخلت سنة ثمان وخمسين
3880	قصة غريبة
3882	ذكر من توفي من الأعيان في هذا العام
3891	قصته مع ليلى بنت الجودي ملك عرب الشام
3898	ثم دخلت سنة تسع وخمسين
3899	قصة يزيد بن ربيعة بن مفرغ الحميري مع ابني زياد: عبيد الله وعباد
3901	ذكر من توفي في هذه السنة من الأعيان
3910	وممن توفي في هذه السنة
3929	سنة ستين من الهجرة النبوية
3932	وهذه ترجمة معاوية وذكر شيء من أيامه وما ورد في مناقبه وفضائله
3970	ذكر من تزوج من النساء ومن ولد له
3972	فصل
3973	إمارة يزيد بن معاوية وما جرى في أيامه
3978	قصة الحسين بن علي وسبب خروجه [بأهله] من مكة [إلى العراق] في طلب الإمارة وكيفية مقتله
3989	صفة مخرج الحسين إلى العراق
4006	ثم دخلت سنة إحدى وستين
4006	وهذه صفة مقتله مأخوذة من كلام أئمة هذا الشأن لا كما يزعمه أهل التشيع من الكذب الصريح والبهتان
4039	فصل
4046	وأما قبر الحسين ﵁
4046	وأما رأس الحسين ﵁
4047	فصل في ذكر شيء من فضائله
4054	فصل في شيء من أشعاره التي رويت عنه
4057	ومما وقع من الحوادث في هذه السنة -أعني سنة إحدى وستين- بعد مقتل الحسين
4059	ذكر من توفي فيها من الأعيان
4063	ثم دخلت سنة اثنتين وستين
4068	ثم دخلت سنة ثلاث وستين
4068	وقعة الحرة
4078	ثم دخلت سنة أربع وستين
4081	وهذه ترجمة يزيد بن معاوية
4094	ذكر أولاد يزيد بن معاوية وعددهم
4095	إمارة معاوية بن يزيد بن معاوية
4097	إمارة عبد الله بن الزبير وعند ابن حزم وطائفة أنه أمير المؤمنين آنذاك
4098	ذكر بيعة مروان بن الحكم
4101	وقعة مرج راهط ومقتل الضحاك بن قيس الفهري
4112	ذكر هدم الكعبة وبنائها في أيام ابن الزبير
4114	ثم دخلت سنة خمس وستين
4116	وقعة عين وردة
4121	ترجمة مروان بن الحكم
4128	خلافة عبد الملك بن مروان
4134	ثم دخلت سنة ست وستين
4139	فصل
4142	مقتل شمر بن ذي الجوشن أمير السرية التي قتلت حسينا
4144	مقتل خولي بن يزيد الأصبحي الذي احتز رأس الحسين
4145	مقتل عمر بن سعد بن أبي وقاص أمير الذين قتلوا الحسين
4149	فصل
4151	فصل
4156	ثم دخلت سنة سبع وستين
4158	وهذه ترجمة ابن زياد
4163	مقتل المختار بن أبي عبيد الكذاب
4166	وهذه ترجمة المختار بن أبي عبيد الثقفي
4170	فصل
4172	ثم دخلت سنة ثمان وستين
4174	وممن توفي في هذه السنة من الأعيان
4179	ذكر صفة أخرى لرؤيته جبريل
4189	فصل
4191	صفة ابن عباس ﵁
4192	وممن توفي في هذه السنة
4193	ثم دخلت سنة تسع وستين
4198	وهذه ترجمة الأشدق
4200	وممن توفي فيها من الأعيان أيضا
4201	وممن توفي فيها من الأعيان
4202	ثم دخلت سنة سبعين من الهجرة
4202	وممن توفي فيها من الأعيان
4205	ثم دخلت سنة إحدى وسبعين
4209	هذه ترجمة مصعب بن الزبير ﵀
4215	فصل
4216	وممن توفي في هذه السنة من الأعيان
4220	ثم دخلت سنة ثنتين وسبعين
4223	وممن توفي في سنة ثنتين وسبعين
4227	وممن توفي في هذه السنة من الأعيان أيضا
4228	ثم دخلت سنة ثلات وسبعين
4232	وهذه ترجمة أمير المؤمنين عبد الله بن الزبير
4248	وممن قتل مع ابن الزبير في سنة ثلاث وسبعين بمكة من الأعيان
4252	وممن توفي فيها من الأعيان غير من تقدم ذكره مع ابن الزبير
4253	ثم دخلت سنة أربع وسبعين
4255	ذكر من توفي فيها من الأعيان
4261	ثم دخلت سنة خمس وسبعين
4267	وكان ممن توفي في هذه السنة في قول أبي سهر وأبي عبيد
4269	ثم دخلت سنة ست وسبعين
4273	وممن توفي فيها من الأعيان
4275	ثم دخلت سنة سبع وسبعين
4278	مقتل شبيب في هذه السنة عند ابن الكلبي
4281	ثم دخلت سنة ثمان وسبعين
4290	ثم دخلت سنة تسع وسبعين
4296	ثم دخلت سنة ثمانين من الهجرة النبوية
4298	وممن توفي في هذه السنة من الأعيان
4301	ثم دخلت سنة إحدى وثمانين
4301	فتنة ابن الأشعث
4308	ثم دخلت سنة ثنتين وثمانين
4309	وقعة دير الجماجم
4311	وفي هذه السنة كانت وفاة
4319	ثم دخلت سنة ثلاث وثمانين
4324	بناء واسط في زمن الحجاج
4324	وممن توفي فيها من الأعيان
4326	[ومن أعيان من قتل الحجاج
4326	ثم دخلت سنة أربع وثمانين
4331	ثم دخلت سنة خمس وثمانين
4334	[عبد العزيز بن مروان]
4337	بيعة عبد الملك لولده الوليد ثم من بعده لولده سليمان بن عبد الملك
4338	وتوفي في هذه السنة
4340	ثم دخلت سنة ست وثمانين
4352	وممن يذكر أنه توفي في هذه السنة تقريبا
4353	خلافة الوليد بن عبد الملك باني جامع دمشق
4355	ثم دخلت سنة سبع وثمانين
4359	ثم دخلت سنة ثمان وثمانين
4361	وممن توفي فيها من الأعيان
4362	ثم دخلت سنة تسع وثمانين
4363	وفيها توفي من الأعيان
4364	ثم دخلت سنة تسعين من الهجرة
4366	وفيها توفي من الأعيان
4368	ثم دخلت سنة إحدى وتسعين
4370	وتوفي في هذه السنة
4371	ثم دخلت سنة ثنتين وتسعين
4373	ثم دخلت سنة ثلاث وتسعين
4374	فتح سمرقند
4389	ثم دخلت سنة أربعة وتسعين
4391	مقتل سعيد بن جبير ﵀
4394	ذكر من توفي فيها من المشاهير والأعيان
4418	وممن توفي في هذه السنة
4420	ثم دخلت سنة خمس وتسعين
4421	وهذه ترجمة الحجاج بن يوسف الثقفي وذكر وفاته
4428	فصل
4436	فصل فيما روي عنه من الكلمات النافعة والجراءة البالغة
4449	وممن توفي في هذه السنة أعني سنة خمس وتسعين
4451	ثم دخلت سنة ست وتسعون
4465	فصل فيما وجد فيه من الآثار وما روي في فضله من الأخبار عن جماعة من السادة الأخيار
4468	الكلام على ما يتعلق برأس يحيى بن زكريا ﵉
4470	ذكر الساعات التي على بابه
4472	ذكر ابتداء أمر السبع بالجامع الأموي
4473	فصل
4474	وهذه ترجمة الوليد بن عبد الملك باني جامع دمشق، وذكر وفاته في هذا العام
4479	خلافة سليمان بن عبد الملك
4481	مقتل قتيبة بن مسلم ﵀
4484	وفي هذه السنة توفي
4484	ثم دخلت سنة سبع وتسعين
4486	وممن توفي فيها من الأعيان
4490	ثم دخلت سنة ثمان وتسعين
4493	وممن توفي فيها من الأعيان
4494	ثم دخلت سنة تسع وتسعين
4503	خلافة عمر بن عبد العزيز أشج بني مروان ﵁ وأكرمه
4505	وممن توفي فيها من الأعيان
4508	سنة مئة من الهجرة النبوية
4511	وفي هذه السنة كان بدء دعوة بني العباس
4512	ممن توفي فيها من الأعيان
4518	ثم دخلت سنة إحدي ومئة
4519	وهذه ترجمة عمر بن عبد العزيز الإمام المشهور ﵀
4525	فصل وقد كان منتظرا فيما يؤثر من الأخبار
4541	فصل
4542	فصل
4544	ذكر سبب وفاته ﵀
4548	فصل
4553	خلافة يزيد بن عبد الملك
4554	ثم دخلت سنة ثنتين ومئة
4556	ولاية مسلمة على بلاد العراق وخراسان
4557	ذكر وقعة جرت بين الترك والمسلمين
4558	وممن توفي فيها من الأعيان والسادة
4559	ثم دخلت سنة ثلاث ومئة
4559	وممن توفي فيها من الأعيان
4560	فصل
4569	ثم دخلت سنة أربع ومئة
4570	وفيها توفي من الأعيان
4573	ثم دخلت سنة خمس ومئة
4573	[يزيد بن عبد الملك بن مروان]
4576	خلافة هشام بن عبد الملك بن مروان
4577	وفيها توفي من الأعيان
4577	ثم دخلت سنة ست ومئة
4589	ثم دخلت سنة سبع ومئة
4605	ثم دخلت سنة ثمان ومئة
4609	ثم دخلت سنة تسع ومئة
4609	سنة عشر ومئة من الهجرة النبوية
4610	ذكر من توفي فيها من الأعيان
4655	ثم دخلت سنة إحدى عشرة ومئة
4656	ثم دخلت سنة ثنتي عشرة ومئة
4657	وممن توفي فيها من الأعيان
4658	ثم دخلت سنة ثلاث عشرة ومئة
4658	وممن توفي فيها من الأعيان
4660	ثم دخلت سنة أربع عشرة ومئة
4661	وممن توفي فيها من الأعيان
4664	ثم دخلت سنة خمس عشرة ومئة
4664	وممن توفي فيها من الأعيان
4669	ثم دخلت سنة ست عشرة ومئة
4670	ثم دخلت سنة سبع عشر ومئة
4679	ثم دخلت سنة ثماني عشرة ومئة
4681	ثم دخلت سنة تسع عشرة ومئة
4684	سنة عشرين ومئة من الهجرة
4687	ثم دخلت سنة إحدى وعشرين ومئة
4688	ذكر من توفي فيها من الأعيان
4691	ثم دخلت سنة ثنتين وعشرين ومئة
4693	عبد الله أبو يحيى المعروف بالبطال
4696	وممن توفي في هذه السنة من الأعيان
4703	ثم دخلت سنة ثلاث وعشرين ومئة
4703	وتوفي في هذه السنة
4704	ثم دخلت سنة أربع وعشرين ومئة
4719	ثم دخلت سنة خمس وعشرين ومئة
4720	هشام بن عبد الملك بن مروان
4720	ذكر وفاته وترجمته ﵀
4725	خلافة الوليد بن يزيد بن عبد الملك
4728	وممن توفي فيها من الأعيان
4729	ثم دخلت سنة ست وعشرين ومئة
4730	صفة مقتله وزوال دولته
4733	ذكر قتل يزيد بن الوليد الذي يقال له الناقص للوليد بن يزيد
4737	خلافة يزيد بن الوليد بن عبد الملك بن مروان
4742	يزيد بن الوليد بن عبد الملك بن مروان
4744	وممن توفي في هذه السنة من الأعيان
4751	ثم دخلت سنة سبع وعشرين ومئة
4752	ذكر دخول مروان الحمار دمشق وولايته الخلافة وعزله إبراهيم بن الوليد عنها
4757	ثم دخلت سنة ثمان وعشرين ومئة
4757	مقتل الجهم بن صفوان
4761	ثم دخلت سنة تسع وعشرين ومئة
4762	أول ظهور أبي مسلم الخراساني
4764	مقتل ابن الكرماني
4767	وممن توفي فيها من الأعيان
4767	سنة ثلاثين ومئة
4767	مقتل شيبان بن سلمة الحروري
4768	ذكر دخول أبي حمزة الخارجي المدينة النبوية واستيلائه عليها مدة ثلاثة أشهر حتى ارتحل منها
4771	ثم دخلت سنة إحدى وثلاثين ومئة
4772	ثم دخلت سنة ثنتين وثلاثين ومئة
4773	ذكر مقتل إبراهيم بن محمد الإمام
4774	خلافة أبي العباس السفاح
4777	ذكر مقتل مروان بن محمد بن مروان
4778	صعفة مقتل مروان الحمار
4781	مروان بن محمد
4784	ذكر ما ورد في انقضاء دولة بني أمية وابتداء بني العباس من الأخبار النبوية وغيرها
4790	ذكر استقلال أبي العباس عبد الله بن محمد بن علي بن عبد الله بن عباس الملقب بالسفاح بالخلافة وما اعتمده في أيامه من السيرة الحسنة
4794	ذكر من توفى فيها من الأعيان
4795	ثم دخلت سنة ثلاث وثلاثين ومئة
4796	ثم دخلت سنة أربع وثلاثين ومئة
4797	وفيها توفي من الأعيان
4797	ثم دخلت سنة خمس وثلاثين ومئة
4797	وممن توفي فيها من الأعيان
4797	ثم دخلت سنة ست وثلاثين ومئة
4798	ترجمة أبي العباس السفاح أول خلفاء بني العباس وذكر وفاته
4802	وممن توفي فيها من الأعيان
4802	خلافة أبي جعفر المنصور
4803	ثم دخلت سنة سبع وثلاثين ومئة
4803	ذكر خروج عبد الله بن علي بن عبد الله بن العباس على ابن أخيه المنصور
4804	مهلك أبي مسلم الخراساني
4808	ترجمة أبي مسلم الخراساني
4817	ومن مشاهير من توفي فيها
4817	ثم دخلت سنة ثمان وثلاثين ومئة
4817	وممن توفي فيها من الأعيان
4818	ثم دخلت سنة تسع وثلاثين ومئة
4819	ثم دخلت سنة أربعين ومئة
4820	ثم دخلت سنة وإحدى وأربعين ومئة
4822	ثم دخلت سنة ثنتين وأربعين ومئة
4824	وممن توفي فيها من الأعيان
4826	ثم دخلت سنة ثلاث وأربعين ومئة
4827	ثم دخلت سنة أربع وأربعين ومئة
4830	ثم دخلت سنة خمس وأربعين ومئة
4834	فصل في ذكر مقتل محمد بن عبد الله بن حسن
4834	خروج أخيه إبراهيم بن عبد الله بن حسن
4839	ذكر خروج إبراهيم بن عبد الله بن حسن بالبصرة
4843	ذكر من توفي فيها من الأعيان
4844	وفيها توفي من المشاهير والأعيان
4846	ثم دخلت سنة ست وأربعين ومئة
4852	ما ورد في مدينة بغداد من الآثار وما فيها من الأخبار
4853	فصل محاسن بغداد ومساوئها وما روي في ذلك عن الأئمة
4855	وفيها توفي من الأعيان
4855	ثم دخلت سنة سبع وأربعين ومئة
4857	وفيها توفي
4857	ثم دخلت سنة ثمان وأربعين ومئة
4857	ثم دخلت سنة تسع وأربعين ومئة
4859	ثم دخلت سنة خمسين ومئة من الهجرة
4861	ثم دخلت سنة إحدى وخمسين ومئة
4862	بناء الرصافة
4863	ثم دخلت سنة ثنتين وخمسين ومئة
4863	ثم دخلت سنة ثلاث وخمسين ومئة
4865	ثم دخلت سنة أربع وخمسين ومئة
4868	ثم دخلت سنة خمس وخمسين ومئة
4869	بناء الرافقة المدينة المشهورة
4871	ثم دخلت سنة ست وخمسين ومئة
4872	ثم دخلت سنة سبع وخمسين ومئة
4873	شيء من ترجمة الأوزاعي ﵀
4879	ثم دخلت سنة ثمان وخمسين ومئة
4880	وهذه ترجمة المنصور
4889	ذكر أولاد المنصور
4889	ذكر خلافة المهدي بن المنصور
4890	ثم دخلت سنة تسع وخمسون ومئة
4892	وفيها توفي
4892	ثم دخلت سنة ستين ومئة
4892	ذكر البيعة لموسى الهادي وهارون الرشيد
4894	وفيها توفي
4895	ثم دخلت سنة إحدى وستين ومئة
4896	وفيها توفي
4898	ثم دخلت سنة ثنتين وستين ومئة
4899	وفيها توفي من الأعيان
4913	ثم دخلت سنة ثلاث وستين ومئة
4914	وفيها توفي
4915	ثم دخلت سنة أربع وستين ومئة
4915	وفيها توفي
4916	ثم دخلت سنة خمس وستين ومئة
4916	وفيها توفي
4917	ثم دخلت سنة ست وستين ومئة
4918	فيها توفي
4919	ثم دخلت سنة سبع وستين ومئة
4919	وممن توفي فيها من الأعيان
4921	فيها توفي
4921	ثم دخلت سنة ثمان وستين ومئة
4922	وفيها توفي
4923	ثم دخلت سنة تسع وستين ومئة
4923	محمد بن عبد الله بن محمد بن علي بن عبد الله بن عباس
4930	وفيها توفي من الأعيان
4930	خلافة موسى الهادي بن المهدي
4931	وفيها توفي
4931	ثم دخلت سنة سبعين ومئة من الهجرة النبوية
4932	وهذا ذكر شيء من ترجمة الهادي
4934	خلافة هارون الرشيد بن المهدي
4935	ذكر من توفي فيها من الأعيان
4936	وفيها توفي
4936	ثم دخلت سنة إحدى وسبعين ومئة
4936	ثم دخلت سنة ثنتين وسبعين ومئة
4936	ثم دخلت سنة ثلاث وسبعين ومئة
4940	ثم دخلت سنة أربع وسبعين ومئة من الهجرة النبوية
4940	ثم دخلت سنة خمس وسبعين ومئة
4941	وفيها توفي من الأعيان
4943	ثم دخلت سنة ست وسبعين ومئة
4948	ثم دخلت سنة سبع وسبعين ومئة
4949	ثم دخلت سنة ثمان وسبعين ومئة
4951	وفيها توفي
4951	ثم دخلت سنة تسع وسبعين ومئة
4952	وفيها توفي
4954	ثم دخلت سنة ثمانين ومئة
4955	وفيها كانت وفاة جماعة من الأعيان
4956	وفيها توفي
4957	فيها توفي
4958	وفيها توفيت
4958	وفيها مات
4958	ثم دخلت سنة إحدى وثمانين ومئة
4959	وفيها توفي
4961	ثم دخلت سنة ثنتين وثمانين ومئة
4962	وفيها توفي من الأعيان
4966	وفيها توفي
4966	ثم دخلت سنة ثلاث وثمانين ومئة
4966	وفيها توفي من الأعيان
4967	وفيها توفي
4968	ثم دخلت سنة أربع وثمانين ومئة
4968	وفيها توفي
4969	وفيها مات
4970	ثم دخلت سنة خمس وثمانين ومئة
4971	وفيها توفي
4972	وفيها توفي من مشايخ الحديث
4973	ثم دخلت سنة ست وثمانين ومئة
4974	وفيها توفي من الأعيان
4975	ثم دخلت سنة سبع وثمانين ومئة
4982	ذكر من توفي فيها من الأعيان
4987	حكاية غريبة
4988	وفيها توفي
4989	وفيها توفي
4990	ثم دخلت سنة ثمان وثمانين ومئة
4991	وممن توفي فيها من الأعيان
4991	وفيها مات
4992	ثم دخلت سنة تسع وثمانين ومئة
4993	ذكر من توفي فيها من الأعيان
4994	وفيها توفي
4995	ثم دخلت سنة تسعين ومئة من الهجرة
4996	ممن توفي فيها من الأعيان والمشاهير
4997	وفيها توفي
4999	ثم دخلت سنة إحدى وتسعين ومئة
5000	وفيها توفي من الأعيان
5001	ثم دخلت سنة ثنتين وتسعين ومئة
5002	وفيها توفي
5003	وفيها توفي
5007	وفيها توفي
5009	ثم دخلت سنة ثلاث وتسعين ومئة
5010	وفاة الرشيد
5011	هارون الرشيد
5022	ذكر زوجاته وبنيه وبناته
5023	خلافة محمد الأمين
5023	اختلاف الأمين والمأمون
5024	وفيها توفي من الأعيان
5025	وفيها مات
5025	ثم دخلت سنة أربع وتسعين ومئة
5027	وفيها توفي من الأعيان
5028	ثم دخلت سنة خمس وتسعين ومئة
5029	وفيها كانت وفاة جماعة من الأعيان، منهم
5029	وفيها توفي
5043	ثم دخلت سنة ست وتسعين ومئة
5043	سبب خلع الأمين بن زبيدة وكيف أفضت الخلافة إلى أخيه المأمون
5045	وفيها توفي
5046	ثم دخلت سنة سبع وتسعين ومئة
5048	وفيها توفي من السادة الأعيان
5048	ثم دخلت سنة ثمان وتسعين ومئة
5049	كيفية مقتله
5050	شيء من ترجمته
5053	خلافة عبد الله المأمون بن الرشيد هارون
5053	وفيها توفي
5053	ثم دخلت سنة تسع وتسعين ومئة
5054	فيها توفي
5055	ثم دخلت سنة مئتين من الهجرة
5057	وفيها توفي من الأعيان
5059	ثم دخلت سنة إحدى ومئتين
5060	بيعة أهل بغداد لإبراهيم بن المهدي
5061	وفيها توفي من الأعيان
5061	ثم دخلت سنة ثنتين ومئتين
5063	وفيها توفي من الأعيان
5064	ثم دخلت سنة ثلاث ومئتين
5064	ذكر خلع أهل بغداد إبراهيم [بن المهدي] ودعائهم للمأمون
5065	وممن توفي فيها من الأعيان
5066	ثم دخلت سنة أربع ومئتين
5067	فيها: توفي جماعة من الأعيان، منهم
5074	وممن توفي فيها أيضا
5075	ثم دخلت سنة خمس ومئتين
5076	وتوفي فيها من الأعيان
5084	ثم دخلت سنة ست ومئتين
5085	وفيها توفي من الأعيان
5086	ثم دخلت سنة سبع ومئتين
5088	وفيها توفي من الأعيان
5090	ثم دخلت سنة ثمان ومئتين
5091	وتوفي فيها من الأعيان
5094	ثم دخلت سنة تسع ومئتين
5095	وفيها توفي من مشايخ الحديث
5095	[ثم دخلت] سنة عشر ومئتين
5098	وفيها: توفي من الأعيان
5098	ثم دخلت سنة إحدى عشرة ومئتين
5098	وفيها توفي من الأعيان
5100	ثم دخلت سنة ثنتي عشرة ومئتين
5101	وفيها توفي من الأعيان
5101	ثم دخلت سنة ثلاث عشرة ومئتين
5102	وفيها توفي من الأعيان
5105	ثم دخلت سنة أربع عشرة ومئتين
5105	وممن توفي فيها من الأعيان
5107	ثم دخلت سنة خمس عشرة ومئتين
5107	وممن توفي فيها من الأعيان
5109	ثم دخلت سنة ست عشرة ومئتين
5110	وممن توفي فيها من الأعيان
5112	ثم دخلت سنة سبع عشرة ومئتين
5112	وممن توفي فيها من الأعيان
5113	ثم دخلت سنة ثمان عشرة ومئتين
5113	ذكر أول المحنة
5115	فصل
5117	وهذه ترجمة المأمون
5128	خلافة المعتصم بالله أبي إسحاق محمد بن هارون الرشيد
5128	وممن توفي فيها من المشاهير والأعيان
5129	وتوفي في هذا العام
5130	ثم دخلت سنة تسع عشرة ومئتين
5131	وفيها توفي من الأعيان
5132	[ثم دخلت سنة عشرين ومئتين من الهجرة
5133	وفيها: توفي من الأعيان
5133	ثم دخلت سنة إحدى وعشرين ومئتين
5134	وفيها توفي من الأعيان
5134	ثم دخلت سنة ثنتين وعشرين ومئتين
5134	ذكر مسك بابك الخرمي وأسره وقتله
5136	وفيها توفي
5136	ثم دخلت سنة ثلاث وعشرين ومئتين
5139	ذكر فتح عمورية على يد المعتصم
5142	ذكر مقتل العباس بن المأمون
5143	وممن توفي فيها من الأعيان
5144	ثم دخلت سنة أربع وعشرين ومئتين
5145	وفي رمضان منها توفي
5147	وممن توفي في هذه السنة من الأعيان أيضا
5150	ثم دخلت سنة خمس وعشرين ومئتين
5151	وفيها توفي من الأعيان
5153	ثم دخلت سنة ست وعشرين ومئتين
5155	ثم دخلت سنة سبع وعشرين ومئتين
5156	ذكر وفاة المعتصم
5159	خلافة هارون الواثق بالله بن المعتصم
5160	وممن توفي في هذه السنة من المشاهير
5160	وفيها توفي
5163	وممن توفي فيها
5163	ثم دخلت سنة ثمان وعشرين ومئتين
5167	وممن توفي فيها من الأعيان
5168	ثم دخلت سنة تسع وعشرين ومئتين
5169	وممن توفي فيها من الأعيان
5170	سنة ثلاثين ومئتين
5170	وفي هذه السنة توفي
5171	وممن توفي فيها
5172	ثم دخلت سنة إحدى وثلاثين ومئتين
5172	وفيها كان مقتل
5180	ثم دخلت سنة ثنتين وثلاثين ومئتين
5181	وفاة الخليفة أبي جعفر هارون الواثق بن محمد المعتصم
5184	خلافة المتوكل على الله جعفر بن المعتصم بالله
5185	وممن توفي فيها من الأعيان
5185	ثم دخلت سنة ثلاث وثلاثين ومئتين
5186	وفيها توفي
5187	ثم دخلت سنة أربع وثلاثين ومئتين
5188	وفيها توفي من الأعيان
5189	ثم دخلت سنة خمس وثلاثين ومئتن
5192	وفيها توفي
5193	وممن توفي في هذه السنة من الأعيان أيضا
5193	ثم دخلت سنة ست وثلاثين ومئتين
5194	ثم دخلت سنة سبع وثلاثين ومئتين
5196	وفيها توفي
5197	ثم دخلت سنة ثمان وثلاثين ومئتين
5198	ثم دخلت سنة تسع وثلاثين ومئتين
5199	قلت: وممن توفي فيها من الأعيان
5201	سنة أربعين ومئتين من الهجرة النبوية
5210	ثم دخلت سنة إحدى وأربعين ومئتين
5213	وقد توفي فيها من الأعيان
5214	الإمام أحمد بن حنبل ﵀
5218	فصل في ورعه وزهده وتقشفه ﵀ ورضي عنه
5222	باب ذكر ما جاء في محنة أبي عبد الله أحمد بن حنبل، ﵀
5224	ذكر ملخص الفتنة والمحنة مجموعا من كلام أئمة السنة ﵏ وأثابهم الجنة
5225	ذكر ضربه ﵁ بين يدي المعتصم
5230	ذكر ثناء الأئمة على الإمام أحمد بن حنبل
5233	ذكر ما كان من أمر الإمام أحمد بعد المحنة
5238	ذكر وفاة الإمام أحمد ﵀
5241	ذكر ما رئي من المنامات الصالحة التي رآها الإمام أحمد ورئيت له
5243	ثم دخلت سنة ثنتين وأربعين ومئتين
5243	وممن توفي فيها من الأعيان
5245	ثم دخلت سنة ثلاث وأربعين ومئتين
5245	وممن توفي فيها من الأعيان
5248	ثم دخلت سنة أربع وأربعين ومئتين
5249	وممن توفي فيها من الأعيان
5250	ثم دخلت سنة خمس وأربعين ومئتين
5251	وفيها هلك
5251	وممن توفي فيها من الأعيان
5253	ثم دخلت سنة ست وأربعين ومئتين
5254	وممن توفي فيها من الأعيان
5257	ثم دخلت سنة سبع وأربعين ومئتين
5261	خلافة محمد بن المنتصر بن المتوكل
5262	وممن توفي فيها من الأعيان
5263	ثم دخلت سنة ثمان وأربعين ومئتين
5265	خلافة المستعين بالله
5266	وتوفي فيها من الأعيان
5268	ثم دخلت سنة تسع وأربعين ومئتين
5269	وممن توفي فيها من الأعيان
5271	سنة خمسين ومئتين من الهجرة
5273	ثم خرج آخر من أهل البيت أيضا
5274	وممن توفي فيها من الأعيان
5275	ثم دخلت سنة إحدى وخمسين ومئتين
5279	وفيها: توفي من الأعيان
5280	ثم دخلت سنة ثنتين وخمسين ومئتين
5280	ذكر خلافة المعتز بعد خلع المستعين نفسه
5282	ذكر مقتل المستعين
5283	ثم دخلت سنة ثلاث وخمسين ومئتين
5285	وممن توفي فيها من الأعيان
5288	ثم دخلت سنة أربع وخمسين ومئتين
5288	وتوفي فيها من الأعيان
5290	ثم دخلت سنة خمس وخمسين ومئتين
5293	خلافة المهتدي بالله
5294	ذكر خارجي آخر آدعى أنه من أهل البيت بالبصرة
5296	وممن توفي في هذه السنة من الأعيان
5298	ثم دخلت سنة ست وخمسين ومئتين
5300	ذكر خلع المهتدي وولاية المعتمد أحمد بن المتوكل وإيراد شيء من فضائل المهتدي
5303	خلافة المعتمد على الله
5304	وممن توفي فيها من الأعيان
5311	ثم دخلت سنة سبع وخمسين ومئتين
5313	وممن توفي فيها من الأعيان
5315	ثم دخلت سنة ثمان وخمسين ومئتين
5316	وممن توفي فيها من الأعيان
5317	ثم دخلت سنة تسع وخمسين ومئتين
5318	وممن توفي فيها من الأعيان
5319	سنة ستين ومئتين من الهجرة
5319	وممن توفي فيها من الأعيان
5320	ثم دخلت سنة إحدى وستين ومئتين
5322	وممن توفي فيها من الأعيان
5323	وهذا ذكر شيء من أخبار مسلم بن الحجاج، على سبيل الاختصار، ﵀ وأكرم مثواه
5327	ثم دخلت سنة اثنتين وستين ومئتين
5328	وممن توفي فيها من الأعيان
5328	ثم دخلت سنة ثلاث وستين ومئتين
5329	وممن توفي فيها من الأعيان
5329	ثم دخلت سنة أربع وستين ومئتين
5330	وممن توفي فيها من الأعيان
5331	ثم دخلت سنة خمس وستين ومئتين
5333	توفي فيها من الأعيان
5334	ثم دخلت سنة ست وستين ومئتين
5336	وممن توفي فيها من الأعيان
5337	ثم دخلت سنة سبع وستين ومئتين
5338	ذكر مسيرة أبي أحمد الموفق إلى المدينة التي فيها صاحب الزنج وهي المختارة ليحاصرها
5339	وممن توفي فيها من الأعيان
5340	ثم خلت سنة ثمان وستين ومئتين
5341	وتوفي فيها من الأعيان
5342	ثم دخلت سنة تسع وستين ومئتين
5344	سنة سبعين ومئتين من الهجرة
5346	وممن توفي فيها من الأعيان
5352	ثم دخلت سنة إحدى وسبعين ومئتين
5353	وممن توفي فيها من الأعيان
5354	ثم دخلت سنة ثنتين وسبعين ومئتين
5355	وممن توفي فيها من الأعيان
5357	ثم دخلت سنة ثلاث وسبعين ومئتين
5358	وممن توفي فيها أيضا من الأعيان
5360	ثم دخلت سنة أربع وسبعين ومئتين
5360	وممن توفي فيها من الأعيان
5362	ثم دخلت سنة خمس وسبعين ومئتين
5363	وممن توفي فيها من الأعيان
5367	ثم دخلت سنة ست وسبعين ومئتين
5368	وممن توفي فيها من الأعيان
5370	ثم دخلت سنة سبع وسبعين ومئتين
5371	وممن توفي فيها من الأعيان
5377	ثم دخلت سنة ثمان وسبعين ومئتين
5378	[أول ظهور القرامطة في سنة ثمان وسبعين ومئتين]
5381	وممن توفي فيها أيضا
5382	ثم دخلت سنة تسع وسبعين ومئتين
5384	خلافة المعتضد بالله
5385	وممن توفي فيها من الأعيان
5388	ثم دخلت سنة ثمانين ومئتين [من الهجرة النبوية]
5389	ذكر بناء دار الخلافة ببغداد
5390	وممن توفي فيها من الأعيان
5392	ثم دخلت سنة إحدى وثمانين ومئتين
5393	وممن توفي فيها من الأعيان
5394	ثم دخلت سنة اثنتين وثمانين ومئتين
5395	وممن توفي فيها من الأعيان
5397	ثم دخلت سنة ثلاث وثمانين ومئتين
5398	وممن توفي فيها من الأعيان
5402	ثم دخلت سنة أربع وثمانين ومئتين
5404	وممن توفي فيها من الأعيان
5405	ثم دخلت سنة خمس وثمانين ومئتين
5406	وممن توفي فيها من الأعيان
5408	ثم دخلت سنة ست وثمانين ومئتين
5409	ظهور أبي سعيد الجنابي رأس القرامطة، قبحهم الله ولعنهم وهو أخبث من الزنج وأشد فسادا
5410	وممن توفي فيها من الأعيان والمشاهير
5413	ثم دخلت سنة سبع وثمانين ومئتين
5415	ثم دخلت سنة ثمان وثمانين ومئتين
5416	وممن توفي فيها من الأعيان
5417	ثم دخلت سنة تسع وثمانين ومئتين
5429	خلافة المكتفي بالله أبي محمد
5430	وممن توفي فيها من الأعيان
5431	[ثم دخلت] سنة تسعين ومئتين من الهجرة النبوية
5432	وممن توفي فيها من الأعيان
5434	ثم دخلت سنة إحدى وتسعين ومئتين
5435	وممن توفي فيها من الأعيان
5436	وممن توفي فيها من الأعيان
5437	ثم دخلت سنة ثنتين وتسعين ومئتين
5437	وممن توفي فيها من الأعيان
5438	ثم دخلت سنة ثلاث وتسعين ومئتين
5440	وممن توفي فيها من الأعيان
5441	ثم دخلت سنة أربع وتسعين ومئتين
5441	ذكر مقتل زكرويه، لعنه الله
5442	وممن توفي فيها من الأعيان
5442	وتوفي في هذه السنة
5444	ثم دخلت سنة خمس وتسعين ومئتين
5445	وفاة الخليفة المكتفي بالله أبو محمد علي بن المعتضد. وهذه ترجمته وذكر وفاته
5447	خلافة المقتدر بالله أمير المؤمنين، [أبي الفضل جعفر بن المعتضد]
5448	وممن توفي فيها من الأعيان
5450	ثم دخلت سنة ست وتسعين ومئتين
5451	وممن توفي فيها من الأعيان
5455	ثم دخلت سنة سبع وتسعين ومئتين
5455	وممن توفي فيها من الأعيان
5458	ثم دخلت سنة ثمان وتسعين ومئتين
5459	وممن توفي فيها من الأعيان المشاهير
5464	ثم دخلت سنة تسع وتسعين ومئتين
5465	وممن توفي فيها من الأعيان
5467	ثم دخلت سنة ثلثمئة من الهجرة النبوية
5468	وممن توفي فيها من الأعيان
5469	[ظهور أمر العبيديين الذين يزعمون أنهم فاطميون
5470	وممن توفي في حدود الثلثمئة ثقريبا.
5472	فصل
5474	ثم دخلت سنة إحدي وثلاثمئة من الهجرة النبوية
5475	وممن توفي فيها من الأعيان
5477	ثم دخلت سنة ثنتين وثلاثمئة
5477	وممن توفي فيها من الأعيان
5478	ثم دخلت سنة ثلاث وثلاثمئة
5479	وممن توفي في هذه السنة من الأعيان
5484	ثم دخلت سنة أربع وثلاثمئة
5485	وممن توفي فيها من الأعيان
5487	ثم دخلت سنة خمس وثلاثمئة
5488	وممن توفي فيها من الأعيان
5489	ثم دخلت سنة ست وثلاثمئة
5490	وممن توفي فيها من الأعيان
5493	ثم دخلت سنة سبع وثلاثمئة
5494	وممن توفي فيها من الأعيان
5495	ثم دخلت سنة ثمان وثلاثمئة
5496	وتوفي فيها من الأعيان
5497	ثم دخلت سنة تسع وثلاثمئة
5503	ذكر أشياء من حيل الحلاج
5509	ذكر صفة مقتل الحلاج
5517	وممن توفي في هذه السنة من الأعيان
5518	مسألة في الحلاج
5520	مسألة أيضا
5523	ثم دخلت سنة عشر وثلاثمئة
5525	وممن توفي فيها من الأعيان
5529	ثم دخلت سنة إحدى عشرة وثلاثمئة
5531	وممن توفي فيها من الأعيان
5533	وممن توفي في هذه السنة
5534	ثم دخلت سنة ثنتي عشرة وثلاثمئة
5536	وممن توفي في هذه السنة من الأعيان
5538	ثم دخلت سنة ثلاث عشرة وثلاثمئة
5539	ذكر من توفي فيها من الأعيان
5540	ثم دخلت سنة أربع عشرة وثملاثمئة
5541	وممن توفي فيها من الأعيان
5542	ثم دخلت سنة خمس عشرة وثلاثمئة
5543	ظهور الديلم
5544	وممن توفي فيها من الأعيان
5547	ثم دخلت سنة ست عشرة وثلاثمئة
5548	وممن توفي فيها من الأعيان
5549	ثم دخلا سنة سبع عشرة وثلاثمئة
5551	ذكر أخذ القرامطة الحجر الأسود إلى بلادهم وما كان منهم إلى الحجيج، لعن الله القرامطة
5555	وممن توفي فيها من الأعيان
5559	ثم دخلت سنة ثماني عشرة وثلاثمئة
5560	وممن توفي فيها من الأعيان
5561	ثم دخلت سنة تسع عشرة وثلاثمئة
5563	وممن توفي فيها من الأعيان
5564	ابن مسرة المغربي
5565	ثم دخلت سنة عشرين وثلاثمئة
5567	وهذه ترجمة المقتدر بالله أمير المؤمنين
5569	خلافة القاهر
5569	وممن توفي فيها من الأعيان
5571	ثم دخلت سنة إحدى وعشرين وثلاثمئة
5573	ذكر ابتداء أمر بني بويه وظهور دولتهم في هذه السنة
5575	وممن توفي في هذه السنة من الأعيان
5579	ثم دخلت سنة ثنتين وعشرين وثلاثمئة
5580	ذكر خلع القاهر وسمل عينيه
5581	خلافة الراضي بالله أبي العباس محمد بن المقتدر بالله
5582	وفاة المهدي صاحب إفريقية أول خلفاء الفاطميين فيما زعموا
5584	وممن توفي فيها من الأعيان
5586	ثم دخلت سنة ثلاث وعشرين وثلاثمئة
5588	وممن توفي فيها من الأعيان
5589	ثم دخلت سنة أربع وعشرين وثلاثمئة
5591	وممن توفي فيها من الأعيان
5595	ثم دخلت سنة خمس وعشرين وثلاثمئة
5596	وممن توفي فيها من الأعيان
5597	ثم دخلت سنة ست وعشرين وثلاثمئة
5598	وممن توفي فيها من الأعيان
5599	ثم دخلت سنة سبع وعشرين وثلاثمئة
5600	وممن توفي فيها من الأعيان
5602	ثم دخلت سنة ثمان وعشرين وثلاثمئة
5604	وممن توفي في هذه السنة
5610	ثم دخلت سنة تسع وعشرين وثلاثمئة
5613	خلافة المتقي لله أبي إسحاق إبراهيم بن المقتدر بالله
5615	وممن توفي فيها من الأعيان
5617	ثم دخلت سنة ثلاثين وثلاثمئة
5620	وممن توفي فيها من الأعيان
5622	ترجمة أبي صالح الدمشقي
5623	ثم دخلت سنة إحدى وثلاثين وثلاثمئة
5625	وممن توفي فيها من الأعيان
5627	ثم دخلت سنة اثنتين وثلاثين وثلاثمئة
5629	وممن توفي فيها من الأعيان
5631	ثم دخلت سنة ثلاث وثلاثين وثلاثمئة
5632	خلافة المستكفي بالله أبي القاسم عبد الله بن المكتفي بن المعتضد
5632	موت القائم الفاطمي وولاية ولده المنصور
5633	ثم دخلت سنة أربع وثلاثين وثلاثمئة
5634	ذكر أول دولة بني بويه وحكمهم بمغداد
5634	ذكر القبض على الخليفة المستكفي وخلعه
5635	خلافة المطيع لله
5637	وممن توفي فيها من الأعيان
5641	ثم دخلت سنة خمس وثلاثين وثلاثمئة
5642	وممن توفي فيها من الأعيان
5645	ثم دخلت سنة ست وثلاثين وثلاثمئة
5646	وممن توفي فيها من الأعيان
5647	ثم دخلت سنة سبع وثلاثين وثلاثمئة
5648	وممن توفي فيها من الأعيان
5649	ثم دخلت سنة ثمان وثلاثين وثلاثمئة
5650	وممن توفي فيها من الأعيان
5652	ثم دخلت سنة تسع وثلاثين وثلاثمئة
5653	وممن توفي فيها من الأعيان
5654	ثم دخلت سنة أربعين وثلاثمئة
5655	وممن توفي فيها من الأعيان
5656	ثم دخلت سنة إحدى وأربعين وثلاثمئة
5658	وممن توفي فيها أيضا من الأعيان
5659	ثم دخلت سنة ثنتين وأربعين وثلاثمئة
5659	وممن توفي فيها من الأعيان
5660	ثم دخلت سنة ثلاث وأربعين وثلاثمئة
5661	وممن توفي فيها من الأعيان
5662	ثم دخلت سنة أربع وأربعين وثلاثمئة
5663	وممن توفي فيها من الأعيان
5665	ثم دخلت سنة خمس وأربعين وثلاثمئة
5665	وممن توفي فيها من الأعيان
5667	ثم دخلت سنة ست وأربعين وثلاثمئة
5668	وممن توفي فيها من الأعيان
5669	ثم دخلت سنة سبع وأربعين ثلاثمئة
5669	وممن توفي فيها من الأعيان
5671	ثم دخلت سنة ثمان وأربعين وثلاثمئة
5671	وممن توفي فيها من الأعيان
5674	ثم دخلت سنة تسع وأربعين وثلاثمئة
5674	وممن توفي فيها من الأعيان
5676	ثم دخلت سنة خمسين وثلاثمئة
5678	وممن توفي فيها عن الأعيان
5680	ثم دخلت سنة إحدى وخمسين وثلاثمئة
5680	دخول الروم إلى حلب.
5682	وممن توفي فيها من الأعيان
5685	ثم دخلت سنة ثنتين وخمسين وثلاثمئة
5686	وممن توفي فيها من الأعيان
5687	ثم دخلت سنة ثلاث وخمسين وثلاثمئة
5689	وممن توفي فيها من الأعيان
5689	ثم دخلت سنة أربع وخمسين وثلاثمئة
5691	وممن توفي فيها من الأعيان
5696	وممن توفي في هذه السنة من الأعيان أيضا
5697	ثم دخلت سنة خمس وخمسين وثلاثمئة
5698	وممن توفي فيها من الأعيان
5700	ترجمة الدمستق ملك الأرمن، واسمه النقفور
5710	ثم دخلت سنة ست وخمسين وثلاثمئة
5711	[وفاة معز الدولة]
5712	وممن توفي فيها من الأعيان
5716	ثم دخلت سنة سبع وخمسين وثلاثمئة
5717	وممن توفي فيها أيضا
5718	ثم دخلت سنة ثمان وخمسين وثلاثمئة
5718	دخول جوهر القائد إلى الديار المصرية
5719	ثم دخلت سنة تسع وخمسين وثلاثمئة
5722	وممن توفي فيها من الأعيان
5723	ثم دخلت سنة ستين وثلاثمئة
5724	وممن توفي فيها من الأعيان
5727	ثم دخلت سنة إحدى وستين وثلاثمئة
5728	وممن توفي فيها من الأعيان
5729	ثم دخلت سنة اثنتين وستين وثلاثمئة
5731	وفيها توفي من الأعيان
5734	ثم دخلت سنة ثلاث وستين وثلاثمئة
5735	خلافة الطائع وخلع أبيه المطيع لله
5736	ذكر الحرب بين المعز الفاطمي وبين الحسن بن أحمد القرمطي
5736	ملك المعز الفاطمي دمشق وانتزاعه إياها من يد القرامطة
5737	[فصل]
5738	وممن توفي فيها من الأعيان
5742	ثم دخلت سنة أربع وستين وثلاثمئة
5744	ذكر أخذ دمشق من أيدي الفاطميين
5747	وممن توفي في هذه السنة من الأعيان
5747	ثم دخلت سنة خمس وستين وثلاثمئة
5748	وممن توفي فيها من الأعيان
5751	ثم دخلت سنة ست وستين وثلاثمئة
5753	إبتداء ملك شبكتكين
5757	وممن توفي فيها من الأعيان
5760	ثم دخلت سنة سبع وستين وثلاثمئة
5762	صفة مقتل عز الدولة بختيار بن معز الدولة وأخذ عضد الدولة الموصل وأعمالها
5763	وممن توفي فيها من الأعيان
5765	ثم دخلت سنة ثمان وستين وثلاثمئة
5765	ذكر ملك قسام التراب لدمشق في هذه السنة
5766	وممن توفي فيها من الأعيان
5769	ثم دخلت سنة تسع وستين وثلاثمئة
5773	ثم دخلت سنة سبعين وثلاثمئة
5775	ثم دخلت سنة إحدى وسبعين وثلاثمئة
5775	وممن توفي فيها من الأعيان
5778	ثم دخلت سنة ثنتين وسبعين وثلاثمئة
5778	ذكر شيء من أخبار عضد الدولة
5783	ثم دخلت سنة ثلاث وسبعين وثلاثمئة
5783	وممن توفي فيها من الأعيان
5784	ثم دخلت سنة أربع وسبعين وثلاثمئة
5784	وفيها كانت وفاة
5785	وممن توفي فيها من الأعيان
5786	ثم دخلت سنة خمس وسبعين وثلاثمئة
5786	وفيها توفي الشيخ
5788	ثم دخلت سنة ست وسبعين وثلاثمئة
5789	ثم دخلت سنة سبع وسبعين وثلاثمئة
5789	وممن توفي فيها من الأعيان
5791	ثم دخلت سنة ثمان وسبعين وثلاثمئة
5791	وفيها توفي من الأعيان
5792	ثم دخلت سنة تسع وسبعين وثلاثمئة
5793	وممن توفي في هذه السنة من الأعيان
5794	ثم استهلت سنة ثمانين وثلاثمئة
5794	وفيها توفي فيها من الأعيان
5795	ثم دخلت سنة إحدى وثمانين وثلاثمئة
5797	وممن توفي فيها من الأعيان
5798	ثم دخلت سنة ثنتين وثمانين وثلاثمئة
5799	وممن توفي فيها من الأعيان
5800	ثم دخلت سنة ثلاث وثمانين وثلاثمئة
5801	وفيها توفي من الأعيان
5801	ثم دخلت سنة أربع وثمانين وثلاثمئة
5802	وممن توفي فيها من الأعيان
5804	ثم دخلت سنة خمس وثمانين وثلاثمئة
5805	وممن توفي فيها من الأعيان
5813	ثم دخلت سنة ست وثمانين وثلاثمئة
5813	توفي فيها من الأعيان
5815	ثم دخلت سنة سبع وثمانين وثلاثمئة
5815	فممن توفي فيها من الأعيان
5821	ثم دخلت سنة ثمان وثمانين وثلاثمئة
5821	وممن توفي فيها من الأعيان
5823	ثم دخلت سنة تسع وثمانين وثلاثمئة
5824	وممن توفي فيها من الأعيان
5825	ثم دخلت سنة تسعين وثلاثمئة
5825	وممن توفي فيها من الأعيان
5828	ثم دخلت سنة إحدى وتسعين وثلاثمئة
5829	وممن توفي فيها من الأعيان
5831	ثم دخلت سنة ثنتين وتسعين وثلاثمئة
5832	وممن توفي فيها من الأعيان
5834	ثم دخلت سنة ثلاث وتسعين وثلاثمئة
5835	وممن توفي فيها من الأعيان
5836	ثم دخلت سنة أربع وتسعين وثلاثمئة
5837	وممن توفي فيها
5838	ثم دخلت سنة خمس وتسعين وثلاثمئة
5838	وممن توفي فيها من الأعيان
5839	ثم دخلت سنة ست وتسعين وثلاثمئة
5840	وممن توفي فيها من الأعيان
5841	ثم دخلت سنة سبع وتسعين وثلاثمئة
5842	وممن توفي فيها من الأعيان
5844	ثم دخلت سنة ثمان وتسعين وثلاثمئة
5844	قصة مصحف عبد الله بن مسعود ﵁ وتحريقه
5845	تخريب قمامة [في هذه السنة]
5846	وممن توفي فيها من الأعيان
5847	ثم دخلت سنة تسع وتسعين وثلاثمئة
5848	وممن توفي فيها من الأعيان
5849	ثم دخلت سنة أربعمئة
5850	وممن توفي فيها من الأعيان
5854	ثم دخلت سنة إحدى وأربعمئة
5855	وممن توفي فيها من الأعيان
5857	ثم دخلت سنة ثنتين وأربعمئة
5858	ذكر الطعن في نسب الفاطميين، من أئمة بغداد وغيرها من البلاد
5860	وممن توفي فيها من الأعيان
5861	ثم دخلت سنة ثلاث وأربعمئة
5863	وممن توفي فيها من الأعيان
5868	ثم دخلت سنة أربع وأربعمئة
5869	وممن توفي فيها من الأعيان
5869	ثم دخلت سنة خمس وأربعمئة
5870	وممن توفي فيها من الأعيان
5874	ثم دخلت سنة ست وأربعمئة
5875	وممن توفي فيها من الأعيان
5878	ثم دخلت سنة سبع وأربعمئة
5879	وممن توفي فيها من الأعيان
5880	ثم دخلت سنة ثمان وأربعمئة
5881	وممن توفي فيها من الأعيان
5881	ثم دخلت سنة تسع وأربعمئة
5882	وممن توفي فيها من الأعيان
5884	ثم دخلت سنة عشر وأربعمئة
5884	وممن توفي فيها من الأعيان
5885	ثم دخلت سنة إحدى عشرة وأربعمئة
5886	صفة مقتله لعنه الله
5887	ثم دخلت سنة ثنتي عشرة وأربعمئة
5888	وممن توفي فيها من الأعيان
5891	ثم دخلت سنة ثلاث عشرة وأربعمئة
5892	وممن توفي فيها من الأعيان
5894	ثم دخلت سنة أربع عشرة وأربعمئة
5895	وممن توفي فيها من الأعيان
5896	ثم دخلت سنة خمس عشرة وأربعمئة
5897	وممن توفي فيها من الأعيان
5899	ثم دخلت سنة ست عشرة وأربعمئة
5899	وممن توفي فيها من الأعيان
5901	ثم دخلت سنة سبع عشرة وأربعمئة
5902	وممن توفي فيها من الأعيان
5904	ثم دخلت سنة ثماني عشرة وأربعمئة
5905	وممن توفي فيها من الأعيان
5908	ثم دخلت سنة تسع عشرة وأربعمئة
5908	وممن توفي فيها من الأعيان
5910	ثم دخلت سنة عشرين وأربعمئة
5911	وممن توفي فيها من الأعيان
5912	ثم دخلت سنة إحدى وعشرين وأربعمئة
5914	ذكر من توفي هذه السنة من الأعيان
5917	ثم دخلت سنة ثنتين وعشرين وأربعمئة
5917	خلافة القائم بالله أبي جعفر عبد الله بن القادر بالله
5918	وممن توفي فيها من الأعيان والكبراء [غير الخليفة]
5920	ثم دخلت سنة ثلاث وعشرين وأربعمئة
5921	وممن توفي فيها من الأعيان
5922	ثم دخلت سنة أربع وعشرين وأربعمئة
5923	وممن توفي فيها من الأعيان
5923	ثم دخلت سنة خمس وعشرين وأربعمئة
5924	وممن توفي فيها من الأعيان
5926	ثم دخلت سنة ست وعشرين وأربعمئة
5926	وممن توفي فيها من الأعيان
5928	ثم دخلت سنة سبع وعشرين أربعمئة
5929	وممن توفي فيها من الأعيان
5930	ثم دخلت سنة ثمان وعشرين وأربعمئة
5930	وممن توفي فيها من الأعيان
5935	ثم دخلت سنة تسع وعشرين وأربعمئة
5937	وممن توفي فيها من الأعيان
5938	ثم دخلت سنة ثلاثين وأربعمئة
5938	وممن توفي فيها من الأعيان
5942	ثم دخلت سنة إحدى وثلاثين وأربعمئة
5942	وممن توفي فيها من الأعيان
5943	ثم دخلت سنة ثنتين وثلاثين وأربعمئة
5944	وممن توفي فيها من الأعيان
5945	ثم دخلت سنة ثلاث وثلاثين وأربعمئة
5945	وممن توفي فيها من الأعيان
5946	ثم دخلت سنة أربع وثلاثين وأربعمئة
5947	وممن توفي فيها من الأعيان
5947	ثم دخلت سنة خمس وثلاثين وأربعمئة
5948	ذكر ملك أبي كاليجار بغداد بعد وفاد أخيه جلال الدولة بن بهاء الدولة
5948	وممن توفي فيها من الأعيان
5949	ثم دخلت سنة ست وثلاثين وأربعمئة
5950	وممن توفي فيها من الأعيان
5952	ثم دخلت سنة سبع وثلاثين وأربعمئة
5953	وممن توفي فيها من الأعيان
5954	ثم دخلت سنة ثمان وثلاثين وأربعمئة
5954	وممن توفي فيها من الأعيان
5955	ثم دخلت سنة تسع وثلاثين وأربعمئة
5956	وممن توفي فيها من الأعيان
5958	ثم دخلت سنة أربعين وأربعمئة
5959	وممن توفي فيها من الأعيان
5960	ثم دخلت سنة إحدى وأربعين وأربعمئة
5962	وممن توفي فيها من الأعيان
5964	ثم دخلت سنة ثنتين وأربعين وأربعمئة
5965	وممن توفي فيها من الأعيان
5966	ثم دخلت سنة ثلاث وأربعين وأربعمئة
5966	وممن توفي فيها من الأعيان
5967	ثم دخلت سنة أربع وأربعين وأربعمئة
5967	وممن توفي فيها من الأعيان
5968	ثم دخلت سنة خمس وأربعين وأربعمئة
5969	وممن توفي فيها من الأعيان
5971	ثم دخلت سنة ست وأربعين وأربعمئة
5971	وممن توفي فيها من الأعيان
5972	[ثم دخلت سنة سبع وأربعين وأربعمئة]
5974	وممن توفي فيها من الأعيان
5975	ثم دخلت سنة ثمان وأربعين وأربعمئة
5977	وممن توفي فيها من الأعيان
5979	ثم دخلت سنة تسع وأربعين وأربعمئة
5981	وممن توفي في هذه السنة
5987	ثم دخلت سنة خمسين وأربعمئة من الهجرة النبوية
5990	وممن مات في هذه السنة من الأعيان
5993	ثم دخلت سنة إحدى وخمسين وأربعمئة
5994	فصل
5997	صفة أخذ البساسيري قبحه الله تعالى
5998	وممن توفي فيها من الأعيان والمشاهير
6000	ثم دخلت سنة ثنتين وخمسين وأربعمئة
6001	وممن توفي فيها من الأعيان
6002	ثم دخلت سنة ثلاث وخمسين وأربعمئة
6003	وممن توفي في هذه السنة من الأعيان
6004	ثم دخلت سنة أربع وخمسين وأربعمئة
6005	وممن توفي في هذه السنة من الأعيان
6005	ثم دخلت سنة خمس وخمسين وأربعمئة
6006	دخول الملك طغرلبك على بنت الخليفة
6007	وممن توفي في هذه السنة من الأعيان
6008	ثم دخلت سنة ست وخمسين وأربعمئة
6010	وممن توفي في هذه السنة من الأعيان
6011	ثم دخلت سنة سبع وخمسين وأربعمئة
6013	ثم دخلت سنة ثمان وخمسين وأربعمئة
6014	وممن توفي فيها من الأعيان
6016	ثم دخلت سنة تسع وخمسين وأربعمئة
6017	وممن توفي فيها من الأعيان
6017	ثم استهلت سنة ستين وأربعمئة من الهجرة النبوية
6018	وممن توفي فيها من الأعيان
6019	ثم دخلت سنة إحدي وستين وأربعمئة
6020	وممن توفي فيها من الأعيان
6021	ثم دخلت سنة ثنتين وستين وأربعمئة
6022	وممن توفي فيها من الأعيان
6023	ثم دخلت سنة ثلاث وستين وأربعمئة
6025	وممن توفي فيها من الأعيان
6029	وممن توفي في هذه السنة
6030	ثم دخلت سنة أربع وستين وأربعمئة
6031	وممن توفي فيها من الأعيان
6031	ثم دخلت سنة خمس وستين وأربعمئة
6032	وفاة السلطان ألب آرسلان وماك ولده ملك شاه من بعده
6033	وممن توفي فيها من الأعيان
6036	ثم دخلت سنة ست وستين وأربعمئة
6036	صفة غرق بغداد في هذه السنة
6037	وممن توفي فيها من الأعيان
6038	ثم دخلت سنة سبع وستين وأربعمئة
6038	صفة موت الخليفة القائم بأمر الله
6039	خلافة المقتدي بأمر الله
6041	وممن توفي فيها من الأعيان
6042	ثم دخلت سنة ثمان وستين وأربعمئة
6043	وممن توفي فيها من الأعيان
6045	ثم دخلت سنة تسع وستين وأربعمئة
6047	وممن توفي فيها من الأعيان
6049	ثم استهلت سنة سبعين وأربعمئة
6050	وممن توفي فيها من الأعيان
6053	ثم دخلت سنة إحدى وسبعين وأربعمئة
6053	وممن توفي فيها من الأعيان
6054	ثم دخلت سنة ثنتين وسبعين وأربعمئة
6054	وممن توفي فيها من الأعيان
6055	ثم دخلت سنة ثلاث وسبعين وأربعمئة
6056	وممن توفي فيها من الأعيان
6057	ثم دخلت سنة أربع وسبعين وأربعمئة
6057	وممن توفي فيها من الأعيان
6059	ثم دخلت سنة خمس وسبعين وأربعمئة
6059	وممن توفي فيها من الأعيان
6060	ثم دخلت سنة ست وسبعين وأربعمئة
6061	وممن توفي فيها من الأعيان
6063	ثم دخلت سنة سبع وسبعين وأربعمئة
6064	وممن توفي فيها من الأعيان
6065	ثم دخلت سنة ثمان وسبعين وأربعمئة
6066	وممن توفي فيها من الأعيان
6070	ثم دخلت سنة تسع وسبعين وأربعمئة
6072	وممن توفي فيها من الأعيان
6073	ثم استهلت سنة ثمانين وأربعمئة
6074	وممن توفي في هذه السنة
6076	ثم دخلت سنة إحدى وثمانين وأربعمئة
6077	وممن توفي فيها من الأعيان
6077	ثم دخلت سنة ثنتين وثمانين وأربعمئة
6078	وممن توفي فيها من الأعيان
6079	ثم دخلت سنة ثلاث وثمانين وأربعمئة
6080	وممن توفي فيها من الأعيان
6080	ثم دخلت سنة أربع وثمانين وأربعمئة
6082	وممن توفي فيها من الأعيان
6083	ثم دخلت سنة خمس وثمانين وأربعمئة
6084	وممن توفي فيها من الأعيان
6090	ثم دخلت سنة ست وثمانين وأربعمئة
6091	وممن توفي فيها من الأعيان
6093	ثم دخلت سنة سبع وثمانين وأربعمئة
6094	ذكر ترجمة المقتدي بأمر الله، ﵀
6094	خلافة المستظهر بأمر الله أبي العباس أحمد
6095	وممن توفي فيها من الأعيان
6097	ثم دخلت سنة ثمان وثمانين وأربعمئة
6099	وممن توفي فيها من الأعيان
6103	ثم دخلت سنة تسع وثمانين وأربعمئة
6105	وممن توفي في هذه السنة من الأعيان
6107	ثم استهلت سنة تسعين وأربعمئة
6107	وممن توفي فيها من الأعيان
6108	ثم دخلت سنة إحدى وتسعين وأربعمئة
6109	وممن توفي فيها من الأعيان
6109	ثم دخلت سنة ثنتين وتسعين وأربعمئة
6111	وممن توفي فيها من الأعيان
6112	ثم دخلت سنة ثلاث وتسعين وأربعمئة
6113	وممن توفي فيها من الأعيان
6114	ثم دخلت سنة أربع وتسعين وأربعمئة
6116	وممن توفي فيها من الأعيان
6118	ثم دخلت سنة خمس وتسعين وأربعمئة
6119	وممن توفي فيها من الأعيان
6119	ثم دخلت سنة ست وتسعين وأربعمئة
6120	وممن توفي فيها من الأعيان
6121	ثم دخلت سنة سبع وتسعين وأربعمئة
6122	وممن توفي فيها من الأعيان
6123	ثم دخلت سنة ثمان وتسعين وأربعمئة
6123	وممن توفي في هذه السنة من الأعيان
6125	ثم دخلت سنة تسع وتسعين وأربعمئة
6125	وممن توفي فيها من الأعيان
6127	ثم استهلت سنة خمسمئة من الهجرة النبوية
6127	ومما وقع في هذه السنة من الحوادث
6129	وممن توفي فيها من الأعيان
6133	ثم دخلت سنة إحدى وخمسمئة
6134	وممن توفي فيها من الأعيان
6135	ثم دخلت سنة ثنتين وخمسمئة
6135	وممن توفي فيها من الأعيان
6137	ثم دخلت سنة ثلاث وخمسمئة
6137	وممن توفي فيها من الأعيان
6139	ثم دخلت سنة أربع وخمسمئة
6139	وممن توفي فيها الأعيان
6141	ثم دخلت سنة خمس وخمسمئة
6142	وممن توفي فيها من الأعيان
6144	ثم دخلت سنة ست وخمسمئة
6145	وممن توفي فيها من الأعيان
6147	ثم دخلت سنة سبع وخمسمئة
6148	وممن توفي فيها من الأعيان
6152	ثم دخلت سنة ثمان وخمسمئة
6153	ثم دخلت سنة تسع وخمسمئة
6154	وممن توفي فيها من الأعيان
6155	ثم دخلت سنة عشر وخمسمئة
6155	وممن توفي فيها من الأعيان
6157	ثم دخلت سنة إحدى عشرة وخمسمئة
6158	وممن توفي فيها من الأعيان
6160	ثم دخلت سنة ثنتى عشرة وخمسمئة
6160	وفاة الخليفة المستظهر بالله
6161	خلافة المسترشد بالله
6162	وممن توفي فيها من الأعيان
6164	ثم دخلت سنة ثلاث عشرة وخمسمئة
6165	وممن توفي فيها من الأعيان
6167	ثم دخلت سنة أربع عشرة وخمسمئة
6168	[وفي هذه السنة] كان ابتداء ملك محمد بن التومرت ببلاد المغرب
6172	وممن توفي فيها -[أعني سنة أربع عشرة وخمسمئة]- من الأعيان
6173	ثم دخلت سنة خمس عشرة وخمسمئة
6175	وممن توفي فيها من الأعيان
6177	[ثم دخلت سنة ست عشرة وخمسمئة]
6179	وممن توفي فيها من الأعيان
6183	ثم دخلت سنة سبع عشرة وخمسمئة
6184	وممن توفي فيها من الأعيان
6185	ثم دخلت سنة ثماني عشرة وخمسمئة
6186	وممن توفي فيها من الأعيان
6187	ثم دخلت سنة تسع عشرة وخمسمئة
6187	وممن توفي فيها من الأعيان
6188	[ثم دخلت سنة] عشرين وخمسمئة من الهجرة
6191	وممن توفي فيها من الأعيان
6192	بهرام بن بهرام، أبو شجاع البيع
6192	ثم دخلت سنة إحدى وعشرين وخمسمئة
6194	وممن توفي فيها من الأعيان
6195	ثم دخلت سنة ثنتين وعشرين وخمسمئة
6196	وممن توفي فيها من الأعيان
6197	الحسين بن علي بن أبي القاسم اللامشي
6197	ثم دخلت سنة ثلاث وعشرين وخمسمئة
6199	وممن توفي فيها من الأعيان
6199	ثم دخلت سنة أربع وعشرين وخمسمئة
6199	قتل خليفة مصر الفاطمي
6200	وممن توفي فيها من الأعيان
6202	ثم دخلت سنة خمس وعشرين وخمسمئة
6202	وممن توفي فيها من الأعيان
6205	ثم دخلت سنة ست وعشرين وخمسمئة
6206	وممن توفي فيها من الأعيان
6207	ثم دخلت سنة سبع وعشرين وخمسمئة
6208	وممن توفي فيها من الأعيان
6211	ثم دخلت سنة ثمان وعشرين وخمسمئة
6211	وممن توفي فيها من الأعيان
6213	ثم دخلت سنة تسع وعشرين وخمسمئة
6216	ذكر شيء من ترجمة المسترشد
6217	خلافة الراشد أبي جعفر منصور بن المسترشد
6217	وممن توفي فيها من الأعيان
6219	ثم دخلت سنة ثلاثين وخمسمئة
6220	خلافة المقتفي لأمر الله أبي عبد الله محمد بن المستظهر بالله
6220	فائدة حسنة ينبغي التنبيه عليها
6221	وممن توفي فيها من الأعيان
6223	ثم دخلت سنة إحدى وثلاثين وخمسمئة
6224	وممن توفي فيها من الأعيان
6224	ثم دخلت سنة ثنتين وثلاثين وخمسمئة
6226	وممن توفي فيها من الأعيان
6227	الخليفة الراشد منصور بن المسترشد
6230	ثم دخلت سنة ثلاث وثلاثين وخمسمئة
6230	وممن توفي فيها من الأعيان
6233	ثم دخلت سنة أربع وثلاثين وخمسمئة
6234	وممن توفي فيها من الأعيان
6234	ثم دخلت سنة خمس وثلاثين وخمسمئة
6235	وممن توفي فيها من الأعيان
6236	ثم دخلت سنة ست وثلاثين وخمسمئة
6237	وممن توفي فيها من الأعيان
6238	ثم دخلت سنة سبع وثلاثين وخمسمئة
6238	ثم دخلت سنة ثمان وثلاثين وخمسمئة
6238	وممن توفي فيها من الأعيان
6239	ثم دخلت سنة تسع وثلاثين وخمسمئة
6240	وممن توفي فيها من الأعيان
6241	ثم دخلت سنة أربعين وخمسمئة
6241	وممن توفي فيها من الأعيان
6242	ثم دخلت سنة إحدى وأربعين وخمسمئة
6244	[وممن توفي فيها من الأعيان
6246	ثم دخلت سنة ثنتين وأربعين وخمسمئة
6247	وممن توفي فيها [من الأعيان]
6248	ثم دخلت سنة ثلاث وأربعين وخمسمئة
6251	وممن توفي فيها من الأعيان
6252	ثم دخلت سنة أربع وأربعين وخمسمئة
6255	وممن توفي فيها [من الأعيان]
6258	ثم دخلت سنة خمس وأربعين خمسمئة
6259	وممن توفي فيها من الأعيان
6260	ثم دخلت سنة ست وأربعين وخمسمائة
6261	ثم دخلت سنة سبع وأربعين وخمسمائة
6264	ثم دخلت سنة ثمان وأربعين وخمسمائة
6266	ثم دخلت سنة تسع وأربعين وخمسمائة
6266	[ملك السلطان نور الدين الشهيد بدمشق]
6268	ثم دخلت سنة خمسين وخمسمائة
6269	فتح بعلبك بيد نور الدين الشهيد
6271	ثم دخلت سنة إحدى وخمسين وخمسمائة
6272	ذكر حصار بغداد
6276	ثم دخلت سنة ثنتين وخمسين وخمسمائة
6280	ثم دخلت سنة ثلاث وخمسين وخمسمائة
6284	ثم دخلت سنة أربع وخمسين وخمسمائة
6286	ثم دخلت سنة خمس وخمسين وخمسمائة
6286	[ذكر وفاة الخليفة المقتفي وخلافة المستنجد]
6287	خلافة المستنجد بالله أبي المظفر يوسف بن المقتفي
6292	ثم دخلت سنة ست وخمسين وخمسمائة
6295	ثم دخلت سنة سبع وخمسين وخمسمائة
6297	ثم دخلت سنة ثمان وخمسين وخمسمائة
6300	ثم دخلت سنة تسع وخمسين وخمسمائة
6301	وقعة حارم
6304	[ثم دخلت] سنة ستين وخمسمائة
6307	[ثم دخلت سنة إحدى وستين وخمسمائة]
6310	ثم دخلت سنة ثنتين وستين وخمسمائة
6311	ذكر فتح الإسكندرية على يد أسد الدين شيركوه
6313	ثم دخلت سنة ثلاث وستين وخمسمائة
6316	ثم دخلت سنة أربع وستين وخمسمائة
6319	صفة الخلعة التي لبسها صلاح الدين يومئذ مما ذكره الشيخ شهاب، الدين في "الروضتين"
6321	ذكر مقتل الطواشي مؤتمن الخلافة وأصحابه على يد الملك صلاح الدين، [نصره الله]
6321	وقعة السودان
6327	ثم دخلت سنة خمس وستين وخمسمائة
6330	ثم دخلت سنة ست وستين وخمسمائة
6331	خلافة المستضئ
6335	ثم دخلت سنة سبع وستين وخمسمائة
6336	موت العاضد آخر الخلفاء العبيديين
6348	ثم دخلت سنة ثمان وستين وخمسمائة
6349	فتح بلاد النوبة
6356	ثم دخلت سنة تسع وستين وخمسمائة
6367	فصل: في وفاة الملك العادل نور الدين محمود بن زنكي [بن آقسنقر التركي السلجوقي في هذه السنة، ﵀]، وذكر شيء من سيرته العادلة، وأيامه الكاملة
6381	صفة نور الدين رحمه الله تعالى
6381	فصل
6386	ثم دخلت سنة سبعين وخمسمائة
6388	فصل
6389	فصل
6396	ثم دخلت سنة إحدى وسبعين وخمسمائة
6398	فصل
6402	ثم دخلت سنة ثنتين وسبعين وخمسمائة
6408	ثم دخلت سنة ثلاث وسبعين وخمسمائة
6408	رضيت من الغنيمة بالإياب
6413	ثم دخلت سنة أربع وسبعين وخمسمائة
6420	ثم دخلت سنة خمس وسبعين وخمسمائة
6422	تخريب حصن بيت الأحزان قريب من صفد
6428	ثم دخلت سنة ست وسبعين وخمسمائة
6435	ثم دخلت سنة سبع وسبعين وخمسمائة
6436	ذكر وفاة الملك الصالح إسماعيل بن الملك نور الدين الشهيد صاحب حلب وما جرى بعده من الأمور
6440	ثم دخلت سنة ثمان وسبعين وخمسمائة
6442	فصل: [في هجمات برنس البحرية]
6443	فصل: في وفاة الملك المنصور عز الدين فروخشاه بن شاهنشاه بن أيوب، صاحب بعلبك، ونائب دمشق لعمه الملك صلاح الدين
6447	ثم دخلت سنة تسع وسبعين وخمسمائة
6450	فصل: [في غزو بيسان]
6452	فصل: [في غزو الكرك]
6452	ثم دخلت سنة ثمانين وخمسمائة
6455	ثم دخلت سنة إحدى وثمانين وخمسمائة
6462	ثم دخلت سنة ثنتين وثمانين وخمسمئة
6466	ثم دخلت سنة ثلاث وثمانين وخمسمئة
6473	ذكر فتح بيت المقدس في هذه السنة واستنقاذه من أيدي النصارى بعد ثنتين وتسعين سنة
6477	ذكر أول جمعة أقيمت ببيت المقدس بعد فتحه في الدولة الصلاحية
6481	نكتة غريبه
6483	فصل
6489	ثم دخلت سنة أربع وثمانين وخمسمئة
6492	فتح الكرك على يدي المسلمين
6492	فصل في صفة فتح صفد وحصن كوكب
6496	ثم دخلت سنة خمس وثمانين وخمسمئة
6497	قصة عكا وما كان من أمرها
6497	وقعة مرج عكا
6501	ثم دخلت سنة ست وثمانين وخمسمئة
6507	فصل
6510	فصل
6511	فصل
6512	فصل
6513	فصل
6514	فصل
6517	ثم دخلت سنة سبع وثمانين وخمسمئة
6519	فصل في كيفية أخذ العدو [المخذول مدينة عكا من يدي السلطان قسرا]
6524	فصل فيما جرى من الحوادث بعد أخذ الفرنج عكا
6529	ثم دخلت سنة ثمان وثمانين وخمسمئة
6539	فصل
6540	ثم دخلت سنة تسع وثمانين وخمسمئة
6544	ذكر تركته وشيء من ترجمته
6548	فصل
6553	ثم دخلت سنة تسعين وخمسمئة
6556	ثم دخلت سنة إحدى وتسعين وخمسمئة
6560	ثم دخلت سنة ثنتين وتسعين وخمسمئة
6564	ثم دخلت سنة ثلاث وتسعين وخمسمئة
6569	ثم دخلت سنة أربع وتسعين وخمسمئة
6573	ثم دخلت سنة خمس وتسعين وخمسمئة
6580	ثم دخلت سنة ست وتسعين وخمسمئة
6589	ثم دخلت سنة سبع وتسعين وخمسمئة
6602	ثم دخلت سنة ثمان وتسعين وخمسمئة
6607	ثم دخلت سنة تسع وتسعين وخمسمئة
6613	[ثم دخلت] سنة ستمئة من الهجرة النبوية
6623	ثم دخلت سنة إحدى وستمئة
6627	ثم دخلت سنة ثنتين وستمئة
6632	ثم دخلت سنة ثلاث وستمئة
6635	ثم دخلت سنة أربع وستمئة
6643	ثم دخلت سنة خمس وستمئة
6646	ثم دخلت سنة ست وستمئة
6655	ثم دخلت سنة سبع وستمئة
6656	ذكر وفاة صاحب الموصل نور الدين
6667	ثم دخلت سنة ثمان وستمئة
6671	ثم دخلت سنة تسع وستمئة
6674	ثم دخلت سنة عشر وستمئة
6679	ثم دخلت سنة إحدى عشرة وستمئه
6683	ثم دخلت سنة اثنتي عشرة وستمئة
6687	ثم دخلت سنة ثلاث عشرة وستمئة
6696	ثم دخلت سنة أربع عشرة وستمئة
6703	ثم دخلت سنة خمس عشرة وستمئة
6704	وفيها: توفي
6707	صفة أخذ الفرنج دمياط
6712	ثم دخلت سنة ست عشرة وستمئة
6715	وممن توفي فيها من الأعيان
6720	ثم دخلت سنة سبع عشرة وستمئة
6731	وممن توفي فيها أيضا
6735	ثم دخلت سنة ثمان عشرة وستمئة
6737	وممن توفي فيها من الأعيان
6741	ثم دخلت سنة تسع عشرة وستمئة
6742	وممن توفي فيها من الأعيان
6744	ثم دخلت سنة عشرين وستمئة
6745	وممن توفي فيها من الأعيان
6752	ثم دخلت سنة إحدى وعشرين وستمئة
6753	وممن توفي فيها من الأعيان
6755	ثم دخلت سنة اثنتين وعشرين وستمئة
6756	وفاة الخليفة الناصر لدين الله وخلافة ابنه الظاهر
6758	خلافة الظاهر بن الناصر
6760	وممن توفي في هذه السنة أيضا من الأعيان
6767	ثم دخلت سنة ثلاث وعشرين وستمئة
6768	وفاة الخليفة الظاهر [وخلافة ابنه المستنصر]
6769	خلافة المستنصر بالله العباسي
6771	وممن توفي فيها من الأعيان
6775	ثم دخلت سنة أربع وعشرين وستمئة
6777	وممن توفي فيها من الأعيان
6786	ثم دخلت سنة خمس وعشرين وستمئة
6787	ثم دخلت سنة ست وعشرين وستمئة
6788	وممن توفي فيها من الأعيان
6790	وممن [توفي فيها]
6792	ثم دخلت سنة سبع وعشرين وستمئة
6793	وممن توفي فيها من الأعيان
6794	ثم دخلت سنة ثمان وعشرين وستمئة
6797	وممن توفي فيها من الأعيان
6802	ثم دخلت سنة تسع وعشرين وستمئة
6803	وممن توفي فيها من الأعيان
6807	ثم دخلت سنة ثلاثين وستمئة
6809	وممن توفي من الأعيان في هذه السنة من المشاهير
6817	ثم دخلت سنة إحدى وثلاثين وستمئة
6819	وممن توفي في هذه السنة من الأعيان
6823	ثم دخلت سنة اثنتين وثلاثين وستمئة
6825	ثم دخلت سنة ثلاث وثلاثين وستمئة
6826	وممن توفي فيها من الأعيان والمشاهير
6829	ثم دخلت سنة أربع وثلاثين وستمئة
6830	وممن توفي فيها من الأعيان
6832	ثم دخلت سنة خمس وثلاثين وستمئة
6838	وممن توفي فيها من الأعيان
6841	ثم دخلت سنة ست وثلاثين وستمئة
6842	وممن توفي فيها من الأعيان
6844	ثم دخلت سنة سبع وثلاثين وستمئة
6846	وممن توفي فيها من الأعيان
6847	ثم دخلت سنة ثمان وثلاثين وستمئة
6849	وممن توفي فيها من الأعيان والمشاهير
6850	ثم دخلت سنة تسع وثلاثين وستمئة
6851	وفيها توفي
6853	[ثم دخلت] سنة أربعين وستمئة [من الهجرة النبوية]
6856	خلافة المستعصم بالله
6858	وممن توفي فيها من الأعيان
6859	ثم دخلت سنة إحدى وأربعين وستمئة
6861	وممن توفي فيها من الأعيان
6863	ثم دخلت سنة ثنتين وأربعين وستمئة
6865	وممن توفي فيها من الأعيان
6866	ثم دخلت سنة ثلاث وأربعين وستمئة
6870	وممن توفي في هذه السنة من الأعيان
6876	وفيها: توفي
6876	ثم دخلت سنة أربع وأربعين وستمئة
6878	وفيها: توفي
6878	وفيها توفي
6879	وفيها توفي
6879	ثم دخلت سنة خمس وأربعين وستمئة
6880	وممن توفي فيها من الأعيان
6882	ثم دخلت سنة ست وأربعين وستمئة
6884	وممن توفي فيها
6887	ثم دخلت سنة سبع وأربعين وستمئة
6887	فيها: كانت وفاة
6889	وممن قتل في هذه السنة
6890	ثم دخلت سنة ثمان وأربعين وستمئة
6891	تمليك الملك المعز عز الدين أيبك التركماني بمصر بعد بني أيوب وهذا أول دولة الأتراك
6891	ذكر ملك الناصر بن العزيز بن الظاهر صاحب حلب لدمشق
6892	ذكر شيء من ترجمة من الصالح أبي الخيش إسماعيل
6893	وممن توفي في هذه السنة من الأعيان والمشاهير
6895	ثم دخلت سنة تسع وأربعين وستمئة
6896	وممن توفي فيها
6897	ثم دخلت سنة خمسين وستمئة هجرية
6899	وفيها توفي
6899	وممن توفي فيها [من الأعيان]
6901	ثم دخلت سنة إحدى وخمسين وستمئة
6903	ثم دخلت سنة اثنتين وخمسين وستمئة
6904	وممن توفي فيها من المشاهير
6906	ثم دخلت سنة ثلاث وخمسين وستمئة
6907	وفيها: توفي
6907	ثم دخلت سنة أربع وخمسين وستمئة
6919	وممن توفي في هذه السنة من الأعيان
6922	وممن توفي فيها
6922	ثم دخلت سنة خمس وخمسين وستمئة
6925	وممن توفي في هذه السنة من الأعيان
6930	ثم دخلت سنة ست وخمسين وستمئة
6947	فصل
6948	فصل
6958	ثم دخلت سنة سبع وخمسين وستمئة
6960	ولاية الملك المظفر قطز [بمصر]
6961	وفيها: توفي من الأعيان
6966	ثم دخلت سنة ثمان وخمسين وستمئة
6966	أخذ حلب ودمشق
6967	صفة أخذهم دمشق وزوال ملكهم عنها سريعا
6969	وقعة عين جالوت
6974	ذكر سلطنة الملك الظاهر بيبرس البندقداري
6977	وفيها: توفي من الأعيان
6978	وفيها توفي
6987	ثم دخلت سنة تسع وخمسين وستمئة
6991	خلافة المستنصر أبي القاسم أحمد بن الظاهر بن الناصر العباسي بمصر
6995	تولية الخليفة المستنصر بالله للملك الظاهر السلطنة
6995	ذكر تجهيز الخليفة قاصدا إلى بغداد
6996	ثم دخلت سنة ستين وستمئة
6997	ذكر بيعة الحاكم بأمر الله العباسي
7000	وممن توفي فيها من الأعيان
7004	وفيها توفي
7005	ثم دخلت سنة إحدى وستين وستمئة
7005	ذكر خلافة الحاكم بأمر الله أبي العباس
7007	ذكر أخذ الظاهر الكرك وإعدام صاحبها
7012	وفيها توفي من الأعيان
7012	وممن توفي فيها أيضا
7015	ثم دخلت سنة ثنتين وستين وستمئة
7016	وفيها كانت وفاة
7020	ثم دخلت سنة ثلاث وستين وستمئة
7022	وفيها توفي
7023	ثم دخلت سنة أربع وستين وستمئة
7026	وفيها توفي من الأعيان
7027	ثم دخلت سنة خمس وستين وستمئة
7029	وممن توفي من الأعيان
7032	[مولد القاسم بن محمد البرزالي]
7032	ثم دخلت سنة ست وستين وستمئة
7033	فتح أنطاكية على يد السلطان الملك الظاهر
7036	وفيها توفي
7037	وممن توفي فيها من الأعيان
7037	[مولد الشرف ابن تيمية والقزويني]
7037	ثم دخلت سنة سبع وستين وستمئة
7039	وممن توفي فيها من الأعيان
7041	[ولادة ابن الزملكاني]
7041	ثم دخلت سنة ثمان وستين وستمئة
7042	وممن توفي فيها من الأعيان
7045	ثم دخلت سنة تسع وستين وستمئة
7047	وممن توفي فيها من الأعيان
7049	ثم دخلت سنة سبعين وستمئة من الهجرة
7050	وفيها توفي
7052	ثم دخلت سنة إحدى وسبعين وستمئة
7055	وممن توفي فيها من الأعيان
7057	ثم دخلت سنة اثنتين وسبعين وستمئة
7058	وممن توفي فيها من الأعيان
7062	ثم دخلت سنة ثلاث وسبعين وستمئة
7062	ومن توفي فيها من الأعيان
7063	ثم دخلت سنة أربع وسبعين وستمئة
7065	وممن توفي فيها من الأعيان
7066	ثم دخلت سنة خمس وسبعين وستمئة
7067	وقعة البلستين وفتح قيسارية
7068	وممن توفي فيها من الأعيان
7071	ثم دخلت سنة ست وسبعين وستمئة
7076	وممن توفي فيها من الأعيان
7080	ثم دخلت سنة سبع وسبعين وستمئة
7083	وممن توفي فيها من الأعيان
7090	وصل في مشاهد الجمال
7091	المظاهر العلوية
7091	المظاهر المعنوية
7092	المظاهر الجلالية
7093	المظاهر الكمالية
7095	ثم دخلت سنة ثمان وسبعين وستمئة
7097	خلع الملك السعيد وتولية أخيه الملك العادل سلامش
7098	[ذكر] بيعة الملك المنصور قلاوون الصالحي
7098	[ذكر] سلطنة سنقر الأشقر بدمشق
7099	وممن توفي فيها من الأعيان
7101	ثم دخلت سنة تسع وسبعين وستمئة
7106	وممن توفي فيها من الأعيان
7108	ثم دخلت سنة ثمانين وستمئة [من الهجرة]
7111	وقعة حمص
7115	وممن توفي فيها من الأعيان
7116	وفي عاشر المحرم توفي
7119	ثم دخلت سنة إحدى وثمانين وستمئة
7120	وممن توفي فيها من الأعيان
7123	ثم دخلت سنة اثنتين وثمانين وستمئة
7125	وممن توفي فيها من الأعيان
7127	وفي خامس رجب توفي
7127	ثم دخلت سنة ثلاث وثمانين وستمئة
7128	تمليك أرغون بن أبغا على التتار
7129	وممن توفي فيها من الأعيان
7130	وفيها توفي
7130	وفي هذا اليوم توفي بحماة ملكها
7131	ثم دخلت سنة أربع وثمانين وستمئة
7132	وممن توفي فيها من الأعيان
7136	ثم دخلت سنة خمس وثمانين وستمئة
7138	وممن توفي فيها من الأعيان
7140	وفيها كانت وفاة
7141	ثم دخلت سنة ست وثمانين وستمئة
7143	وممن توفي فيها من الأعيان
7145	ثم دخلت سنة سبع وثمانين وستمئة
7147	وممن توفي فيها من الأعيان
7148	وفي يوم الأربعاء ثالث ربيع الأول توفي
7149	ثم دخلت سنة ثمان وثمانين وستمئة
7151	وممن توفي فيها من الأعيان
7154	ثم دخلت سنة تسع وثمانين وستمئة
7156	وفاة الملك المنصور قلاوون
7157	وممن توفي فيها من الأعيان
7161	ثم دخلت سنة تسعين وستمئة (من الهجرة)
7163	[ذكر] فتح عكا وبقية السواحل
7170	وممن توفي فيها من الأعيان
7173	وفي ثالث شعبان توفي
7176	ثم دخلت سنة إحدي وستمئة
7177	فتح قلعة الروم
7183	وممن توفى فيها من الأعيان
7186	ثم دخلت سنة ثنتين وتسعين وستمئة
7188	وكان ممن حج في هذه السنة
7188	وممن توفي فيها من الأعيان
7191	ثم دخلت سنة ثلاث وتسعين وستمئة
7193	واقعة عساف النصراني
7195	وممن توفي فيها من الأعيان
7199	دخلت سنة أربع وتسعين وستمئة
7199	ذكر سلطنة الملك العادل كتبغا
7202	وفيها توفي من الأعيان
7208	ثم دخلت سنة خمس وتسعين وستمئة
7211	وممن توفي فيها من الأعيان
7215	ثم دخلت سنة ست وتسعين وستمئة
7217	ذكر سلطنة الملك المنصور لاجين السلحدار
7221	وممن توفي فيهما عن الأعيان
7224	ثم دخلت سنة سبع وتسعين وستمئة
7227	وممن توفي فيها (من الأعيان)
7229	ثم دخلت سنة ثمان وتسعين وستمئة
7229	ذكر مقتل المنصور لاجين وعود الملك إلى محمد بن قلاوون
7231	محنة الشيخ تقي الدين بن تيمية
7233	وممن توفي فيها من الأعيان
7236	ثم دخلت سنة تسع وتسعين وستمئة
7237	وقعة قازان
7248	وممن توفي فيها من الأعيان
7250	[ثم دخلت] سنة سبعمئة من الهجرة النبوية
7254	وممن توفي فيها من الأعيان
7256	٧٠١ هـ - ٧٦٨ هـ
7257	مقدمة التحقيق
7264	ثم دخلت سنة إحدى وسبعمئة
7268	وممن توفي فيها من الأعيان
7268	خلافة المستكفي بالله أمير المؤمنين ابن الحاكم بأمر الله العباسي
7268	وتوفي فيها
7270	ثم دخلت سنة اثنتين وسبعمئة من الهجرة
7272	عجيبة من عجائب البحر
7273	أوائل وقعة شقحب
7276	صفة وقعة شقحب
7279	وممن توفي فيها من الأعيان
7280	ثم دخلت سنة ثلاث وسبعمئة
7284	وممن توفي فيها من الأعيان: ملك التترغازان.
7286	[ترجمة الوالد ﵀]
7289	ثم دخلت سنة أربع وسبعمئة
7292	وممن توفي فيها من الأعيان
7292	ثم دخلت سنة خمس وسبعمئة
7293	[ما جرى للشيخ تقي الدين بن تيمية مع الأحمدية وكيف عقدت له المجالس الثلاثة]
7298	وممن توفي فيها من الأعيان
7300	ثم دخلت سنة ست وسبعمئة
7305	وممن توفي فيها من الأعيان
7306	ثم دخلت سنة سبع وسبعمئة
7315	وممن توفي فيها من الأعيان
7315	ثم دخلت سنة ثمان وسبعمئة
7317	ذكر سلطنة الملك المظفر ركن الدين بيبرس الجاشنكير
7318	وممن توفي فيها من الأعيان
7319	ثم دخلت سنة تسع وسبعمئة
7323	صفة عود الملك إلى الملك الناصر بن الملك المنصور قلاوون [وزوال دولة الملك المظفر الجاشنكير بيبرس وخذلان شيخه نصر المنبجي الاتحادي الحلولي
7329	وممن توفي فيها من الأعيان
7331	ثم دخلت سنة عشر وسبعمئة
7335	وممن توفي فيها من الأعيان
7337	ثم دخلت سنة إحدي عشرة وسبعمئة
7342	وممن توفي فيها من الأعيان
7346	ثم دخلت سنة اثنتي عشرة وسبعمئة
7348	نيابة تنكز على الشام
7352	وممن توفي فيها من الأعيان
7353	ثم دخلت سنة ثلاث عشرة وسبعمئة
7355	وممن توفي فيها من الأعيان
7356	ثم دخلت سنة أربع عشرة وسبعمئة
7359	وممن توفي فيها من الأعيان
7359	وفي شعبان توفي
7360	وفي يوم عرفة توفيت
7360	ثم دخلت سنة خمس عشرة وسبعمئة
7360	فتح ملطية
7363	وممن توفي فيها من الأعيان
7365	ثم دخلت سنة ست عشرة وسبعمئة
7369	وممن توفي فيها من الأعيان
7374	وفي يوم عرفة توفي
7374	ثم دخلت سنة سبع عشرة وسبعمئة
7378	صفة خروج المهدي الضال بأرض جبلة
7379	وممن توفي فيها من الأعيان
7382	ثم دخلت سنة ثمان عشرة وسعمئة
7386	وممن توفي فيها من الأعيان
7391	ثم دخلت سنة تسع عشرة وسبعمئة
7394	وفي هذا الشهر جاء الخبر بموت
7397	ثم دخلت سنة عشرين وسبعمئة
7401	وممن توفي فيها من الأعيان
7401	ثم دخلت سنة إحدى وعشرين وسبعمئة
7405	وممن توفي فيها من الأعيان
7407	ثم دخلت سنة اثنتين وعشرين وسبعمئة
7409	وممن توفي فيها من الأعيان
7413	ثم دخلت سنة ثلاث وعشرين وسبعمئة
7415	وممن توفي فيها من الأعيان
7416	وفي ربيع الأول قتل
7420	وفي يوم الخميس ثالث ذي القعدة توفي
7422	ثم دخلت سنة أربع وعشرين وسبعمئة
7427	وممن توفي فيها من الأعيان؛ توفي في مستهل المحرم
7432	ثم دخلت سنة خمس وعشرين وسبعمئة
7435	وممن توفي فيها من الأعيان
7438	وفيه توفي
7440	ثم دخلت سنة ست وعشرين وسبعمئة
7444	وممن توفي فيها من الأعيان
7447	وفيها كانت وفاة
7448	وفيها توفي
7448	ثم دخلت سنة سبع وعشرين وسبعمئة
7452	وممن توفي فيها من الأعيان
7456	ثم دخلت سنة ثمان وعشرين وسبعمئة
7461	ذكر وفاة الشيخ تقي الدين بن تيمية ﵁
7468	وممن توفي فيها من الأعيان
7471	ثم دخلت سنة تسع وعشرين وسبعمئة
7474	وممن توفي فيها من الأعيان
7479	ثم دخلت سنة ثلاثين وسبعمئة
7481	وممن توفي فيها من الأعيان
7486	ثم دخلت سنة إحدى وثلاثين وسبعمئة
7490	وممن توفي فيها من الأعيان
7493	ثم دخلت سنة اثنتين وثلاثين وسبعمئة
7495	وممن توفي فيها من الأعيان
7499	ثم دخلت سنة ثلاث وثلاثين وسبعمئة
7503	وممن توفي فيها من الأعيان
7506	ثم دخلت سنة أربع وثلاثين وسبعمئة
7507	قضية القاضي ابن جملة
7509	وممن توفي فيها من الأعيان
7514	ثم دخلت سنة خمس وثلاثين وسبعمئة
7516	وتوفي فيها من الأعيان
7519	ثم دخلت سنة ست وثلاثين وسبعمئة
7522	وممن توفي فيها من الأعيان
7525	ثم دخلت سنة سبع وثلاثين وسبعمئة
7527	وممن توفي فيها من الأعيان
7530	ثم دخلت سنة ثمان وثلاثين وسبعمئة
7532	وممن توفي فيها من الأعيان
7536	ثم دخلت سنة تسع وثلاثين وسبعمئة
7538	وممن توفي فيها من الأعيان
7539	وممن توفي فيها رابع الحجة يوم الأحد
7540	ثم دخلت سنة أربعين وسبعمئة
7542	وممن توفي فيها من الأعيان
7542	ثم دخلت سنة إحدي وأربعين وسبعمئة
7547	ثم دخلت سنة اثنتين وأربعين وسبعمئة
7548	كائنة غريبة جدا
7551	كائنة غريبة جدا
7553	عجيبة من عجائب الدهر
7560	ثم دخلت سنة ثلاث وأربعين وسبعمئة
7569	ثم دخلت سنة أربع وأربعين وسبعمئة
7574	ثم دخلت سنة خمس وأربعين وسبعمئة
7579	ثم دخلت سنة ست وأربعين وسبعمئة
7580	وفاة الملك الصالح إسماعيل
7582	ثم دخلت سنة سبع وأربعين وسبعمئة
7586	ثم دخلت سنة ثمان وأربعين وسبعمئة
7591	مقتل المظفر وتولية الناصر حسن بن الناصر
7592	ثم دخلت سنة تسع وأربعين وسبعمئة
7598	ثم دخلت سنة خمسين وسبعمئة
7599	مسك نائب السلطنة أرغون شاه
7600	كائنة عجيبة غريبة جدا
7603	ثم دخلت سنة إحدى وخمسين وسبعمئة
7604	ترجمة الشيخ شمس الدين بن قيم الجوزية
7608	ثم دخلت سنة ثنتين وخمسين وسبعمئة
7611	كائنة غريبة جدا
7611	مملكة السلطان الملك الصالح
7612	ثم دخلت سنة ثلاث وخمسين وسبعمئة
7613	ترجمة باب جيرون المشهور بدمشق
7614	بيان تقدم مدة هذا الباب وزيادتها على مدة أربعة آلاف سنة بل يقارب الخمسة
7616	دخول بيبغا أروس إلى دمشق
7619	قتل الأمراء السبعة من أصحاب بيبغا
7620	خروج السلطان من دمشق متوجها إلى بلاد مصر
7621	ثم دخلت سنة أربع وخمسين وسبعمئة
7622	ذكر أمر غريب جدا
7624	ثم دخلت سنة خمس وخمسين وسبعمئة
7625	نادرة من الغرائب
7626	عودة الملك الناصر حسن بن الملك الناصر محمد بن قلاوون
7627	ثم دخلت سنة ست وخمسين وسبعمئة
7630	ثم دخلت سنة سبع وخمسين وسبعمئة
7634	ثم دخلت سنة ثمان وخمسين وسبعمئة
7634	كائنة غريبة جدا
7635	وفاة أرغون الكاملي باني البيمارستان بحلب
7636	وفاة الأمير شيخون
7636	ثم دخلت سنة تسع وخمسين وسبعمئة
7639	دخول نائب السلطنة منجك إلى دمشق
7640	عزل القضاة الثلاثة بدمشق
7641	مسك الأمير صرغتمش أتابك الأمراء بالديار المصرية
7642	إعادة القضاة
7643	عزل منجك عن دمشق
7644	ثم دخلت سنة ستين وسبعمئة
7645	مسك الأمير علي المارداني نائب الشام
7646	كائنة وقعت بقرية حوران فأوقع الله بهم بأسا شديدا في هذا الشهر الشريف
7647	دخول نائب السلطنة الأمير سيف الدين أسندمر اليحياوي
7648	ثم دخلت سنة إحدى وستين وسبعمئة
7650	مسك منحك وصفة الظهور عليه وكان مختفيا بدمشق حوالي سنة
7651	الاحتياط على الكتبة والدواوين
7652	موت فياض بن مهنا
7652	كائنة عجيبة جدا: هي المعلم سنجر مملوك ابن هلال
7654	مسك نائب السلطنة أسندمر اليحياوي
7655	دخول نائب السلطنة الأمير سيف الدين بيدمر إلى دمشق
7657	الأمر بإلزام القلندرية بترك حلق لحاهم وحواجبهم وشواربهم وذلك محرم بالإجماع حسب ما حكاه ابن حزم وإنما ذكره بعض الفقهاء بالكراهية
7658	وبلغنا في هذا الشهر وفاة
7659	ثم دخلت سنة اثنتين وستين وسبعمئة
7666	تنبيه على واقعة غريبة واتفاق عجيب
7669	خروج ملك الأمراء بيدمر من دمشق متوجها إلى غزة ليلحق العساكر هناك
7671	وصول السلطان الملك المنصور إلى المصطبة غربي عقبة سجورا
7672	سبب خروج بيدمر من القلعة وصفة ذلك
7672	دخول السلطان المنصور محمد ابن الملك المظفر أمير حاجي ابن الملك الناصر محمد ابن الملك المنصور قلاوون إلى دمشق في جيشه وجنوده وأمرائه وأبهته
7674	خروج السلطان من دمشق قاصدا مصر
7677	ثم دخلت سنة ثلاث وستين وسبعمئة
7678	منام غريب جدا
7682	موت الخليفة المعتضد بالله
7682	خلافة المتوكل على الله
7683	أعجوبة من العجائب
7684	عزل الأمير علي عن نيابة دمشق المحروسة
7684	سفر قاضي القضاة تاج الدين عبد الوهاب بن السبكي الشافعي مطلوبا إلى الديار المصرية معزولا عن قضاء دمشق
7685	أعجوبة أخرى غريبة
7685	دخول نائب السلطنة سيف الدين قشتمر
7687	ثم دخلت سنة أربع وستين وسبعمئة
7689	بشارة عظيمة بوضع الشطر من مكس الغنم
7691	غريبة من الغرائب وعجيبة من العجائب
7695	وفاة الخطيب جمال الدين محمود بن جملة ومباشرة تاج الدين بعده
7697	دخول نائب السلطنة منكلي بغا
7698	ثم دخلت سنة خمس وستين وسبعمئة
7702	فتح باب كيسان بعد غلقه نحوا من مئتي سنة
7704	تجديد خطبة ثانية داخل سور دمشق منذ فتوح الشام
7704	ثم دخلت سنة ست وستين وسبعمئة
7706	قتل الرافضي الخبيث
7707	استنابة ولي الدين بن بهاء الدين أبي البكتاء السبكي
7707	ولاية قاضي القضاة بهاء الدين السبكي قضاء مصر بعد عزل عز الدين بن جماعة نفسه
7709	طرح مكس القطن المغزول البلدي والمجلوب
7710	ثم دخلت سنة سبع ستين وسبعمئة
7710	استيلاء الفرنج لعنهم الله على الإسكندرية
7713	عقد مجلس بسبب قاضي القضاة تاج الدين السبكي
7715	عودة قاضي القضاة السبكي إلى دمشق
7716	الوقعة بين الأمراء بالديار المصرية
7717	مما يتعلق بأمر بغداد
7717	وفاة قاضي القضاة عز الدين عبد العزيز بن جماعة الشافعي
7719	درس التفسير بالجامع الأموي
7719	سنة ثمان وستين وسبعمئة
7720	سفر نائب السلطنة إلى الديار المصرية
7722	مقتل يلبغا الأمير الكبير
7724	المصادر والمراجع
7728	٤ - ذكر الآخرة وأحوالها
7729	مقدمة المحقق
7730	منهج التحقيق
7733	ترجمة المؤلف
7739	ذكر قتال الهند
7740	حديث عمرو بن تغلب
7741	حديث أبي بكرة الثقفي في ذلك
7742	حديث معاوية بن أبي سفيان في قتال الترك
7746	حديث فيما بعد المئتين من الهجرة
7746	ذكر سنة خمسمئة
7747	ذكر الخبر الوارد في خروج نار من أرض الحجاز أضاءت لها أعناق الإبل ببصرى من أرض الشام وذلك في سنة أربع وخمسين وستمئة
7748	ذكر إخباره ﷺ بالغيوب المستقبلة، بعد زماننا هذا
7751	باب ذكر الفتن جملة ثم نفصل ذكرها بعد ذلك إن شاء الله تعالى
7752	باب افترق الأمم
7758	ذكر شرور تحدث في هذه الأمة في آخر الزمان وإن كان قد وجد بعضها في زماننا أيضا
7764	فصل في ذكر المهدي الذي يكون في آخر الزمان
7770	ذكر أنواع من الفتن وقعت وستكثر وتتفاقم في آخر الزمان
7783	فصل في تعداد الآيات والأشراط الواقعة
7786	ذكر قتال الملحمة مع الروم الذي يكون آخره فتح القسطنطينية
7794	ذكر خروج الدجال بعد وقوع الملحمة الرومية وفتح القسطنطينية
7797	الكلام على أحاديث الدجال
7801	حديث فاطمة بنت قيس في الدجال
7810	حديث عن أبي أمامة الباهلي صدي بن عجلان في معنى حديث النواس بن سمعان
7814	ذكر أحاديث منثورة في الدجال
7814	حديث عن أبي بكر الصديق ﵁
7815	حديث عن علي بن أبي طالب ﵁
7815	حديث عن سعد بن أبي وقاص ﵁
7815	حديث عن الصعب بن جثامة
7815	حديث عن أبي عبيدة بن الجراح ﵁
7816	حديث عن أبي بن كعب ﵁
7816	حديث عن أبي سعيد الخدري ﵁
7816	حديث عن أنس بن مالك ﵁
7817	طريق أخرى عن أنس بن مالك ﵁
7817	طريق أخرى عن أنس ﵁
7818	طريق أخرى عن أنس ﵁
7818	حديث عن سفينة ﵁
7818	حديث عن معاذ بن جبل ﵁
7819	حديث عن سمرة بن جندب ﵁
7819	حديث آخر عن سمرة
7820	حديث عن جابر ﵁
7820	طريق أخرى عن جابر
7821	طريق أخرى عن جابر ﵁
7821	حديث عن ابن عباس ﵄
7822	حديث عن هشام بن عامر
7822	حديث عن ابن عمر ﵄
7823	طريق أخرى عن سالم
7823	طريق أخرى
7824	طريق أخرى
7824	حديث عبد الله بن عمرو ﵄
7824	طريق أخرى عنه
7825	حديث عن أسماء بنت يزيد بن السكن الأنصارية
7826	حديث عائشة ﵂
7826	طريق أخرى عنها
7827	حديث عن أم سلمة ﵂
7827	حديث رافع بن خديج
7828	حديث عن عثمان بن أبي العاص ﵁
7830	حديث عن عبد الله بن بسر ﵄
7830	حديث عن سلمة بن الأكوع ﵁
7830	حديث محجن بن الأدرع ﵁
7831	حديث آخر
7832	حديث نهيك بن صريم ﵁
7832	حديث أبي هريرة ﵁
7832	طريق أخرى عن أبي هريرة
7833	طريق أخرى عن أبي هريرة
7833	طريق أخرى عن أبي هريرة ﵁
7833	طريق أخرى عنه
7833	حديث عمران بن حصين ﵁
7834	حديث عبادة بن الصامت ﵁
7834	حديث عن أسماء بنت عميس
7835	حديث المغيرة بن شعبة ﵁
7838	ذكر ما يعصم من الدجال
7840	ملخص سيرة الدجال لعنه الله تعالى
7842	صفة الدجال قبحه الله، ولعنه، وأخزاه، وأخسأه
7844	خبر عجيب ونبأ غريب
7848	ذكر نزول عيسى ابن مريم من السماء الدنيا إلى الأرض في آخر الزمان
7848	ذكر الأحاديث الواردة في ذلك
7852	حديث عن ابن مسعود
7853	صفة المسيح عيسى ابن مريم رسول الله ﷺ
7856	ذكر خروج يأجوج ومأجوج، وذلك في أيام عيسى ابن مريم بعد قتله الدجال فيهلكهم الله أجمعين في ليلة واحدة ببركة دعائه عليهم
7860	ذكر تخريب الكعبة شرفها الله تعالى على يدي ذي السويقتين الأفج الحبشي، قبحه الله
7861	صفة تخريبه إياها قبحه الله وشرفها
7863	فصل
7863	خروج الدابة من الأرض تكلم الناس
7868	حديث عن أبي أمامة
7868	ذكر طلوع الشمس من مغربها
7873	ذكر الدخان الذي يكون قبل يوم القيامة
7875	ذكر الصواعق التي تكون عند اقتراب الساعة
7875	ذكر وقوع المطر الشديد قبل يوم القيامة
7876	باب ذكر أمور لا تقوم الساعة حتى تكون منها ما قد وقع ومنها ما لم يقع بعد
7882	صفة أهل آخر الزمان
7885	ذكر طرق الحديث الذي روى عن رسول الله ﷺ كل طرفة عين، أنه قال ﷺ: "بعثت أنا والساعة كهاتين" رواية أنس بن مالك، ﵁
7885	طريق أخرى عنه
7886	طريق أخرى عنه
7886	رواية جابر بن عبد الله ﵄
7886	رواية سهل بن سعد، ﵁
7887	رواية أبي هريرة ﵁
7887	[رواية أبي جبيرة بن الضحاك]
7887	حديث في تقريب يوم القيامة بالنسبة إلى ما سلف من الأزمنة
7888	طريق أخرى عن ابن عمر ﵄
7888	طريق أخرى عنه
7890	رواية جابر بن عبد الله ﵄
7890	طريق أخرى عن جابر ﵁
7891	ذكر دنو الساعة واقترابها وأنها آتية لا ريب فيها، وأنها لا تأتي إلا بغتة، ولا يعلم وقتها على التعيين إلا الله تعالى
7895	ذكر زوال الدنيا وإقبال الآخرة
7898	حديث الصور بطوله
7905	فصل
7907	ذكر أمر هذه النار وحشرها الناس إلى أرض الشام
7911	نفخة الصعق
7912	فصل
7913	فصل
7915	نفخة البعث
7917	ذكر أحاديث في البعث
7918	حديث أبي رزين في البعث والنشور
7924	ذكر أسماء يوم القيامة
7925	ذكر أن يوم القيامة، هو يوم النفخ في الصور لبعث الأجساد من قبورها، وأن ذلك يكون في يوم الجمعة
7927	ذكر أن أول من تنشق عنه الأرض يوم القيامة رسول الله ﷺ
7930	ذكر بعث الناس حفاة عراة غرلا، وذكر أول من يكسى يومئذ من الناس
7935	ذكر شيء من أهوال يوم القيامة
7939	ذكر الأحاديث والآثار الدالة على أهوال يوم القيامة وما يكون في ذلك اليوم من الأمور الكبار والشدائد وما فيه من المغفرة والرحمة والرضوان والجنان والنيران
7944	فصل
7947	ذكر طول يوم القيامة وما ورد في مقداره
7952	ذكر المقام المحمود الذي خص به رسول الله ﷺ، من بين سائر الأنبياء عليهم الصلاة والسلام ومن ذلك الشفاعة العظمى في أهل الموقف ليجيء الرب ﷿ فيفصل بينهم ويريح المؤمنين من ذلك الحال إلى حسن المآب والمآل
7955	رواية أبي هريرة ﵁
7959	ذكر ما ورد في الحوض النبوي المحمدي سقانا الله منه يوم القيامة
7960	رواية أبي بن كعب الأنصاري
7960	رواية أنس بن مالك الأنصاري خادم رسول الله ﷺ ﵁
7960	طريق أخرى عن أنس بن مالك ﵁
7961	طريق أخرى عن أنس بن مالك ﵁
7962	طريق أخرى عن أنس ﵁
7963	طريق أخرى عن أنس ﵁
7963	رواية بريدة بن الحصيب الأسلمي
7964	رواية ثوبان ﵁
7965	طريق أخرى عن ثوبان
7965	رواية جابر بن سمرة ﵄
7966	طريق أخرى عن جابر بن سمرة ﵄
7966	رواية جابر بن عبد الله ﵄
7966	طريق أخرى عن جابر ﵄
7967	رواية جندب بن عبد الله البجلي ﵁
7967	رواية حارثة بن وهب الخزاعي ﵁
7968	رواية حذيفة بن أسيد أبي سريحة الغفاري
7968	رواية حذيفة بن اليمان ﵁
7969	حديث الحسن بن علي بن أبي طالب ﵄
7969	حديث أبي عمارة حمزة بن عبد المطلب ﵁
7970	رواية زيد بن أرقم ﵁
7970	طريق أخرى عن زيد بن أرقم ﵁
7971	وأما رواية سلمان الفارسي ﵁
7971	رواية سمرة بن جندب الفزاري ﵁
7971	رواية سهل بن سعد الساعدي ﵁
7972	رواية عبد الله بن زيد بن عاصم المازني ﵁
7972	رواية عبد الله بن عباس ﵂
7973	طريق أخرى عن ابن عباس ﵄
7973	رواية عبد الله بن عمر ﵄
7973	طريق أخرى عن ابن عمر ﵄
7974	طريق أخرى عن ابن عمر ﵄
7974	رواية عبد الله بن عمرو بن العاص ﵄
7974	طريق أخرى عن عبد الله بن عمرو بن العاص ﵄
7975	طريق أخرى عنه
7975	رواية عبد الله بن مسعود الهذلي ﵁
7976	طريق أخرى عنه في الحوض وغيره
7977	رواية عتبة بن عبد السلمي ﵁
7977	رواية عقبة بن عامر الجهني ﵁
7978	ذكر ما روي عن عمر بن الخطاب ﵁ في ذلك
7978	رواية النواس بن سمعان الكلابي ﵁
7978	رواية أبي أمامة الباهلي ﵁
7979	طريق أخرى عنه
7979	رواية أبي برزة الأسلمي ﵁
7980	طريق أخرى
7980	رواية أبي بكرة الثقفي ﵁
7981	رواية أبي ذر الغفاري ﵁
7981	رواية أبي سعيد الخدري ﵁
7982	رواية أبي هريرة الدوسي ﵁
7982	طريق أخرى عنه ﵁
7983	طريق أخرى عنه ﵁
7984	طريق أخرى عنه
7985	رواية أسماء بنت الصديق ﵄
7985	رواية أم المؤمنين عائشة بنت الصديق ﵄
7985	رواية أم سلمة أم المؤمنين ﵂
7986	رواية أخ لزيد بن أرقم
7986	ذكر أن لكل نبي حوضا وأن حوض نبينا محمد ﷺ وعليهم أجمعين أعظمها وأجلها، وأكثرها واردا جعلنا الله تعالى من وراده، وسقانا منه شربة لا نظمأ بعدها، ونعوذ بالله سبحانه أن نذاد عنه
7987	حديث آخر
7988	فصل
7989	فصل
7990	فصل في مجيء الرب ﷾ كما يشاء يوم القيامة لفصل القضاء بين خلقه
7994	ذكر كلام الرب تعالى مع آدم ﵇
7996	كلام الرب تعالى مع نوح ﵇ وسؤاله إياه عن البلاغ
7997	ذكر تشريف إبراهيم الخليل ﵇ يوم القيامة على رؤوس الأشهاد
7997	ذكر موسى ﵇ وظهور شرفه وجلالته [وكرامته] يوم القيامة ووجاهته [عند الله] وكثرة أتباعه وانتشار أمته
7998	ذكر عيسى ابن مريم ﵇ وكلام الرب معه يوم القيامة
7999	وأما المقام المحمود المحمدي يوم القيامة، فلا يساويه بل ولا يدانيه أحد فيه، ويحصل له من التشريفات ما يغبطه بها الخلائق كلهم
8000	ذكر ما ورد في كلام الرب تعالى مع العلماء يوم فصل القضاء
8000	ذكر أول كلامه ﷿ مع المؤمنين
8000	فصل
8001	فصل في إبراز النيران، [والجنان]، ونصب الميزان، ومحاسبة الديان
8002	ذكر إبداء عنق من النار إلى المحشر فيطلع على الناس
8003	ذكر الميزان
8004	بيان كون الميزان له كفتان حسيتان مشاهدتان
8004	سياق آخر [لهذا الحديث]
8008	طريق أخرى عن عائشة ﵂
8011	فصل
8013	فصل
8013	ذكر العرض على الله ﷿ يوم القيامة، وتطاير الصحف ومحاسبة الرب ﷿ عباده
8016	فصل
8017	فصل
8020	فصل
8020	ذكر أول ما يقضى بين الناس فيه يوم القيامة ومن يناقش في الحساب، ومن يسامح فيه
8032	حديث فيه أن الله تعالى يصالح عن عبده الذي له به عناية من ظلمه بما يريه من قصور الجنة ونعيمها
8036	فصل
8037	فصل
8038	فصل
8041	ذكر من يدخل الجنة من هذه الأمة بغير حساب
8043	حديث آخر
8044	طريق أخرى عنه
8044	حديث آخر
8045	حديث آخر
8046	طريق أخرى عن أنس ﵁
8046	حديث آخر غريب
8046	حديث آخر
8047	طريق أخرى عنه
8047	حديث آخر
8048	حديث آخر
8049	حديث آخر
8049	حديث آخر رواه البيهقي في كتاب "البعث والنشور" من حديث الضحاك بن نبراس
8050	حديث آخر
8050	ذكر كيفية تفرق العباد عن موقف الحساب، وما إليه أمرهم يصير ففريق في الجنة، وفريق في السعير
8051	إيراد الأحاديت في ذلك
8056	فصل في ذكر الصراط، غير ما ذكر آنفا من الأحاديث الصحيحة
8061	فصل
8067	فصل
8072	فصل
8074	كتاب صفة النار وما فيها من العذاب الأليم أجارنا الله منها
8078	ذكر جهنم وشدة سوادها أجارنا الله منها
8079	طريق أخرى
8080	طريق أخرى بلفظ آخر
8085	طريق أخرى
8086	ذكر بعد قعر جهنم، واتساعها وضخامة أهلها أجارنا الله منها
8087	حديث آخر
8088	حديث آخر
8089	ذكر تعظيم خلقهم في النار [أعاذنا الله من النار]
8090	طريق أخرى
8090	طريق أخرى عنه
8091	طريق أخرى عنه
8092	ذكر أن البحر يسجر يوم القيامة ويكون من جملة جهنم
8092	ذكر أبواب جهنم، وصفة خزنتها، وزبانيتها أعاذنا الله من ذلك بما شاء
8094	ذكر سرادق النار وهو سورها المحيط بها وما فيها من المقامع والأغلال والسلاسل والأنكال أجارنا الله تعالى من ذلك جميعه
8098	ذكر طعام أهل النار [وشرابهم]
8099	ذكر أماكن في النار وردت بأسمائها أحاديث، وبيان صحيح ذلك وسقيمه
8101	سجن في جهنم يقال له: بولس
8101	جب الحزن
8101	جب الفلق
8101	ذكر وادي لملم
8102	ذكر نهر فيها هو منها بمنزلة نهر القلوط من أنهار الدنيا
8102	ذكر واد أو بئر فيها يقال له: هبهب
8102	ذكر ويل وصعود
8103	ذكر حياتها وعقاربها أعاذنا الله منها برحمته
8106	فصل
8107	ذكر بكاء أهل النار فيها
8108	قوله تعالى: ﴿تلفح وجوههم النار وهم فيها كالحون﴾
8108	أحاديث شتى في صفة النار وأهلها
8110	أثر غريب وسياق عجيب
8110	أثر آخر من أغرب الآثار عن كعب الأحبار
8112	ذكر الأحاديث الواردة في شفاعة رسول الله ﷺ يوم القيامة وبيان أنواعها وتعدادها
8117	باب طرق الأحاديث وألفاظها رواية أبي بن كعب
8117	رواية أنس بن مالك ﵁
8117	طريق أخرى عنه
8118	طريق أخرى عنه
8118	طريق أخرى
8119	طريق أخرى عنه
8120	طرق أخرى متعددة عنه
8122	طريق أخرى
8123	رواية بريدة بن الحصيب
8123	رواية جابر بن عبد الله
8123	طريق أخرى
8124	طريق أخرى
8125	طريق أخرى
8125	حديث عبادة بن الصامت ﵁
8126	رواية عبد الله بن عباس ﵄
8127	طريق أخرى عنه
8127	رواية عبد الله بن عمر بن الخطاب ﵄
8128	طريق أخرى
8128	رواية عبد الله بن عمرو بن العاص ﵄
8129	رواية عبد الله بن مسعود
8129	رواية عبد الرحمن بن أبي عقيل
8129	رواية أمير المؤمنين عثمان بن عفان ﵁
8130	رواية أمير المؤمنين علي بن أبي طالب ﵁
8130	رواية عوف بن مالك ﵁
8131	رواية كعب بن عجرة
8131	رواية أبي بكر الصديق ﵁
8132	رواية أبي سعيد الخدري
8133	طريق أخرى
8134	طريق أخرى
8135	رواية أبي هريرة
8135	طريق أخرى
8136	طريق أخرى
8137	طريق أخرى
8138	طريق أخرى
8139	رواية أم حبيبة
8139	ذكر شفاعة المؤمنين لأهاليهم
8141	طريق أخرى عن أنس
8141	ومن الأحاديث الواردة في شفاعة المؤمنين لأهاليهم
8145	حديث فيه شفاعة الأعمال لصاحبها عند الله يوم القيامة
8147	فصل في أصحاب الأعراف
8148	ذكر آخر من يخرج من النار
8150	فصل
8152	فصل
8154	ذكر صفة الجنة وما فيها من النعيم المقيم الدائم على الأبد
8154	ذكر ما ورد في عدد أبواب الجنة واتساعها وعظمة جناتها
8159	ذكر تعداد محال الجنة وارتفاعها واتساعها
8162	ذكر ما يكون لأدنى أهل الجنة منزلة وأعلاهم من اتساع الملك العظيم، والنعيم المقيم
8163	ذكر غرف الجنة، وارتفاعها، وعظمها نسأل الله من فضله المبسوط على خلقه في الدنيا والآخرة
8165	ذكر أعلى منزلة في الجنة وهي الوسيلة مقام الرسول ﷺ
8166	ذكر بنيان الجنة ومم قصورها؟
8170	ذكر الخيام في الجنة
8171	ذكر تربة الجنة
8173	ذكر أنهار الجنة وأشجارها وثمارها
8174	صفة الكوثر، وهو أشهر أنهار الجنة [سقانا الله منه بمنه وكرمه]
8176	رواية ابن عمر ﵄
8176	رواية ابن عباس ﵄
8176	رواية عائشة ﵂
8177	ذكر نهر البيذخ في الجنة
8178	نهر بارق على باب الجنة
8178	ذكر ما في الدنيا من أنهار الجنة
8179	فصل في أشجار الجنة
8181	طريق أخرى عن أبي هريرة
8181	طريق أخرى
8182	شجرة الخلد
8182	شجرة طوبى
8183	سدرة المنتهى
8184	فصل
8184	فصل في ثمار الجنة
8186	فصل
8187	ذكر طعام أهل الجنة، وأكلهم فيها وشربهم نسأل الله من فضله
8189	حديت آخر في ذلك عن جابر
8189	طريق ثالثة عن جابر ﵁
8189	طريق رابعة عن جابر ﵁
8190	أحاديث أخر شتى
8190	ذكر أول طعام يأكله أهل الجنة بعد دخولهم الجنة
8192	ذكر لباس أهل الجنة فيها وحليتهم وصفات ثيابهم نسأل الله من فضله
8196	صفة فرش أهل الجنة
8197	صفة الحور العين، وبنات آدم وشرفهن وفضلهن عليهن وكم لكل واحد منهن
8203	ما ورد من غناء الحور العين في الجنة
8204	ذكر جماع أهل الجنة لنسائهم من غير مني ولا أولاد إلإ إن شاء أحدهم الولد
8207	ذكر أن أهل الجنة لا يموتون ديها لكمال حياتهم، بل كل ما لهم في ازدياد من قوة الشباب، ونضرة الوجوه، وحسن الهيئة، وطيب العيش
8209	ذكر إحلال الرضوان عليهم وذلك أفضل ما لديهم
8209	ذكر نظر الرب تعالى إلى أهل الجنة وتسليمه عليهم
8211	ذكر رؤية أهل الجنة ربهم ﷿ في مثل أيام الجمع في مجتمع لهم معد لذلك هنالك
8217	ذكر سوق الجنة
8219	ذكر ريح الجنة وطيبه وانتشاره حتى إنه يشم من سنين عديدة، ومسافة بعيدة
8222	ذكر نور الجنة وبهائها وطيب فنائها وحسن منظرها في وقتي صباحها ومسائها
8223	ذكر الأمر بطلب الجنة وترغيب الله عباده فيها وأمرهم بالمبادرة إليها
8226	ذكر أن الجنة حفت بالمكاره وهي الأعمال الشاقة على الأنفس من فعل الواجبات والمستحبات
8227	فصل
8228	حديث أبي هريرة ﵁
8228	حديث أبي سعيد
8228	حديث أنس ﵁
8229	حديث عبد الله بن أبي أوفى، وهو حديث غريب
8229	حديث ابن عمر ﵄
8229	حديث أبي أمامة ﵁
8230	نوع آخر من السماع أعلى من الذي قبله
8231	نوع آخر أعلى مما عداه
8232	ذكر خيل الجنة
8234	ذكر تزاور أهل الجنة بعضهم بعضا وتذاكرهم أمورا كانت بينهم في الدنيا من طاعات وزلات
8238	ذكر أول من يدخل الجنة
8240	باب جامع لأحكام تتعلق بالجنة وأحاديث شتى وودت فيها
8242	ذكر دخول الفقراء الجنة قبل الأغنياء
8244	فصل
8246	فصل
8247	فصل
8250	فصل
8252	فصل في بيان وجود الجنة والنار وأنهما مخلوقتان موجودتان، خلافا لمن زعم خلاف ذلك
8255	فصل
8256	فصل